[debug] [2025-09-06T03:33:45.622Z] ----------------------------------------------------------------------
[debug] [2025-09-06T03:33:45.634Z] Command:       /Users/harryhou/.nvm/versions/node/v20.19.4/bin/node /Users/harryhou/.nvm/versions/node/v20.19.4/bin/firebase deploy --only functions
[debug] [2025-09-06T03:33:45.634Z] CLI Version:   14.12.0
[debug] [2025-09-06T03:33:45.634Z] Platform:      darwin
[debug] [2025-09-06T03:33:45.634Z] Node Version:  v20.19.4
[debug] [2025-09-06T03:33:45.634Z] Time:          Sat Sep 06 2025 11:33:45 GMT+0800 (Taiwan Standard Time)
[debug] [2025-09-06T03:33:45.635Z] ----------------------------------------------------------------------
[debug] 
[debug] [2025-09-06T03:33:45.818Z] > command requires scopes: ["email","openid","https://www.googleapis.com/auth/cloudplatformprojects.readonly","https://www.googleapis.com/auth/firebase","https://www.googleapis.com/auth/cloud-platform"]
[debug] [2025-09-06T03:33:45.819Z] > authorizing via signed-in user (houharry1107@gmail.com)
[debug] [2025-09-06T03:33:45.819Z] [iam] checking project yapyap-a750c for permissions ["cloudfunctions.functions.create","cloudfunctions.functions.delete","cloudfunctions.functions.get","cloudfunctions.functions.list","cloudfunctions.functions.update","cloudfunctions.operations.get","firebase.projects.get"]
[debug] [2025-09-06T03:33:45.820Z] Checked if tokens are valid: true, expires at: 1757133151971
[debug] [2025-09-06T03:33:45.821Z] Checked if tokens are valid: true, expires at: 1757133151971
[debug] [2025-09-06T03:33:45.822Z] >>> [apiv2][query] POST https://cloudresourcemanager.googleapis.com/v1/projects/yapyap-a750c:testIamPermissions [none]
[debug] [2025-09-06T03:33:45.822Z] >>> [apiv2][(partial)header] POST https://cloudresourcemanager.googleapis.com/v1/projects/yapyap-a750c:testIamPermissions x-goog-quota-user=projects/yapyap-a750c
[debug] [2025-09-06T03:33:45.822Z] >>> [apiv2][body] POST https://cloudresourcemanager.googleapis.com/v1/projects/yapyap-a750c:testIamPermissions {"permissions":["cloudfunctions.functions.create","cloudfunctions.functions.delete","cloudfunctions.functions.get","cloudfunctions.functions.list","cloudfunctions.functions.update","cloudfunctions.operations.get","firebase.projects.get"]}
[debug] [2025-09-06T03:33:46.187Z] <<< [apiv2][status] POST https://cloudresourcemanager.googleapis.com/v1/projects/yapyap-a750c:testIamPermissions 200
[debug] [2025-09-06T03:33:46.188Z] <<< [apiv2][body] POST https://cloudresourcemanager.googleapis.com/v1/projects/yapyap-a750c:testIamPermissions {"permissions":["cloudfunctions.functions.create","cloudfunctions.functions.delete","cloudfunctions.functions.get","cloudfunctions.functions.list","cloudfunctions.functions.update","cloudfunctions.operations.get","firebase.projects.get"]}
[debug] [2025-09-06T03:33:46.188Z] Checked if tokens are valid: true, expires at: 1757133151971
[debug] [2025-09-06T03:33:46.188Z] Checked if tokens are valid: true, expires at: 1757133151971
[debug] [2025-09-06T03:33:46.188Z] >>> [apiv2][query] POST https://iam.googleapis.com/v1/projects/yapyap-a750c/serviceAccounts/yapyap-a750c@appspot.gserviceaccount.com:testIamPermissions [none]
[debug] [2025-09-06T03:33:46.188Z] >>> [apiv2][body] POST https://iam.googleapis.com/v1/projects/yapyap-a750c/serviceAccounts/yapyap-a750c@appspot.gserviceaccount.com:testIamPermissions {"permissions":["iam.serviceAccounts.actAs"]}
[debug] [2025-09-06T03:33:47.276Z] <<< [apiv2][status] POST https://iam.googleapis.com/v1/projects/yapyap-a750c/serviceAccounts/yapyap-a750c@appspot.gserviceaccount.com:testIamPermissions 200
[debug] [2025-09-06T03:33:47.276Z] <<< [apiv2][body] POST https://iam.googleapis.com/v1/projects/yapyap-a750c/serviceAccounts/yapyap-a750c@appspot.gserviceaccount.com:testIamPermissions {"permissions":["iam.serviceAccounts.actAs"]}
[info] 
[info] === Deploying to 'yapyap-a750c'...
[info] 
[info] i  deploying functions 
[info] Running command: npm --prefix "$RESOURCE_DIR" run build
[info] ✔  functions: Finished running predeploy script. 
[debug] [2025-09-06T03:33:50.215Z] Checked if tokens are valid: true, expires at: 1757133151971
[debug] [2025-09-06T03:33:50.215Z] Checked if tokens are valid: true, expires at: 1757133151971
[debug] [2025-09-06T03:33:50.215Z] >>> [apiv2][query] GET https://cloudresourcemanager.googleapis.com/v1/projects/yapyap-a750c [none]
[debug] [2025-09-06T03:33:50.415Z] <<< [apiv2][status] GET https://cloudresourcemanager.googleapis.com/v1/projects/yapyap-a750c 200
[debug] [2025-09-06T03:33:50.416Z] <<< [apiv2][body] GET https://cloudresourcemanager.googleapis.com/v1/projects/yapyap-a750c {"projectNumber":"175735257281","projectId":"yapyap-a750c","lifecycleState":"ACTIVE","name":"yapyap","labels":{"firebase":"enabled","firebase-core":"disabled"},"createTime":"2025-07-23T13:28:16.281193Z"}
[info] i  functions: preparing codebase default for deployment 
[info] i  functions: ensuring required API cloudfunctions.googleapis.com is enabled... 
[info] i  functions: ensuring required API cloudbuild.googleapis.com is enabled... 
[info] i  artifactregistry: ensuring required API artifactregistry.googleapis.com is enabled... 
[debug] [2025-09-06T03:33:50.418Z] Checked if tokens are valid: true, expires at: 1757133151971
[debug] [2025-09-06T03:33:50.418Z] Checked if tokens are valid: true, expires at: 1757133151971
[debug] [2025-09-06T03:33:50.419Z] >>> [apiv2][query] GET https://firebase.googleapis.com/v1beta1/projects/yapyap-a750c/adminSdkConfig [none]
[debug] [2025-09-06T03:33:50.923Z] <<< [apiv2][status] GET https://firebase.googleapis.com/v1beta1/projects/yapyap-a750c/adminSdkConfig 200
[debug] [2025-09-06T03:33:50.923Z] <<< [apiv2][body] GET https://firebase.googleapis.com/v1beta1/projects/yapyap-a750c/adminSdkConfig {"projectId":"yapyap-a750c","storageBucket":"yapyap-a750c.firebasestorage.app"}
[debug] [2025-09-06T03:33:50.923Z] Checked if tokens are valid: true, expires at: 1757133151971
[debug] [2025-09-06T03:33:50.924Z] Checked if tokens are valid: true, expires at: 1757133151971
[debug] [2025-09-06T03:33:50.924Z] >>> [apiv2][query] GET https://runtimeconfig.googleapis.com/v1beta1/projects/yapyap-a750c/configs [none]
[debug] [2025-09-06T03:33:51.243Z] <<< [apiv2][status] GET https://runtimeconfig.googleapis.com/v1beta1/projects/yapyap-a750c/configs 200
[debug] [2025-09-06T03:33:51.243Z] <<< [apiv2][body] GET https://runtimeconfig.googleapis.com/v1beta1/projects/yapyap-a750c/configs {}
[debug] [2025-09-06T03:33:51.245Z] Validating nodejs source
[debug] [2025-09-06T03:33:53.039Z] > [functions] package.json contents: {
  "name": "functions",
  "private": true,
  "main": "lib/index.js",
  "type": "commonjs",
  "engines": {
    "node": "20"
  },
  "scripts": {
    "build": "tsc",
    "build:watch": "tsc --watch",
    "serve": "npm run build && firebase emulators:start --only functions",
    "shell": "npm run build && firebase functions:shell",
    "start": "npm run shell",
    "deploy": "npm run build && firebase deploy --only functions",
    "logs": "firebase functions:log"
  },
  "dependencies": {
    "expo-device": "~7.1.4",
    "expo-notifications": "~0.31.4",
    "firebase-admin": "^13.5.0",
    "firebase-functions": "^6.4.0"
  },
  "devDependencies": {
    "@types/node": "^24.3.1",
    "ts-node": "^10.9.2",
    "typescript": "^5.9.2"
  }
}
[debug] [2025-09-06T03:33:53.039Z] Building nodejs source
[info] i  functions: Loading and analyzing source code for codebase default to determine what to deploy 
[debug] [2025-09-06T03:33:53.041Z] Could not find functions.yaml. Must use http discovery
[debug] [2025-09-06T03:33:53.057Z] Found firebase-functions binary at '/Users/harryhou/Desktop/Yapyap/functions/node_modules/.bin/firebase-functions'
[info] Serving at port 8432

[debug] [2025-09-06T03:33:53.858Z] Got response from /__/functions.yaml {"endpoints":{"bumpCommentCountOnCreate":{"availableMemoryMb":null,"timeoutSeconds":null,"minInstances":null,"maxInstances":null,"ingressSettings":null,"concurrency":null,"serviceAccountEmail":null,"vpc":null,"platform":"gcfv2","region":["asia-east1"],"labels":{},"eventTrigger":{"eventType":"google.cloud.firestore.document.v1.created","eventFilters":{"database":"(default)","namespace":"(default)"},"eventFilterPathPatterns":{"document":"posts/{postId}/comments/{commentId}"},"retry":false},"entryPoint":"bumpCommentCountOnCreate"},"bumpCommentCountOnDelete":{"availableMemoryMb":null,"timeoutSeconds":null,"minInstances":null,"maxInstances":null,"ingressSettings":null,"concurrency":null,"serviceAccountEmail":null,"vpc":null,"platform":"gcfv2","region":["asia-east1"],"labels":{},"eventTrigger":{"eventType":"google.cloud.firestore.document.v1.deleted","eventFilters":{"database":"(default)","namespace":"(default)"},"eventFilterPathPatterns":{"document":"posts/{postId}/comments/{commentId}"},"retry":false},"entryPoint":"bumpCommentCountOnDelete"},"castVote":{"availableMemoryMb":null,"timeoutSeconds":null,"minInstances":null,"maxInstances":null,"ingressSettings":null,"concurrency":null,"serviceAccountEmail":null,"vpc":null,"platform":"gcfv2","region":["asia-east1"],"labels":{},"callableTrigger":{},"entryPoint":"castVote"}},"specVersion":"v1alpha1","requiredAPIs":[],"extensions":{}}
[info] i  extensions: ensuring required API firebaseextensions.googleapis.com is enabled... 
[debug] [2025-09-06T03:33:57.898Z] > command requires scopes: ["email","openid","https://www.googleapis.com/auth/cloudplatformprojects.readonly","https://www.googleapis.com/auth/firebase","https://www.googleapis.com/auth/cloud-platform"]
[debug] [2025-09-06T03:33:57.898Z] > authorizing via signed-in user (houharry1107@gmail.com)
[debug] [2025-09-06T03:33:57.898Z] [iam] checking project yapyap-a750c for permissions ["firebase.projects.get","firebaseextensions.instances.list"]
[debug] [2025-09-06T03:33:57.899Z] Checked if tokens are valid: true, expires at: 1757133151971
[debug] [2025-09-06T03:33:57.899Z] Checked if tokens are valid: true, expires at: 1757133151971
[debug] [2025-09-06T03:33:57.899Z] >>> [apiv2][query] POST https://cloudresourcemanager.googleapis.com/v1/projects/yapyap-a750c:testIamPermissions [none]
[debug] [2025-09-06T03:33:57.899Z] >>> [apiv2][(partial)header] POST https://cloudresourcemanager.googleapis.com/v1/projects/yapyap-a750c:testIamPermissions x-goog-quota-user=projects/yapyap-a750c
[debug] [2025-09-06T03:33:57.899Z] >>> [apiv2][body] POST https://cloudresourcemanager.googleapis.com/v1/projects/yapyap-a750c:testIamPermissions {"permissions":["firebase.projects.get","firebaseextensions.instances.list"]}
[debug] [2025-09-06T03:33:58.104Z] <<< [apiv2][status] POST https://cloudresourcemanager.googleapis.com/v1/projects/yapyap-a750c:testIamPermissions 200
[debug] [2025-09-06T03:33:58.104Z] <<< [apiv2][body] POST https://cloudresourcemanager.googleapis.com/v1/projects/yapyap-a750c:testIamPermissions {"permissions":["firebase.projects.get","firebaseextensions.instances.list"]}
[debug] [2025-09-06T03:33:58.105Z] Checked if tokens are valid: true, expires at: 1757133151971
[debug] [2025-09-06T03:33:58.105Z] Checked if tokens are valid: true, expires at: 1757133151971
[debug] [2025-09-06T03:33:58.106Z] >>> [apiv2][query] GET https://firebaseextensions.googleapis.com/v1beta/projects/yapyap-a750c/instances pageSize=100&pageToken=
[debug] [2025-09-06T03:33:59.647Z] <<< [apiv2][status] GET https://firebaseextensions.googleapis.com/v1beta/projects/yapyap-a750c/instances 200
[debug] [2025-09-06T03:33:59.648Z] <<< [apiv2][body] GET https://firebaseextensions.googleapis.com/v1beta/projects/yapyap-a750c/instances {}
[info] i  functions: preparing functions directory for uploading... 
[info] i  functions: packaged /Users/harryhou/Desktop/Yapyap/functions (54.6 KB) for uploading 
[debug] [2025-09-06T03:33:59.700Z] Checked if tokens are valid: true, expires at: 1757133151971
[debug] [2025-09-06T03:33:59.700Z] Checked if tokens are valid: true, expires at: 1757133151971
[debug] [2025-09-06T03:33:59.701Z] >>> [apiv2][query] GET https://cloudfunctions.googleapis.com/v1/projects/yapyap-a750c/locations/-/functions [none]
[debug] [2025-09-06T03:34:00.733Z] <<< [apiv2][status] GET https://cloudfunctions.googleapis.com/v1/projects/yapyap-a750c/locations/-/functions 200
[debug] [2025-09-06T03:34:00.733Z] <<< [apiv2][body] GET https://cloudfunctions.googleapis.com/v1/projects/yapyap-a750c/locations/-/functions {}
[debug] [2025-09-06T03:34:00.734Z] Checked if tokens are valid: true, expires at: 1757133151971
[debug] [2025-09-06T03:34:00.734Z] Checked if tokens are valid: true, expires at: 1757133151971
[debug] [2025-09-06T03:34:00.734Z] >>> [apiv2][query] GET https://cloudfunctions.googleapis.com/v2/projects/yapyap-a750c/locations/-/functions filter=environment%3D%22GEN_2%22
[debug] [2025-09-06T03:34:02.074Z] <<< [apiv2][status] GET https://cloudfunctions.googleapis.com/v2/projects/yapyap-a750c/locations/-/functions 200
[debug] [2025-09-06T03:34:02.074Z] <<< [apiv2][body] GET https://cloudfunctions.googleapis.com/v2/projects/yapyap-a750c/locations/-/functions {"functions":[{"name":"projects/yapyap-a750c/locations/asia-east1/functions/castVote","buildConfig":{"build":"projects/175735257281/locations/asia-east1/builds/a9bc3ea7-16b0-41ad-b23d-a4d323d8825e","runtime":"nodejs20","entryPoint":"castVote","source":{"storageSource":{"bucket":"gcf-v2-sources-175735257281-asia-east1","object":"castVote/function-source.zip","generation":"1754928477019272"}},"environmentVariables":{"GOOGLE_NODE_RUN_SCRIPTS":""},"dockerRepository":"projects/yapyap-a750c/locations/asia-east1/repositories/gcf-artifacts","sourceProvenance":{"resolvedStorageSource":{"bucket":"gcf-v2-sources-175735257281-asia-east1","object":"castVote/function-source.zip","generation":"1754928477019272"}},"dockerRegistry":"ARTIFACT_REGISTRY","serviceAccount":"projects/yapyap-a750c/serviceAccounts/175735257281-compute@developer.gserviceaccount.com","automaticUpdatePolicy":{}},"serviceConfig":{"service":"projects/yapyap-a750c/locations/asia-east1/services/castvote","timeoutSeconds":60,"environmentVariables":{"FIREBASE_CONFIG":"{\"projectId\":\"yapyap-a750c\",\"storageBucket\":\"yapyap-a750c.firebasestorage.app\"}","GCLOUD_PROJECT":"yapyap-a750c","EVENTARC_CLOUD_EVENT_SOURCE":"projects/yapyap-a750c/locations/asia-east1/services/castVote","FUNCTION_TARGET":"castVote","LOG_EXECUTION_ID":"true"},"maxInstanceCount":20,"ingressSettings":"ALLOW_ALL","uri":"https://castvote-tk66pv64oq-de.a.run.app","serviceAccountEmail":"175735257281-compute@developer.gserviceaccount.com","availableMemory":"256Mi","allTrafficOnLatestRevision":true,"revision":"castvote-00001-seh","maxInstanceRequestConcurrency":80,"availableCpu":"1"},"state":"ACTIVE","updateTime":"2025-08-11T16:09:01.607736356Z","labels":{"deployment-tool":"cli-firebase","deployment-callable":"true","firebase-functions-hash":"f9907e2116c2e1241c5b87ebb647caf25af52f28"},"environment":"GEN_2","url":"https://asia-east1-yapyap-a750c.cloudfunctions.net/castVote","createTime":"2025-08-11T16:07:57.457519256Z","satisfiesPzi":true},{"name":"projects/yapyap-a750c/locations/asia-east1/functions/bumpCommentCountOnDelete","buildConfig":{"build":"projects/175735257281/locations/asia-east1/builds/a9bc3ea7-16b0-41ad-b23d-a4d323d8825e","runtime":"nodejs20","entryPoint":"bumpCommentCountOnDelete","source":{"storageSource":{"bucket":"gcf-v2-sources-175735257281-asia-east1","object":"bumpCommentCountOnDelete/function-source.zip","generation":"1754928535301095"}},"environmentVariables":{"GOOGLE_NODE_RUN_SCRIPTS":""},"dockerRepository":"projects/yapyap-a750c/locations/asia-east1/repositories/gcf-artifacts","sourceProvenance":{"resolvedStorageSource":{"bucket":"gcf-v2-sources-175735257281-asia-east1","object":"bumpCommentCountOnDelete/function-source.zip","generation":"1754928535301095"}},"dockerRegistry":"ARTIFACT_REGISTRY","serviceAccount":"projects/yapyap-a750c/serviceAccounts/175735257281-compute@developer.gserviceaccount.com","automaticUpdatePolicy":{}},"serviceConfig":{"service":"projects/yapyap-a750c/locations/asia-east1/services/bumpcommentcountondelete","timeoutSeconds":60,"environmentVariables":{"FIREBASE_CONFIG":"{\"projectId\":\"yapyap-a750c\",\"storageBucket\":\"yapyap-a750c.firebasestorage.app\"}","GCLOUD_PROJECT":"yapyap-a750c","EVENTARC_CLOUD_EVENT_SOURCE":"projects/yapyap-a750c/locations/asia-east1/services/bumpCommentCountOnDelete","FUNCTION_SIGNATURE_TYPE":"cloudevent","FUNCTION_TARGET":"bumpCommentCountOnDelete","LOG_EXECUTION_ID":"true"},"maxInstanceCount":20,"ingressSettings":"ALLOW_ALL","uri":"https://bumpcommentcountondelete-tk66pv64oq-de.a.run.app","serviceAccountEmail":"175735257281-compute@developer.gserviceaccount.com","availableMemory":"256Mi","allTrafficOnLatestRevision":true,"revision":"bumpcommentcountondelete-00002-bub","maxInstanceRequestConcurrency":80,"availableCpu":"1"},"eventTrigger":{"trigger":"projects/yapyap-a750c/locations/asia-east1/triggers/bumpcommentcountondelete-473047","triggerRegion":"asia-east1","eventType":"google.cloud.firestore.document.v1.deleted","eventFilters":[{"attribute":"database","value":"(default)"},{"attribute":"namespace","value":"(default)"},{"attribute":"document","value":"posts/{postId}/comments/{commentId}","operator":"match-path-pattern"}],"pubsubTopic":"projects/yapyap-a750c/topics/eventarc-asia-east1-bumpcommentcountondelete-473047-014","serviceAccountEmail":"175735257281-compute@developer.gserviceaccount.com","retryPolicy":"RETRY_POLICY_DO_NOT_RETRY"},"state":"ACTIVE","updateTime":"2025-08-11T16:09:03.887711269Z","labels":{"deployment-tool":"cli-firebase","firebase-functions-hash":"f9907e2116c2e1241c5b87ebb647caf25af52f28"},"environment":"GEN_2","url":"https://asia-east1-yapyap-a750c.cloudfunctions.net/bumpCommentCountOnDelete","createTime":"2025-08-11T15:49:54.299924825Z","satisfiesPzi":true},{"name":"projects/yapyap-a750c/locations/asia-east1/functions/bumpCommentCountOnCreate","buildConfig":{"build":"projects/175735257281/locations/asia-east1/builds/a9bc3ea7-16b0-41ad-b23d-a4d323d8825e","runtime":"nodejs20","entryPoint":"bumpCommentCountOnCreate","source":{"storageSource":{"bucket":"gcf-v2-sources-175735257281-asia-east1","object":"bumpCommentCountOnCreate/function-source.zip","generation":"1754928535240601"}},"environmentVariables":{"GOOGLE_NODE_RUN_SCRIPTS":""},"dockerRepository":"projects/yapyap-a750c/locations/asia-east1/repositories/gcf-artifacts","sourceProvenance":{"resolvedStorageSource":{"bucket":"gcf-v2-sources-175735257281-asia-east1","object":"bumpCommentCountOnCreate/function-source.zip","generation":"1754928535240601"}},"dockerRegistry":"ARTIFACT_REGISTRY","serviceAccount":"projects/yapyap-a750c/serviceAccounts/175735257281-compute@developer.gserviceaccount.com","automaticUpdatePolicy":{}},"serviceConfig":{"service":"projects/yapyap-a750c/locations/asia-east1/services/bumpcommentcountoncreate","timeoutSeconds":60,"environmentVariables":{"FIREBASE_CONFIG":"{\"projectId\":\"yapyap-a750c\",\"storageBucket\":\"yapyap-a750c.firebasestorage.app\"}","GCLOUD_PROJECT":"yapyap-a750c","EVENTARC_CLOUD_EVENT_SOURCE":"projects/yapyap-a750c/locations/asia-east1/services/bumpCommentCountOnCreate","FUNCTION_SIGNATURE_TYPE":"cloudevent","FUNCTION_TARGET":"bumpCommentCountOnCreate","LOG_EXECUTION_ID":"true"},"maxInstanceCount":20,"ingressSettings":"ALLOW_ALL","uri":"https://bumpcommentcountoncreate-tk66pv64oq-de.a.run.app","serviceAccountEmail":"175735257281-compute@developer.gserviceaccount.com","availableMemory":"256Mi","allTrafficOnLatestRevision":true,"revision":"bumpcommentcountoncreate-00002-rem","maxInstanceRequestConcurrency":80,"availableCpu":"1"},"eventTrigger":{"trigger":"projects/yapyap-a750c/locations/asia-east1/triggers/bumpcommentcountoncreate-848324","triggerRegion":"asia-east1","eventType":"google.cloud.firestore.document.v1.created","eventFilters":[{"attribute":"database","value":"(default)"},{"attribute":"namespace","value":"(default)"},{"attribute":"document","value":"posts/{postId}/comments/{commentId}","operator":"match-path-pattern"}],"pubsubTopic":"projects/yapyap-a750c/topics/eventarc-asia-east1-bumpcommentcountoncreate-848324-470","serviceAccountEmail":"175735257281-compute@developer.gserviceaccount.com","retryPolicy":"RETRY_POLICY_DO_NOT_RETRY"},"state":"ACTIVE","updateTime":"2025-08-11T16:09:03.414456396Z","labels":{"firebase-functions-hash":"f9907e2116c2e1241c5b87ebb647caf25af52f28","deployment-tool":"cli-firebase"},"environment":"GEN_2","url":"https://asia-east1-yapyap-a750c.cloudfunctions.net/bumpCommentCountOnCreate","createTime":"2025-08-11T15:48:56.145311280Z","satisfiesPzi":true}]}
[debug] [2025-09-06T03:34:02.080Z] Checked if tokens are valid: true, expires at: 1757133151971
[debug] [2025-09-06T03:34:02.081Z] Checked if tokens are valid: true, expires at: 1757133151971
[debug] [2025-09-06T03:34:02.081Z] >>> [apiv2][query] GET https://firestore.googleapis.com/v1/projects/yapyap-a750c/databases/(default) [none]
[debug] [2025-09-06T03:34:02.217Z] <<< [apiv2][status] GET https://firestore.googleapis.com/v1/projects/yapyap-a750c/databases/(default) 200
[debug] [2025-09-06T03:34:02.218Z] <<< [apiv2][body] GET https://firestore.googleapis.com/v1/projects/yapyap-a750c/databases/(default) {"name":"projects/yapyap-a750c/databases/(default)","uid":"becd4b57-1b25-44e5-bf50-bbfd10dba86a","createTime":"2025-07-23T14:20:28.096321Z","updateTime":"2025-07-23T14:20:28.096321Z","locationId":"asia-east1","type":"FIRESTORE_NATIVE","concurrencyMode":"PESSIMISTIC","versionRetentionPeriod":"3600s","earliestVersionTime":"2025-09-06T02:34:06.544556Z","appEngineIntegrationMode":"DISABLED","keyPrefix":"zde","pointInTimeRecoveryEnablement":"POINT_IN_TIME_RECOVERY_DISABLED","deleteProtectionState":"DELETE_PROTECTION_DISABLED","databaseEdition":"STANDARD","freeTier":true,"etag":"IPqhoIOaw48DML6oge2W044D"}
[info] i  functions: ensuring required API run.googleapis.com is enabled... 
[info] i  functions: ensuring required API eventarc.googleapis.com is enabled... 
[info] i  functions: ensuring required API pubsub.googleapis.com is enabled... 
[info] i  functions: ensuring required API storage.googleapis.com is enabled... 
[info] i  functions: generating the service identity for pubsub.googleapis.com... 
[debug] [2025-09-06T03:34:02.220Z] Checked if tokens are valid: true, expires at: 1757133151971
[debug] [2025-09-06T03:34:02.220Z] Checked if tokens are valid: true, expires at: 1757133151971
[info] i  functions: generating the service identity for eventarc.googleapis.com... 
[debug] [2025-09-06T03:34:02.220Z] Checked if tokens are valid: true, expires at: 1757133151971
[debug] [2025-09-06T03:34:02.220Z] Checked if tokens are valid: true, expires at: 1757133151971
[debug] [2025-09-06T03:34:02.220Z] >>> [apiv2][query] POST https://serviceusage.googleapis.com/v1beta1/projects/175735257281/services/pubsub.googleapis.com:generateServiceIdentity [none]
[debug] [2025-09-06T03:34:02.220Z] >>> [apiv2][(partial)header] POST https://serviceusage.googleapis.com/v1beta1/projects/175735257281/services/pubsub.googleapis.com:generateServiceIdentity x-goog-quota-user=projects/175735257281
[debug] [2025-09-06T03:34:02.220Z] >>> [apiv2][body] POST https://serviceusage.googleapis.com/v1beta1/projects/175735257281/services/pubsub.googleapis.com:generateServiceIdentity {}
[debug] [2025-09-06T03:34:02.221Z] >>> [apiv2][query] POST https://serviceusage.googleapis.com/v1beta1/projects/175735257281/services/eventarc.googleapis.com:generateServiceIdentity [none]
[debug] [2025-09-06T03:34:02.221Z] >>> [apiv2][(partial)header] POST https://serviceusage.googleapis.com/v1beta1/projects/175735257281/services/eventarc.googleapis.com:generateServiceIdentity x-goog-quota-user=projects/175735257281
[debug] [2025-09-06T03:34:02.222Z] >>> [apiv2][body] POST https://serviceusage.googleapis.com/v1beta1/projects/175735257281/services/eventarc.googleapis.com:generateServiceIdentity {}
[debug] [2025-09-06T03:34:02.629Z] <<< [apiv2][status] POST https://serviceusage.googleapis.com/v1beta1/projects/175735257281/services/eventarc.googleapis.com:generateServiceIdentity 200
[debug] [2025-09-06T03:34:02.629Z] <<< [apiv2][body] POST https://serviceusage.googleapis.com/v1beta1/projects/175735257281/services/eventarc.googleapis.com:generateServiceIdentity {"name":"operations/finished.DONE_OPERATION","done":true,"response":{"@type":"type.googleapis.com/google.api.serviceusage.v1beta1.ServiceIdentity","email":"service-175735257281@gcp-sa-eventarc.iam.gserviceaccount.com","uniqueId":"103843826293465675803"}}
[debug] [2025-09-06T03:34:03.406Z] <<< [apiv2][status] POST https://serviceusage.googleapis.com/v1beta1/projects/175735257281/services/pubsub.googleapis.com:generateServiceIdentity 200
[debug] [2025-09-06T03:34:03.406Z] <<< [apiv2][body] POST https://serviceusage.googleapis.com/v1beta1/projects/175735257281/services/pubsub.googleapis.com:generateServiceIdentity {"name":"operations/finished.DONE_OPERATION","done":true,"response":{"@type":"type.googleapis.com/google.api.serviceusage.v1beta1.ServiceIdentity","email":"service-175735257281@gcp-sa-pubsub.iam.gserviceaccount.com","uniqueId":"116052344516734698394"}}
[debug] [2025-09-06T03:34:03.410Z] Checked if tokens are valid: true, expires at: 1757133151971
[debug] [2025-09-06T03:34:03.410Z] Checked if tokens are valid: true, expires at: 1757133151971
[debug] [2025-09-06T03:34:03.410Z] >>> [apiv2][query] GET https://cloudresourcemanager.googleapis.com/v1/projects/yapyap-a750c [none]
[debug] [2025-09-06T03:34:03.657Z] <<< [apiv2][status] GET https://cloudresourcemanager.googleapis.com/v1/projects/yapyap-a750c 200
[debug] [2025-09-06T03:34:03.657Z] <<< [apiv2][body] GET https://cloudresourcemanager.googleapis.com/v1/projects/yapyap-a750c {"projectNumber":"175735257281","projectId":"yapyap-a750c","lifecycleState":"ACTIVE","name":"yapyap","labels":{"firebase":"enabled","firebase-core":"disabled"},"createTime":"2025-07-23T13:28:16.281193Z"}
[debug] [2025-09-06T03:34:03.658Z] Checked if tokens are valid: true, expires at: 1757133151971
[debug] [2025-09-06T03:34:03.658Z] Checked if tokens are valid: true, expires at: 1757133151971
[debug] [2025-09-06T03:34:03.658Z] >>> [apiv2][query] GET https://compute.googleapis.com/compute/v1/projects/175735257281 [none]
[debug] [2025-09-06T03:34:03.912Z] <<< [apiv2][status] GET https://compute.googleapis.com/compute/v1/projects/175735257281 403
[debug] [2025-09-06T03:34:03.912Z] <<< [apiv2][body] GET https://compute.googleapis.com/compute/v1/projects/175735257281 {"error":{"code":403,"message":"Compute Engine API has not been used in project 175735257281 before or it is disabled. Enable it by visiting https://console.developers.google.com/apis/api/compute.googleapis.com/overview?project=175735257281 then retry. If you enabled this API recently, wait a few minutes for the action to propagate to our systems and retry.","errors":[{"message":"Compute Engine API has not been used in project 175735257281 before or it is disabled. Enable it by visiting https://console.developers.google.com/apis/api/compute.googleapis.com/overview?project=175735257281 then retry. If you enabled this API recently, wait a few minutes for the action to propagate to our systems and retry.","domain":"usageLimits","reason":"accessNotConfigured","extendedHelp":"https://console.developers.google.com"}],"status":"PERMISSION_DENIED","details":[{"@type":"type.googleapis.com/google.rpc.ErrorInfo","reason":"SERVICE_DISABLED","domain":"googleapis.com","metadata":{"containerInfo":"175735257281","activationUrl":"https://console.developers.google.com/apis/api/compute.googleapis.com/overview?project=175735257281","serviceTitle":"Compute Engine API","consumer":"projects/175735257281","service":"compute.googleapis.com"}},{"@type":"type.googleapis.com/google.rpc.LocalizedMessage","locale":"en-US","message":"Compute Engine API has not been used in project 175735257281 before or it is disabled. Enable it by visiting https://console.developers.google.com/apis/api/compute.googleapis.com/overview?project=175735257281 then retry. If you enabled this API recently, wait a few minutes for the action to propagate to our systems and retry."},{"@type":"type.googleapis.com/google.rpc.Help","links":[{"description":"Google developers console API activation","url":"https://console.developers.google.com/apis/api/compute.googleapis.com/overview?project=175735257281"}]}]}}
[debug] [2025-09-06T03:34:03.914Z] unable to look up default compute service account. Falling back to 175735257281-compute@developer.gserviceaccount.com. Error: {"name":"FirebaseError","children":[],"context":{"body":{"error":{"code":403,"message":"Compute Engine API has not been used in project 175735257281 before or it is disabled. Enable it by visiting https://console.developers.google.com/apis/api/compute.googleapis.com/overview?project=175735257281 then retry. If you enabled this API recently, wait a few minutes for the action to propagate to our systems and retry.","errors":[{"message":"Compute Engine API has not been used in project 175735257281 before or it is disabled. Enable it by visiting https://console.developers.google.com/apis/api/compute.googleapis.com/overview?project=175735257281 then retry. If you enabled this API recently, wait a few minutes for the action to propagate to our systems and retry.","domain":"usageLimits","reason":"accessNotConfigured","extendedHelp":"https://console.developers.google.com"}],"status":"PERMISSION_DENIED","details":[{"@type":"type.googleapis.com/google.rpc.ErrorInfo","reason":"SERVICE_DISABLED","domain":"googleapis.com","metadata":{"containerInfo":"175735257281","activationUrl":"https://console.developers.google.com/apis/api/compute.googleapis.com/overview?project=175735257281","serviceTitle":"Compute Engine API","consumer":"projects/175735257281","service":"compute.googleapis.com"}},{"@type":"type.googleapis.com/google.rpc.LocalizedMessage","locale":"en-US","message":"Compute Engine API has not been used in project 175735257281 before or it is disabled. Enable it by visiting https://console.developers.google.com/apis/api/compute.googleapis.com/overview?project=175735257281 then retry. If you enabled this API recently, wait a few minutes for the action to propagate to our systems and retry."},{"@type":"type.googleapis.com/google.rpc.Help","links":[{"description":"Google developers console API activation","url":"https://console.developers.google.com/apis/api/compute.googleapis.com/overview?project=175735257281"}]}]}},"response":{"statusCode":403}},"exit":1,"message":"Request to https://compute.googleapis.com/compute/v1/projects/175735257281 had HTTP Error: 403, Compute Engine API has not been used in project 175735257281 before or it is disabled. Enable it by visiting https://console.developers.google.com/apis/api/compute.googleapis.com/overview?project=175735257281 then retry. If you enabled this API recently, wait a few minutes for the action to propagate to our systems and retry.","status":403}
[debug] [2025-09-06T03:34:03.914Z] Checked if tokens are valid: true, expires at: 1757133151971
[debug] [2025-09-06T03:34:03.914Z] Checked if tokens are valid: true, expires at: 1757133151971
[debug] [2025-09-06T03:34:03.914Z] >>> [apiv2][query] GET https://compute.googleapis.com/compute/v1/projects/175735257281 [none]
[debug] [2025-09-06T03:34:04.116Z] <<< [apiv2][status] GET https://compute.googleapis.com/compute/v1/projects/175735257281 403
[debug] [2025-09-06T03:34:04.116Z] <<< [apiv2][body] GET https://compute.googleapis.com/compute/v1/projects/175735257281 {"error":{"code":403,"message":"Compute Engine API has not been used in project 175735257281 before or it is disabled. Enable it by visiting https://console.developers.google.com/apis/api/compute.googleapis.com/overview?project=175735257281 then retry. If you enabled this API recently, wait a few minutes for the action to propagate to our systems and retry.","errors":[{"message":"Compute Engine API has not been used in project 175735257281 before or it is disabled. Enable it by visiting https://console.developers.google.com/apis/api/compute.googleapis.com/overview?project=175735257281 then retry. If you enabled this API recently, wait a few minutes for the action to propagate to our systems and retry.","domain":"usageLimits","reason":"accessNotConfigured","extendedHelp":"https://console.developers.google.com"}],"status":"PERMISSION_DENIED","details":[{"@type":"type.googleapis.com/google.rpc.ErrorInfo","reason":"SERVICE_DISABLED","domain":"googleapis.com","metadata":{"containerInfo":"175735257281","service":"compute.googleapis.com","consumer":"projects/175735257281","serviceTitle":"Compute Engine API","activationUrl":"https://console.developers.google.com/apis/api/compute.googleapis.com/overview?project=175735257281"}},{"@type":"type.googleapis.com/google.rpc.LocalizedMessage","locale":"en-US","message":"Compute Engine API has not been used in project 175735257281 before or it is disabled. Enable it by visiting https://console.developers.google.com/apis/api/compute.googleapis.com/overview?project=175735257281 then retry. If you enabled this API recently, wait a few minutes for the action to propagate to our systems and retry."},{"@type":"type.googleapis.com/google.rpc.Help","links":[{"description":"Google developers console API activation","url":"https://console.developers.google.com/apis/api/compute.googleapis.com/overview?project=175735257281"}]}]}}
[debug] [2025-09-06T03:34:04.116Z] unable to look up default compute service account. Falling back to 175735257281-compute@developer.gserviceaccount.com. Error: {"name":"FirebaseError","children":[],"context":{"body":{"error":{"code":403,"message":"Compute Engine API has not been used in project 175735257281 before or it is disabled. Enable it by visiting https://console.developers.google.com/apis/api/compute.googleapis.com/overview?project=175735257281 then retry. If you enabled this API recently, wait a few minutes for the action to propagate to our systems and retry.","errors":[{"message":"Compute Engine API has not been used in project 175735257281 before or it is disabled. Enable it by visiting https://console.developers.google.com/apis/api/compute.googleapis.com/overview?project=175735257281 then retry. If you enabled this API recently, wait a few minutes for the action to propagate to our systems and retry.","domain":"usageLimits","reason":"accessNotConfigured","extendedHelp":"https://console.developers.google.com"}],"status":"PERMISSION_DENIED","details":[{"@type":"type.googleapis.com/google.rpc.ErrorInfo","reason":"SERVICE_DISABLED","domain":"googleapis.com","metadata":{"containerInfo":"175735257281","service":"compute.googleapis.com","consumer":"projects/175735257281","serviceTitle":"Compute Engine API","activationUrl":"https://console.developers.google.com/apis/api/compute.googleapis.com/overview?project=175735257281"}},{"@type":"type.googleapis.com/google.rpc.LocalizedMessage","locale":"en-US","message":"Compute Engine API has not been used in project 175735257281 before or it is disabled. Enable it by visiting https://console.developers.google.com/apis/api/compute.googleapis.com/overview?project=175735257281 then retry. If you enabled this API recently, wait a few minutes for the action to propagate to our systems and retry."},{"@type":"type.googleapis.com/google.rpc.Help","links":[{"description":"Google developers console API activation","url":"https://console.developers.google.com/apis/api/compute.googleapis.com/overview?project=175735257281"}]}]}},"response":{"statusCode":403}},"exit":1,"message":"Request to https://compute.googleapis.com/compute/v1/projects/175735257281 had HTTP Error: 403, Compute Engine API has not been used in project 175735257281 before or it is disabled. Enable it by visiting https://console.developers.google.com/apis/api/compute.googleapis.com/overview?project=175735257281 then retry. If you enabled this API recently, wait a few minutes for the action to propagate to our systems and retry.","status":403}
[debug] [2025-09-06T03:34:04.117Z] Checked if tokens are valid: true, expires at: 1757133151971
[debug] [2025-09-06T03:34:04.117Z] Checked if tokens are valid: true, expires at: 1757133151971
[debug] [2025-09-06T03:34:04.117Z] >>> [apiv2][query] GET https://compute.googleapis.com/compute/v1/projects/175735257281 [none]
[debug] [2025-09-06T03:34:04.315Z] <<< [apiv2][status] GET https://compute.googleapis.com/compute/v1/projects/175735257281 403
[debug] [2025-09-06T03:34:04.315Z] <<< [apiv2][body] GET https://compute.googleapis.com/compute/v1/projects/175735257281 {"error":{"code":403,"message":"Compute Engine API has not been used in project 175735257281 before or it is disabled. Enable it by visiting https://console.developers.google.com/apis/api/compute.googleapis.com/overview?project=175735257281 then retry. If you enabled this API recently, wait a few minutes for the action to propagate to our systems and retry.","errors":[{"message":"Compute Engine API has not been used in project 175735257281 before or it is disabled. Enable it by visiting https://console.developers.google.com/apis/api/compute.googleapis.com/overview?project=175735257281 then retry. If you enabled this API recently, wait a few minutes for the action to propagate to our systems and retry.","domain":"usageLimits","reason":"accessNotConfigured","extendedHelp":"https://console.developers.google.com"}],"status":"PERMISSION_DENIED","details":[{"@type":"type.googleapis.com/google.rpc.ErrorInfo","reason":"SERVICE_DISABLED","domain":"googleapis.com","metadata":{"serviceTitle":"Compute Engine API","activationUrl":"https://console.developers.google.com/apis/api/compute.googleapis.com/overview?project=175735257281","consumer":"projects/175735257281","containerInfo":"175735257281","service":"compute.googleapis.com"}},{"@type":"type.googleapis.com/google.rpc.LocalizedMessage","locale":"en-US","message":"Compute Engine API has not been used in project 175735257281 before or it is disabled. Enable it by visiting https://console.developers.google.com/apis/api/compute.googleapis.com/overview?project=175735257281 then retry. If you enabled this API recently, wait a few minutes for the action to propagate to our systems and retry."},{"@type":"type.googleapis.com/google.rpc.Help","links":[{"description":"Google developers console API activation","url":"https://console.developers.google.com/apis/api/compute.googleapis.com/overview?project=175735257281"}]}]}}
[debug] [2025-09-06T03:34:04.316Z] unable to look up default compute service account. Falling back to 175735257281-compute@developer.gserviceaccount.com. Error: {"name":"FirebaseError","children":[],"context":{"body":{"error":{"code":403,"message":"Compute Engine API has not been used in project 175735257281 before or it is disabled. Enable it by visiting https://console.developers.google.com/apis/api/compute.googleapis.com/overview?project=175735257281 then retry. If you enabled this API recently, wait a few minutes for the action to propagate to our systems and retry.","errors":[{"message":"Compute Engine API has not been used in project 175735257281 before or it is disabled. Enable it by visiting https://console.developers.google.com/apis/api/compute.googleapis.com/overview?project=175735257281 then retry. If you enabled this API recently, wait a few minutes for the action to propagate to our systems and retry.","domain":"usageLimits","reason":"accessNotConfigured","extendedHelp":"https://console.developers.google.com"}],"status":"PERMISSION_DENIED","details":[{"@type":"type.googleapis.com/google.rpc.ErrorInfo","reason":"SERVICE_DISABLED","domain":"googleapis.com","metadata":{"serviceTitle":"Compute Engine API","activationUrl":"https://console.developers.google.com/apis/api/compute.googleapis.com/overview?project=175735257281","consumer":"projects/175735257281","containerInfo":"175735257281","service":"compute.googleapis.com"}},{"@type":"type.googleapis.com/google.rpc.LocalizedMessage","locale":"en-US","message":"Compute Engine API has not been used in project 175735257281 before or it is disabled. Enable it by visiting https://console.developers.google.com/apis/api/compute.googleapis.com/overview?project=175735257281 then retry. If you enabled this API recently, wait a few minutes for the action to propagate to our systems and retry."},{"@type":"type.googleapis.com/google.rpc.Help","links":[{"description":"Google developers console API activation","url":"https://console.developers.google.com/apis/api/compute.googleapis.com/overview?project=175735257281"}]}]}},"response":{"statusCode":403}},"exit":1,"message":"Request to https://compute.googleapis.com/compute/v1/projects/175735257281 had HTTP Error: 403, Compute Engine API has not been used in project 175735257281 before or it is disabled. Enable it by visiting https://console.developers.google.com/apis/api/compute.googleapis.com/overview?project=175735257281 then retry. If you enabled this API recently, wait a few minutes for the action to propagate to our systems and retry.","status":403}
[debug] [2025-09-06T03:34:04.318Z] Checked if tokens are valid: true, expires at: 1757133151971
[debug] [2025-09-06T03:34:04.318Z] Checked if tokens are valid: true, expires at: 1757133151971
[debug] [2025-09-06T03:34:04.318Z] >>> [apiv2][query] GET https://cloudbilling.googleapis.com/v1/projects/yapyap-a750c/billingInfo [none]
[debug] [2025-09-06T03:34:05.351Z] <<< [apiv2][status] GET https://cloudbilling.googleapis.com/v1/projects/yapyap-a750c/billingInfo 200
[debug] [2025-09-06T03:34:05.351Z] <<< [apiv2][body] GET https://cloudbilling.googleapis.com/v1/projects/yapyap-a750c/billingInfo {"name":"projects/yapyap-a750c/billingInfo","projectId":"yapyap-a750c","billingAccountName":"billingAccounts/01D957-8B6F20-6D6057","billingEnabled":true}
[debug] [2025-09-06T03:34:05.354Z] Checked if tokens are valid: true, expires at: 1757133151971
[debug] [2025-09-06T03:34:05.354Z] Checked if tokens are valid: true, expires at: 1757133151971
[debug] [2025-09-06T03:34:05.355Z] >>> [apiv2][query] POST https://cloudfunctions.googleapis.com/v2/projects/yapyap-a750c/locations/asia-east1/functions:generateUploadUrl [none]
[debug] [2025-09-06T03:34:05.506Z] <<< [apiv2][status] POST https://cloudfunctions.googleapis.com/v2/projects/yapyap-a750c/locations/asia-east1/functions:generateUploadUrl 200
[debug] [2025-09-06T03:34:05.506Z] <<< [apiv2][body] POST https://cloudfunctions.googleapis.com/v2/projects/yapyap-a750c/locations/asia-east1/functions:generateUploadUrl {"uploadUrl":"https://storage.googleapis.com/gcf-v2-uploads-175735257281.asia-east1.cloudfunctions.appspot.com/ecbef246-fced-4a84-b782-b8632cd3c136.zip?GoogleAccessId=service-175735257281@gcf-admin-robot.iam.gserviceaccount.com&Expires=1757131449&Signature=O%2FNYPhCqbF4u70dCLy9wSKnU0o%2BpAvpRju3dpqe4dGNuhUa7fFI95dGcG2ufaioxOn%2BuZIslYhKgCwfIiX2ggUU63NHf1RihI8Tp6iibyuSOyXPZuEGpInD9vjusv44G6of4kTL8e8JJ1PRZdx1d3UJbanGUyRZ0x6D9S8MVHyLa5UbwG8uA%2F%2B5nsXzcwKHX9Thjd4IBak1vTNfCt%2Fs1w%2BzMZVhjFUiIOU5KhSb2Sze3phgJwJAM1JykG%2F8TxDyzwcPCLyVIGNGXzCmuUBYAOvERQbqgtU5vaY0GCncqZoOuCas0QUQwgGCoGOfvb0jsfu%2BQeC9p9KDKys3WEAEqYg%3D%3D","storageSource":{"bucket":"gcf-v2-uploads-175735257281.asia-east1.cloudfunctions.appspot.com","object":"ecbef246-fced-4a84-b782-b8632cd3c136.zip"}}
[debug] [2025-09-06T03:34:05.509Z] >>> [apiv2][query] PUT https://storage.googleapis.com/gcf-v2-uploads-175735257281.asia-east1.cloudfunctions.appspot.com/ecbef246-fced-4a84-b782-b8632cd3c136.zip GoogleAccessId=service-175735257281%40gcf-admin-robot.iam.gserviceaccount.com&Expires=1757131449&Signature=O%2FNYPhCqbF4u70dCLy9wSKnU0o%2BpAvpRju3dpqe4dGNuhUa7fFI95dGcG2ufaioxOn%2BuZIslYhKgCwfIiX2ggUU63NHf1RihI8Tp6iibyuSOyXPZuEGpInD9vjusv44G6of4kTL8e8JJ1PRZdx1d3UJbanGUyRZ0x6D9S8MVHyLa5UbwG8uA%2F%2B5nsXzcwKHX9Thjd4IBak1vTNfCt%2Fs1w%2BzMZVhjFUiIOU5KhSb2Sze3phgJwJAM1JykG%2F8TxDyzwcPCLyVIGNGXzCmuUBYAOvERQbqgtU5vaY0GCncqZoOuCas0QUQwgGCoGOfvb0jsfu%2BQeC9p9KDKys3WEAEqYg%3D%3D
[debug] [2025-09-06T03:34:05.509Z] >>> [apiv2][body] PUT https://storage.googleapis.com/gcf-v2-uploads-175735257281.asia-east1.cloudfunctions.appspot.com/ecbef246-fced-4a84-b782-b8632cd3c136.zip [stream]
[debug] [2025-09-06T03:34:05.725Z] <<< [apiv2][status] PUT https://storage.googleapis.com/gcf-v2-uploads-175735257281.asia-east1.cloudfunctions.appspot.com/ecbef246-fced-4a84-b782-b8632cd3c136.zip 200
[debug] [2025-09-06T03:34:05.725Z] <<< [apiv2][body] PUT https://storage.googleapis.com/gcf-v2-uploads-175735257281.asia-east1.cloudfunctions.appspot.com/ecbef246-fced-4a84-b782-b8632cd3c136.zip [omitted]
[info] ✔  functions: functions folder uploaded successfully 
[info] i  functions: updating Node.js 20 (2nd Gen) function bumpCommentCountOnCreate(asia-east1)... 
[info] i  functions: updating Node.js 20 (2nd Gen) function bumpCommentCountOnDelete(asia-east1)... 
[info] i  functions: updating Node.js 20 (2nd Gen) function castVote(asia-east1)... 
[debug] [2025-09-06T03:34:05.734Z] Checked if tokens are valid: true, expires at: 1757133151971
[debug] [2025-09-06T03:34:05.734Z] Checked if tokens are valid: true, expires at: 1757133151971
[debug] [2025-09-06T03:34:05.734Z] >>> [apiv2][query] PATCH https://cloudfunctions.googleapis.com/v2/projects/yapyap-a750c/locations/asia-east1/functions/bumpCommentCountOnCreate updateMask=name%2CbuildConfig.runtime%2CbuildConfig.entryPoint%2CbuildConfig.source.storageSource.bucket%2CbuildConfig.source.storageSource.object%2CbuildConfig.environmentVariables%2CbuildConfig.sourceToken%2CserviceConfig.environmentVariables%2CserviceConfig.ingressSettings%2CserviceConfig.timeoutSeconds%2CserviceConfig.serviceAccountEmail%2CserviceConfig.availableMemory%2CserviceConfig.minInstanceCount%2CserviceConfig.maxInstanceCount%2CserviceConfig.maxInstanceRequestConcurrency%2CserviceConfig.availableCpu%2CserviceConfig.vpcConnector%2CserviceConfig.vpcConnectorEgressSettings%2Clabels%2CeventTrigger.eventType%2CeventTrigger.retryPolicy%2CeventTrigger.eventFilters%2CeventTrigger.triggerRegion
[debug] [2025-09-06T03:34:05.734Z] >>> [apiv2][body] PATCH https://cloudfunctions.googleapis.com/v2/projects/yapyap-a750c/locations/asia-east1/functions/bumpCommentCountOnCreate {"name":"projects/yapyap-a750c/locations/asia-east1/functions/bumpCommentCountOnCreate","buildConfig":{"runtime":"nodejs20","entryPoint":"bumpCommentCountOnCreate","source":{"storageSource":{"bucket":"gcf-v2-uploads-175735257281.asia-east1.cloudfunctions.appspot.com","object":"ecbef246-fced-4a84-b782-b8632cd3c136.zip"}},"environmentVariables":{"GOOGLE_NODE_RUN_SCRIPTS":""}},"serviceConfig":{"environmentVariables":{"FIREBASE_CONFIG":"{\"projectId\":\"yapyap-a750c\",\"storageBucket\":\"yapyap-a750c.firebasestorage.app\"}","GCLOUD_PROJECT":"yapyap-a750c","EVENTARC_CLOUD_EVENT_SOURCE":"projects/yapyap-a750c/locations/asia-east1/services/bumpCommentCountOnCreate","FUNCTION_SIGNATURE_TYPE":"cloudevent","FUNCTION_TARGET":"bumpCommentCountOnCreate","LOG_EXECUTION_ID":"true"},"ingressSettings":null,"timeoutSeconds":null,"serviceAccountEmail":null,"availableMemory":"256Mi","minInstanceCount":null,"maxInstanceCount":null,"maxInstanceRequestConcurrency":80,"availableCpu":"1","vpcConnector":null,"vpcConnectorEgressSettings":null},"labels":{"deployment-tool":"cli-firebase","firebase-functions-hash":"e62397ea8c5801aa87c08837152fdb9b7b84fe02"},"eventTrigger":{"eventType":"google.cloud.firestore.document.v1.created","retryPolicy":"RETRY_POLICY_DO_NOT_RETRY","eventFilters":[{"attribute":"database","value":"(default)"},{"attribute":"namespace","value":"(default)"},{"attribute":"document","value":"posts/{postId}/comments/{commentId}","operator":"match-path-pattern"}],"triggerRegion":"asia-east1"}}
[debug] [2025-09-06T03:34:07.249Z] <<< [apiv2][status] PATCH https://cloudfunctions.googleapis.com/v2/projects/yapyap-a750c/locations/asia-east1/functions/bumpCommentCountOnCreate 200
[debug] [2025-09-06T03:34:07.249Z] <<< [apiv2][body] PATCH https://cloudfunctions.googleapis.com/v2/projects/yapyap-a750c/locations/asia-east1/functions/bumpCommentCountOnCreate {"name":"projects/yapyap-a750c/locations/asia-east1/operations/operation-1757129650131-63e19a09ed334-b7d0e802-23e5cd29","metadata":{"@type":"type.googleapis.com/google.cloud.functions.v2.OperationMetadata","createTime":"2025-09-06T03:34:11.559422024Z","target":"projects/yapyap-a750c/locations/asia-east1/functions/bumpCommentCountOnCreate","verb":"update","cancelRequested":false,"apiVersion":"v2"},"done":false}
[debug] [2025-09-06T03:34:07.250Z] Checked if tokens are valid: true, expires at: 1757133151971
[debug] [2025-09-06T03:34:07.250Z] Checked if tokens are valid: true, expires at: 1757133151971
[debug] [2025-09-06T03:34:07.251Z] >>> [apiv2][query] GET https://cloudfunctions.googleapis.com/v2/projects/yapyap-a750c/locations/asia-east1/operations/operation-1757129650131-63e19a09ed334-b7d0e802-23e5cd29 [none]
[debug] [2025-09-06T03:34:07.317Z] <<< [apiv2][status] GET https://cloudfunctions.googleapis.com/v2/projects/yapyap-a750c/locations/asia-east1/operations/operation-1757129650131-63e19a09ed334-b7d0e802-23e5cd29 200
[debug] [2025-09-06T03:34:07.317Z] <<< [apiv2][body] GET https://cloudfunctions.googleapis.com/v2/projects/yapyap-a750c/locations/asia-east1/operations/operation-1757129650131-63e19a09ed334-b7d0e802-23e5cd29 {"name":"projects/yapyap-a750c/locations/asia-east1/operations/operation-1757129650131-63e19a09ed334-b7d0e802-23e5cd29","metadata":{"@type":"type.googleapis.com/google.cloud.functions.v2.OperationMetadata","createTime":"2025-09-06T03:34:11.559422024Z","target":"projects/yapyap-a750c/locations/asia-east1/functions/bumpCommentCountOnCreate","verb":"update","cancelRequested":false,"apiVersion":"v2"},"done":false}
[debug] [2025-09-06T03:34:07.819Z] [update-default-asia-east1-bumpCommentCountOnCreate] Retrying task index 0
[debug] [2025-09-06T03:34:07.819Z] Checked if tokens are valid: true, expires at: 1757133151971
[debug] [2025-09-06T03:34:07.819Z] Checked if tokens are valid: true, expires at: 1757133151971
[debug] [2025-09-06T03:34:07.820Z] >>> [apiv2][query] GET https://cloudfunctions.googleapis.com/v2/projects/yapyap-a750c/locations/asia-east1/operations/operation-1757129650131-63e19a09ed334-b7d0e802-23e5cd29 [none]
[debug] [2025-09-06T03:34:07.886Z] <<< [apiv2][status] GET https://cloudfunctions.googleapis.com/v2/projects/yapyap-a750c/locations/asia-east1/operations/operation-1757129650131-63e19a09ed334-b7d0e802-23e5cd29 200
[debug] [2025-09-06T03:34:07.887Z] <<< [apiv2][body] GET https://cloudfunctions.googleapis.com/v2/projects/yapyap-a750c/locations/asia-east1/operations/operation-1757129650131-63e19a09ed334-b7d0e802-23e5cd29 {"name":"projects/yapyap-a750c/locations/asia-east1/operations/operation-1757129650131-63e19a09ed334-b7d0e802-23e5cd29","metadata":{"@type":"type.googleapis.com/google.cloud.functions.v2.OperationMetadata","createTime":"2025-09-06T03:34:11.559422024Z","target":"projects/yapyap-a750c/locations/asia-east1/functions/bumpCommentCountOnCreate","verb":"update","cancelRequested":false,"apiVersion":"v2","requestResource":{"@type":"type.googleapis.com/google.cloud.functions.v2.Function","name":"projects/yapyap-a750c/locations/asia-east1/functions/bumpCommentCountOnCreate","buildConfig":{"runtime":"nodejs20","entryPoint":"bumpCommentCountOnCreate","source":{"storageSource":{"bucket":"gcf-v2-sources-175735257281-asia-east1","object":"bumpCommentCountOnCreate/function-source.zip","generation":"1757129651485627"}},"environmentVariables":{"GOOGLE_NODE_RUN_SCRIPTS":""},"dockerRepository":"projects/yapyap-a750c/locations/asia-east1/repositories/gcf-artifacts","sourceProvenance":{"resolvedStorageSource":{"bucket":"gcf-v2-sources-175735257281-asia-east1","object":"bumpCommentCountOnCreate/function-source.zip","generation":"1754928535240601"}},"dockerRegistry":"ARTIFACT_REGISTRY","serviceAccount":"projects/yapyap-a750c/serviceAccounts/175735257281-compute@developer.gserviceaccount.com","automaticUpdatePolicy":{}},"serviceConfig":{"service":"projects/yapyap-a750c/locations/asia-east1/services/bumpcommentcountoncreate","timeoutSeconds":60,"environmentVariables":{"FIREBASE_CONFIG":"{\"projectId\":\"yapyap-a750c\",\"storageBucket\":\"yapyap-a750c.firebasestorage.app\"}","GCLOUD_PROJECT":"yapyap-a750c","EVENTARC_CLOUD_EVENT_SOURCE":"projects/yapyap-a750c/locations/asia-east1/services/bumpCommentCountOnCreate","FUNCTION_SIGNATURE_TYPE":"cloudevent","FUNCTION_TARGET":"bumpCommentCountOnCreate","LOG_EXECUTION_ID":"true"},"ingressSettings":"ALLOW_ALL","uri":"https://bumpcommentcountoncreate-tk66pv64oq-de.a.run.app","serviceAccountEmail":"175735257281-compute@developer.gserviceaccount.com","availableMemory":"256Mi","allTrafficOnLatestRevision":true,"revision":"bumpcommentcountoncreate-00002-rem","maxInstanceRequestConcurrency":80,"availableCpu":"1"},"eventTrigger":{"trigger":"projects/yapyap-a750c/locations/asia-east1/triggers/bumpcommentcountoncreate-848324","triggerRegion":"asia-east1","eventType":"google.cloud.firestore.document.v1.created","eventFilters":[{"attribute":"database","value":"(default)"},{"attribute":"namespace","value":"(default)"},{"attribute":"document","value":"posts/{postId}/comments/{commentId}","operator":"match-path-pattern"}],"pubsubTopic":"projects/yapyap-a750c/topics/eventarc-asia-east1-bumpcommentcountoncreate-848324-470","serviceAccountEmail":"175735257281-compute@developer.gserviceaccount.com","retryPolicy":"RETRY_POLICY_DO_NOT_RETRY"},"state":"ACTIVE","labels":{"deployment-tool":"cli-firebase","firebase-functions-hash":"e62397ea8c5801aa87c08837152fdb9b7b84fe02"},"environment":"GEN_2","url":"https://asia-east1-yapyap-a750c.cloudfunctions.net/bumpCommentCountOnCreate","satisfiesPzi":true},"stages":[{"name":"BUILD","state":"NOT_STARTED"},{"name":"SERVICE","state":"NOT_STARTED"},{"name":"TRIGGER","state":"NOT_STARTED"}],"operationType":"UPDATE_FUNCTION"},"done":false}
[debug] [2025-09-06T03:34:08.887Z] [update-default-asia-east1-bumpCommentCountOnCreate] Retrying task index 0
[debug] [2025-09-06T03:34:08.887Z] Checked if tokens are valid: true, expires at: 1757133151971
[debug] [2025-09-06T03:34:08.888Z] Checked if tokens are valid: true, expires at: 1757133151971
[debug] [2025-09-06T03:34:08.888Z] >>> [apiv2][query] GET https://cloudfunctions.googleapis.com/v2/projects/yapyap-a750c/locations/asia-east1/operations/operation-1757129650131-63e19a09ed334-b7d0e802-23e5cd29 [none]
[debug] [2025-09-06T03:34:08.927Z] <<< [apiv2][status] GET https://cloudfunctions.googleapis.com/v2/projects/yapyap-a750c/locations/asia-east1/operations/operation-1757129650131-63e19a09ed334-b7d0e802-23e5cd29 200
[debug] [2025-09-06T03:34:08.927Z] <<< [apiv2][body] GET https://cloudfunctions.googleapis.com/v2/projects/yapyap-a750c/locations/asia-east1/operations/operation-1757129650131-63e19a09ed334-b7d0e802-23e5cd29 {"name":"projects/yapyap-a750c/locations/asia-east1/operations/operation-1757129650131-63e19a09ed334-b7d0e802-23e5cd29","metadata":{"@type":"type.googleapis.com/google.cloud.functions.v2.OperationMetadata","createTime":"2025-09-06T03:34:11.559422024Z","target":"projects/yapyap-a750c/locations/asia-east1/functions/bumpCommentCountOnCreate","verb":"update","cancelRequested":false,"apiVersion":"v2","requestResource":{"@type":"type.googleapis.com/google.cloud.functions.v2.Function","name":"projects/yapyap-a750c/locations/asia-east1/functions/bumpCommentCountOnCreate","buildConfig":{"runtime":"nodejs20","entryPoint":"bumpCommentCountOnCreate","source":{"storageSource":{"bucket":"gcf-v2-sources-175735257281-asia-east1","object":"bumpCommentCountOnCreate/function-source.zip","generation":"1757129651485627"}},"environmentVariables":{"GOOGLE_NODE_RUN_SCRIPTS":""},"dockerRepository":"projects/yapyap-a750c/locations/asia-east1/repositories/gcf-artifacts","sourceProvenance":{"resolvedStorageSource":{"bucket":"gcf-v2-sources-175735257281-asia-east1","object":"bumpCommentCountOnCreate/function-source.zip","generation":"1754928535240601"}},"dockerRegistry":"ARTIFACT_REGISTRY","serviceAccount":"projects/yapyap-a750c/serviceAccounts/175735257281-compute@developer.gserviceaccount.com","automaticUpdatePolicy":{}},"serviceConfig":{"service":"projects/yapyap-a750c/locations/asia-east1/services/bumpcommentcountoncreate","timeoutSeconds":60,"environmentVariables":{"FIREBASE_CONFIG":"{\"projectId\":\"yapyap-a750c\",\"storageBucket\":\"yapyap-a750c.firebasestorage.app\"}","GCLOUD_PROJECT":"yapyap-a750c","EVENTARC_CLOUD_EVENT_SOURCE":"projects/yapyap-a750c/locations/asia-east1/services/bumpCommentCountOnCreate","FUNCTION_SIGNATURE_TYPE":"cloudevent","FUNCTION_TARGET":"bumpCommentCountOnCreate","LOG_EXECUTION_ID":"true"},"ingressSettings":"ALLOW_ALL","uri":"https://bumpcommentcountoncreate-tk66pv64oq-de.a.run.app","serviceAccountEmail":"175735257281-compute@developer.gserviceaccount.com","availableMemory":"256Mi","allTrafficOnLatestRevision":true,"revision":"bumpcommentcountoncreate-00002-rem","maxInstanceRequestConcurrency":80,"availableCpu":"1"},"eventTrigger":{"trigger":"projects/yapyap-a750c/locations/asia-east1/triggers/bumpcommentcountoncreate-848324","triggerRegion":"asia-east1","eventType":"google.cloud.firestore.document.v1.created","eventFilters":[{"attribute":"database","value":"(default)"},{"attribute":"namespace","value":"(default)"},{"attribute":"document","value":"posts/{postId}/comments/{commentId}","operator":"match-path-pattern"}],"pubsubTopic":"projects/yapyap-a750c/topics/eventarc-asia-east1-bumpcommentcountoncreate-848324-470","serviceAccountEmail":"175735257281-compute@developer.gserviceaccount.com","retryPolicy":"RETRY_POLICY_DO_NOT_RETRY"},"state":"ACTIVE","labels":{"deployment-tool":"cli-firebase","firebase-functions-hash":"e62397ea8c5801aa87c08837152fdb9b7b84fe02"},"environment":"GEN_2","url":"https://asia-east1-yapyap-a750c.cloudfunctions.net/bumpCommentCountOnCreate","satisfiesPzi":true},"stages":[{"name":"BUILD","state":"NOT_STARTED"},{"name":"SERVICE","state":"NOT_STARTED"},{"name":"TRIGGER","state":"NOT_STARTED"}],"operationType":"UPDATE_FUNCTION"},"done":false}
[debug] [2025-09-06T03:34:10.929Z] [update-default-asia-east1-bumpCommentCountOnCreate] Retrying task index 0
[debug] [2025-09-06T03:34:10.929Z] Checked if tokens are valid: true, expires at: 1757133151971
[debug] [2025-09-06T03:34:10.929Z] Checked if tokens are valid: true, expires at: 1757133151971
[debug] [2025-09-06T03:34:10.930Z] >>> [apiv2][query] GET https://cloudfunctions.googleapis.com/v2/projects/yapyap-a750c/locations/asia-east1/operations/operation-1757129650131-63e19a09ed334-b7d0e802-23e5cd29 [none]
[debug] [2025-09-06T03:34:11.007Z] <<< [apiv2][status] GET https://cloudfunctions.googleapis.com/v2/projects/yapyap-a750c/locations/asia-east1/operations/operation-1757129650131-63e19a09ed334-b7d0e802-23e5cd29 200
[debug] [2025-09-06T03:34:11.008Z] <<< [apiv2][body] GET https://cloudfunctions.googleapis.com/v2/projects/yapyap-a750c/locations/asia-east1/operations/operation-1757129650131-63e19a09ed334-b7d0e802-23e5cd29 {"name":"projects/yapyap-a750c/locations/asia-east1/operations/operation-1757129650131-63e19a09ed334-b7d0e802-23e5cd29","metadata":{"@type":"type.googleapis.com/google.cloud.functions.v2.OperationMetadata","createTime":"2025-09-06T03:34:11.559422024Z","target":"projects/yapyap-a750c/locations/asia-east1/functions/bumpCommentCountOnCreate","verb":"update","cancelRequested":false,"apiVersion":"v2","requestResource":{"@type":"type.googleapis.com/google.cloud.functions.v2.Function","name":"projects/yapyap-a750c/locations/asia-east1/functions/bumpCommentCountOnCreate","buildConfig":{"runtime":"nodejs20","entryPoint":"bumpCommentCountOnCreate","source":{"storageSource":{"bucket":"gcf-v2-sources-175735257281-asia-east1","object":"bumpCommentCountOnCreate/function-source.zip","generation":"1757129651485627"}},"environmentVariables":{"GOOGLE_NODE_RUN_SCRIPTS":""},"dockerRepository":"projects/yapyap-a750c/locations/asia-east1/repositories/gcf-artifacts","sourceProvenance":{"resolvedStorageSource":{"bucket":"gcf-v2-sources-175735257281-asia-east1","object":"bumpCommentCountOnCreate/function-source.zip","generation":"1754928535240601"}},"dockerRegistry":"ARTIFACT_REGISTRY","serviceAccount":"projects/yapyap-a750c/serviceAccounts/175735257281-compute@developer.gserviceaccount.com","automaticUpdatePolicy":{}},"serviceConfig":{"service":"projects/yapyap-a750c/locations/asia-east1/services/bumpcommentcountoncreate","timeoutSeconds":60,"environmentVariables":{"FIREBASE_CONFIG":"{\"projectId\":\"yapyap-a750c\",\"storageBucket\":\"yapyap-a750c.firebasestorage.app\"}","GCLOUD_PROJECT":"yapyap-a750c","EVENTARC_CLOUD_EVENT_SOURCE":"projects/yapyap-a750c/locations/asia-east1/services/bumpCommentCountOnCreate","FUNCTION_SIGNATURE_TYPE":"cloudevent","FUNCTION_TARGET":"bumpCommentCountOnCreate","LOG_EXECUTION_ID":"true"},"ingressSettings":"ALLOW_ALL","uri":"https://bumpcommentcountoncreate-tk66pv64oq-de.a.run.app","serviceAccountEmail":"175735257281-compute@developer.gserviceaccount.com","availableMemory":"256Mi","allTrafficOnLatestRevision":true,"revision":"bumpcommentcountoncreate-00002-rem","maxInstanceRequestConcurrency":80,"availableCpu":"1"},"eventTrigger":{"trigger":"projects/yapyap-a750c/locations/asia-east1/triggers/bumpcommentcountoncreate-848324","triggerRegion":"asia-east1","eventType":"google.cloud.firestore.document.v1.created","eventFilters":[{"attribute":"database","value":"(default)"},{"attribute":"namespace","value":"(default)"},{"attribute":"document","value":"posts/{postId}/comments/{commentId}","operator":"match-path-pattern"}],"pubsubTopic":"projects/yapyap-a750c/topics/eventarc-asia-east1-bumpcommentcountoncreate-848324-470","serviceAccountEmail":"175735257281-compute@developer.gserviceaccount.com","retryPolicy":"RETRY_POLICY_DO_NOT_RETRY"},"state":"ACTIVE","labels":{"deployment-tool":"cli-firebase","firebase-functions-hash":"e62397ea8c5801aa87c08837152fdb9b7b84fe02"},"environment":"GEN_2","url":"https://asia-east1-yapyap-a750c.cloudfunctions.net/bumpCommentCountOnCreate","satisfiesPzi":true},"stages":[{"name":"BUILD","message":"Build in progress","state":"IN_PROGRESS","resource":"projects/175735257281/locations/asia-east1/builds/6af1d82d-70f8-46b9-9f7e-9402e47ad6fc","resourceUri":"https://console.cloud.google.com/cloud-build/builds;region=asia-east1/6af1d82d-70f8-46b9-9f7e-9402e47ad6fc?project=175735257281"},{"name":"SERVICE","state":"NOT_STARTED"},{"name":"TRIGGER","state":"NOT_STARTED"}],"operationType":"UPDATE_FUNCTION","buildName":"projects/175735257281/locations/asia-east1/builds/6af1d82d-70f8-46b9-9f7e-9402e47ad6fc"},"done":false}
[debug] [2025-09-06T03:34:15.009Z] [update-default-asia-east1-bumpCommentCountOnCreate] Retrying task index 0
[debug] [2025-09-06T03:34:15.009Z] Checked if tokens are valid: true, expires at: 1757133151971
[debug] [2025-09-06T03:34:15.009Z] Checked if tokens are valid: true, expires at: 1757133151971
[debug] [2025-09-06T03:34:15.009Z] >>> [apiv2][query] GET https://cloudfunctions.googleapis.com/v2/projects/yapyap-a750c/locations/asia-east1/operations/operation-1757129650131-63e19a09ed334-b7d0e802-23e5cd29 [none]
[debug] [2025-09-06T03:34:15.079Z] <<< [apiv2][status] GET https://cloudfunctions.googleapis.com/v2/projects/yapyap-a750c/locations/asia-east1/operations/operation-1757129650131-63e19a09ed334-b7d0e802-23e5cd29 200
[debug] [2025-09-06T03:34:15.080Z] <<< [apiv2][body] GET https://cloudfunctions.googleapis.com/v2/projects/yapyap-a750c/locations/asia-east1/operations/operation-1757129650131-63e19a09ed334-b7d0e802-23e5cd29 {"name":"projects/yapyap-a750c/locations/asia-east1/operations/operation-1757129650131-63e19a09ed334-b7d0e802-23e5cd29","metadata":{"@type":"type.googleapis.com/google.cloud.functions.v2.OperationMetadata","createTime":"2025-09-06T03:34:11.559422024Z","target":"projects/yapyap-a750c/locations/asia-east1/functions/bumpCommentCountOnCreate","verb":"update","cancelRequested":false,"apiVersion":"v2","requestResource":{"@type":"type.googleapis.com/google.cloud.functions.v2.Function","name":"projects/yapyap-a750c/locations/asia-east1/functions/bumpCommentCountOnCreate","buildConfig":{"runtime":"nodejs20","entryPoint":"bumpCommentCountOnCreate","source":{"storageSource":{"bucket":"gcf-v2-sources-175735257281-asia-east1","object":"bumpCommentCountOnCreate/function-source.zip","generation":"1757129651485627"}},"environmentVariables":{"GOOGLE_NODE_RUN_SCRIPTS":""},"dockerRepository":"projects/yapyap-a750c/locations/asia-east1/repositories/gcf-artifacts","sourceProvenance":{"resolvedStorageSource":{"bucket":"gcf-v2-sources-175735257281-asia-east1","object":"bumpCommentCountOnCreate/function-source.zip","generation":"1754928535240601"}},"dockerRegistry":"ARTIFACT_REGISTRY","serviceAccount":"projects/yapyap-a750c/serviceAccounts/175735257281-compute@developer.gserviceaccount.com","automaticUpdatePolicy":{}},"serviceConfig":{"service":"projects/yapyap-a750c/locations/asia-east1/services/bumpcommentcountoncreate","timeoutSeconds":60,"environmentVariables":{"FIREBASE_CONFIG":"{\"projectId\":\"yapyap-a750c\",\"storageBucket\":\"yapyap-a750c.firebasestorage.app\"}","GCLOUD_PROJECT":"yapyap-a750c","EVENTARC_CLOUD_EVENT_SOURCE":"projects/yapyap-a750c/locations/asia-east1/services/bumpCommentCountOnCreate","FUNCTION_SIGNATURE_TYPE":"cloudevent","FUNCTION_TARGET":"bumpCommentCountOnCreate","LOG_EXECUTION_ID":"true"},"ingressSettings":"ALLOW_ALL","uri":"https://bumpcommentcountoncreate-tk66pv64oq-de.a.run.app","serviceAccountEmail":"175735257281-compute@developer.gserviceaccount.com","availableMemory":"256Mi","allTrafficOnLatestRevision":true,"revision":"bumpcommentcountoncreate-00002-rem","maxInstanceRequestConcurrency":80,"availableCpu":"1"},"eventTrigger":{"trigger":"projects/yapyap-a750c/locations/asia-east1/triggers/bumpcommentcountoncreate-848324","triggerRegion":"asia-east1","eventType":"google.cloud.firestore.document.v1.created","eventFilters":[{"attribute":"database","value":"(default)"},{"attribute":"namespace","value":"(default)"},{"attribute":"document","value":"posts/{postId}/comments/{commentId}","operator":"match-path-pattern"}],"pubsubTopic":"projects/yapyap-a750c/topics/eventarc-asia-east1-bumpcommentcountoncreate-848324-470","serviceAccountEmail":"175735257281-compute@developer.gserviceaccount.com","retryPolicy":"RETRY_POLICY_DO_NOT_RETRY"},"state":"ACTIVE","labels":{"deployment-tool":"cli-firebase","firebase-functions-hash":"e62397ea8c5801aa87c08837152fdb9b7b84fe02"},"environment":"GEN_2","url":"https://asia-east1-yapyap-a750c.cloudfunctions.net/bumpCommentCountOnCreate","satisfiesPzi":true},"stages":[{"name":"BUILD","message":"Build in progress","state":"IN_PROGRESS","resource":"projects/175735257281/locations/asia-east1/builds/6af1d82d-70f8-46b9-9f7e-9402e47ad6fc","resourceUri":"https://console.cloud.google.com/cloud-build/builds;region=asia-east1/6af1d82d-70f8-46b9-9f7e-9402e47ad6fc?project=175735257281"},{"name":"SERVICE","state":"NOT_STARTED"},{"name":"TRIGGER","state":"NOT_STARTED"}],"operationType":"UPDATE_FUNCTION","buildName":"projects/175735257281/locations/asia-east1/builds/6af1d82d-70f8-46b9-9f7e-9402e47ad6fc"},"done":false}
[debug] [2025-09-06T03:34:23.081Z] [update-default-asia-east1-bumpCommentCountOnCreate] Retrying task index 0
[debug] [2025-09-06T03:34:23.083Z] Checked if tokens are valid: true, expires at: 1757133151971
[debug] [2025-09-06T03:34:23.083Z] Checked if tokens are valid: true, expires at: 1757133151971
[debug] [2025-09-06T03:34:23.083Z] >>> [apiv2][query] GET https://cloudfunctions.googleapis.com/v2/projects/yapyap-a750c/locations/asia-east1/operations/operation-1757129650131-63e19a09ed334-b7d0e802-23e5cd29 [none]
[debug] [2025-09-06T03:34:23.222Z] <<< [apiv2][status] GET https://cloudfunctions.googleapis.com/v2/projects/yapyap-a750c/locations/asia-east1/operations/operation-1757129650131-63e19a09ed334-b7d0e802-23e5cd29 200
[debug] [2025-09-06T03:34:23.223Z] <<< [apiv2][body] GET https://cloudfunctions.googleapis.com/v2/projects/yapyap-a750c/locations/asia-east1/operations/operation-1757129650131-63e19a09ed334-b7d0e802-23e5cd29 {"name":"projects/yapyap-a750c/locations/asia-east1/operations/operation-1757129650131-63e19a09ed334-b7d0e802-23e5cd29","metadata":{"@type":"type.googleapis.com/google.cloud.functions.v2.OperationMetadata","createTime":"2025-09-06T03:34:11.559422024Z","target":"projects/yapyap-a750c/locations/asia-east1/functions/bumpCommentCountOnCreate","verb":"update","cancelRequested":false,"apiVersion":"v2","requestResource":{"@type":"type.googleapis.com/google.cloud.functions.v2.Function","name":"projects/yapyap-a750c/locations/asia-east1/functions/bumpCommentCountOnCreate","buildConfig":{"runtime":"nodejs20","entryPoint":"bumpCommentCountOnCreate","source":{"storageSource":{"bucket":"gcf-v2-sources-175735257281-asia-east1","object":"bumpCommentCountOnCreate/function-source.zip","generation":"1757129651485627"}},"environmentVariables":{"GOOGLE_NODE_RUN_SCRIPTS":""},"dockerRepository":"projects/yapyap-a750c/locations/asia-east1/repositories/gcf-artifacts","sourceProvenance":{"resolvedStorageSource":{"bucket":"gcf-v2-sources-175735257281-asia-east1","object":"bumpCommentCountOnCreate/function-source.zip","generation":"1754928535240601"}},"dockerRegistry":"ARTIFACT_REGISTRY","serviceAccount":"projects/yapyap-a750c/serviceAccounts/175735257281-compute@developer.gserviceaccount.com","automaticUpdatePolicy":{}},"serviceConfig":{"service":"projects/yapyap-a750c/locations/asia-east1/services/bumpcommentcountoncreate","timeoutSeconds":60,"environmentVariables":{"FIREBASE_CONFIG":"{\"projectId\":\"yapyap-a750c\",\"storageBucket\":\"yapyap-a750c.firebasestorage.app\"}","GCLOUD_PROJECT":"yapyap-a750c","EVENTARC_CLOUD_EVENT_SOURCE":"projects/yapyap-a750c/locations/asia-east1/services/bumpCommentCountOnCreate","FUNCTION_SIGNATURE_TYPE":"cloudevent","FUNCTION_TARGET":"bumpCommentCountOnCreate","LOG_EXECUTION_ID":"true"},"ingressSettings":"ALLOW_ALL","uri":"https://bumpcommentcountoncreate-tk66pv64oq-de.a.run.app","serviceAccountEmail":"175735257281-compute@developer.gserviceaccount.com","availableMemory":"256Mi","allTrafficOnLatestRevision":true,"revision":"bumpcommentcountoncreate-00002-rem","maxInstanceRequestConcurrency":80,"availableCpu":"1"},"eventTrigger":{"trigger":"projects/yapyap-a750c/locations/asia-east1/triggers/bumpcommentcountoncreate-848324","triggerRegion":"asia-east1","eventType":"google.cloud.firestore.document.v1.created","eventFilters":[{"attribute":"database","value":"(default)"},{"attribute":"namespace","value":"(default)"},{"attribute":"document","value":"posts/{postId}/comments/{commentId}","operator":"match-path-pattern"}],"pubsubTopic":"projects/yapyap-a750c/topics/eventarc-asia-east1-bumpcommentcountoncreate-848324-470","serviceAccountEmail":"175735257281-compute@developer.gserviceaccount.com","retryPolicy":"RETRY_POLICY_DO_NOT_RETRY"},"state":"ACTIVE","labels":{"deployment-tool":"cli-firebase","firebase-functions-hash":"e62397ea8c5801aa87c08837152fdb9b7b84fe02"},"environment":"GEN_2","url":"https://asia-east1-yapyap-a750c.cloudfunctions.net/bumpCommentCountOnCreate","satisfiesPzi":true},"stages":[{"name":"BUILD","message":"Build in progress","state":"IN_PROGRESS","resource":"projects/175735257281/locations/asia-east1/builds/6af1d82d-70f8-46b9-9f7e-9402e47ad6fc","resourceUri":"https://console.cloud.google.com/cloud-build/builds;region=asia-east1/6af1d82d-70f8-46b9-9f7e-9402e47ad6fc?project=175735257281"},{"name":"SERVICE","state":"NOT_STARTED"},{"name":"TRIGGER","state":"NOT_STARTED"}],"operationType":"UPDATE_FUNCTION","buildName":"projects/175735257281/locations/asia-east1/builds/6af1d82d-70f8-46b9-9f7e-9402e47ad6fc"},"done":false}
[debug] [2025-09-06T03:34:33.224Z] [update-default-asia-east1-bumpCommentCountOnCreate] Retrying task index 0
[debug] [2025-09-06T03:34:33.224Z] Checked if tokens are valid: true, expires at: 1757133151971
[debug] [2025-09-06T03:34:33.224Z] Checked if tokens are valid: true, expires at: 1757133151971
[debug] [2025-09-06T03:34:33.225Z] >>> [apiv2][query] GET https://cloudfunctions.googleapis.com/v2/projects/yapyap-a750c/locations/asia-east1/operations/operation-1757129650131-63e19a09ed334-b7d0e802-23e5cd29 [none]
[debug] [2025-09-06T03:34:33.318Z] <<< [apiv2][status] GET https://cloudfunctions.googleapis.com/v2/projects/yapyap-a750c/locations/asia-east1/operations/operation-1757129650131-63e19a09ed334-b7d0e802-23e5cd29 200
[debug] [2025-09-06T03:34:33.318Z] <<< [apiv2][body] GET https://cloudfunctions.googleapis.com/v2/projects/yapyap-a750c/locations/asia-east1/operations/operation-1757129650131-63e19a09ed334-b7d0e802-23e5cd29 {"name":"projects/yapyap-a750c/locations/asia-east1/operations/operation-1757129650131-63e19a09ed334-b7d0e802-23e5cd29","metadata":{"@type":"type.googleapis.com/google.cloud.functions.v2.OperationMetadata","createTime":"2025-09-06T03:34:11.559422024Z","target":"projects/yapyap-a750c/locations/asia-east1/functions/bumpCommentCountOnCreate","verb":"update","cancelRequested":false,"apiVersion":"v2","requestResource":{"@type":"type.googleapis.com/google.cloud.functions.v2.Function","name":"projects/yapyap-a750c/locations/asia-east1/functions/bumpCommentCountOnCreate","buildConfig":{"runtime":"nodejs20","entryPoint":"bumpCommentCountOnCreate","source":{"storageSource":{"bucket":"gcf-v2-sources-175735257281-asia-east1","object":"bumpCommentCountOnCreate/function-source.zip","generation":"1757129651485627"}},"environmentVariables":{"GOOGLE_NODE_RUN_SCRIPTS":""},"dockerRepository":"projects/yapyap-a750c/locations/asia-east1/repositories/gcf-artifacts","sourceProvenance":{"resolvedStorageSource":{"bucket":"gcf-v2-sources-175735257281-asia-east1","object":"bumpCommentCountOnCreate/function-source.zip","generation":"1754928535240601"}},"dockerRegistry":"ARTIFACT_REGISTRY","serviceAccount":"projects/yapyap-a750c/serviceAccounts/175735257281-compute@developer.gserviceaccount.com","automaticUpdatePolicy":{}},"serviceConfig":{"service":"projects/yapyap-a750c/locations/asia-east1/services/bumpcommentcountoncreate","timeoutSeconds":60,"environmentVariables":{"FIREBASE_CONFIG":"{\"projectId\":\"yapyap-a750c\",\"storageBucket\":\"yapyap-a750c.firebasestorage.app\"}","GCLOUD_PROJECT":"yapyap-a750c","EVENTARC_CLOUD_EVENT_SOURCE":"projects/yapyap-a750c/locations/asia-east1/services/bumpCommentCountOnCreate","FUNCTION_SIGNATURE_TYPE":"cloudevent","FUNCTION_TARGET":"bumpCommentCountOnCreate","LOG_EXECUTION_ID":"true"},"ingressSettings":"ALLOW_ALL","uri":"https://bumpcommentcountoncreate-tk66pv64oq-de.a.run.app","serviceAccountEmail":"175735257281-compute@developer.gserviceaccount.com","availableMemory":"256Mi","allTrafficOnLatestRevision":true,"revision":"bumpcommentcountoncreate-00002-rem","maxInstanceRequestConcurrency":80,"availableCpu":"1"},"eventTrigger":{"trigger":"projects/yapyap-a750c/locations/asia-east1/triggers/bumpcommentcountoncreate-848324","triggerRegion":"asia-east1","eventType":"google.cloud.firestore.document.v1.created","eventFilters":[{"attribute":"database","value":"(default)"},{"attribute":"namespace","value":"(default)"},{"attribute":"document","value":"posts/{postId}/comments/{commentId}","operator":"match-path-pattern"}],"pubsubTopic":"projects/yapyap-a750c/topics/eventarc-asia-east1-bumpcommentcountoncreate-848324-470","serviceAccountEmail":"175735257281-compute@developer.gserviceaccount.com","retryPolicy":"RETRY_POLICY_DO_NOT_RETRY"},"state":"ACTIVE","labels":{"deployment-tool":"cli-firebase","firebase-functions-hash":"e62397ea8c5801aa87c08837152fdb9b7b84fe02"},"environment":"GEN_2","url":"https://asia-east1-yapyap-a750c.cloudfunctions.net/bumpCommentCountOnCreate","satisfiesPzi":true},"stages":[{"name":"BUILD","message":"Build in progress","state":"IN_PROGRESS","resource":"projects/175735257281/locations/asia-east1/builds/6af1d82d-70f8-46b9-9f7e-9402e47ad6fc","resourceUri":"https://console.cloud.google.com/cloud-build/builds;region=asia-east1/6af1d82d-70f8-46b9-9f7e-9402e47ad6fc?project=175735257281"},{"name":"SERVICE","state":"NOT_STARTED"},{"name":"TRIGGER","state":"NOT_STARTED"}],"operationType":"UPDATE_FUNCTION","buildName":"projects/175735257281/locations/asia-east1/builds/6af1d82d-70f8-46b9-9f7e-9402e47ad6fc"},"done":false}
[debug] [2025-09-06T03:34:43.319Z] [update-default-asia-east1-bumpCommentCountOnCreate] Retrying task index 0
[debug] [2025-09-06T03:34:43.320Z] Checked if tokens are valid: true, expires at: 1757133151971
[debug] [2025-09-06T03:34:43.320Z] Checked if tokens are valid: true, expires at: 1757133151971
[debug] [2025-09-06T03:34:43.320Z] >>> [apiv2][query] GET https://cloudfunctions.googleapis.com/v2/projects/yapyap-a750c/locations/asia-east1/operations/operation-1757129650131-63e19a09ed334-b7d0e802-23e5cd29 [none]
[debug] [2025-09-06T03:34:43.384Z] <<< [apiv2][status] GET https://cloudfunctions.googleapis.com/v2/projects/yapyap-a750c/locations/asia-east1/operations/operation-1757129650131-63e19a09ed334-b7d0e802-23e5cd29 200
[debug] [2025-09-06T03:34:43.384Z] <<< [apiv2][body] GET https://cloudfunctions.googleapis.com/v2/projects/yapyap-a750c/locations/asia-east1/operations/operation-1757129650131-63e19a09ed334-b7d0e802-23e5cd29 {"name":"projects/yapyap-a750c/locations/asia-east1/operations/operation-1757129650131-63e19a09ed334-b7d0e802-23e5cd29","metadata":{"@type":"type.googleapis.com/google.cloud.functions.v2.OperationMetadata","createTime":"2025-09-06T03:34:11.559422024Z","target":"projects/yapyap-a750c/locations/asia-east1/functions/bumpCommentCountOnCreate","verb":"update","cancelRequested":false,"apiVersion":"v2","requestResource":{"@type":"type.googleapis.com/google.cloud.functions.v2.Function","name":"projects/yapyap-a750c/locations/asia-east1/functions/bumpCommentCountOnCreate","buildConfig":{"runtime":"nodejs20","entryPoint":"bumpCommentCountOnCreate","source":{"storageSource":{"bucket":"gcf-v2-sources-175735257281-asia-east1","object":"bumpCommentCountOnCreate/function-source.zip","generation":"1757129651485627"}},"environmentVariables":{"GOOGLE_NODE_RUN_SCRIPTS":""},"dockerRepository":"projects/yapyap-a750c/locations/asia-east1/repositories/gcf-artifacts","sourceProvenance":{"resolvedStorageSource":{"bucket":"gcf-v2-sources-175735257281-asia-east1","object":"bumpCommentCountOnCreate/function-source.zip","generation":"1754928535240601"}},"dockerRegistry":"ARTIFACT_REGISTRY","serviceAccount":"projects/yapyap-a750c/serviceAccounts/175735257281-compute@developer.gserviceaccount.com","automaticUpdatePolicy":{}},"serviceConfig":{"service":"projects/yapyap-a750c/locations/asia-east1/services/bumpcommentcountoncreate","timeoutSeconds":60,"environmentVariables":{"FIREBASE_CONFIG":"{\"projectId\":\"yapyap-a750c\",\"storageBucket\":\"yapyap-a750c.firebasestorage.app\"}","GCLOUD_PROJECT":"yapyap-a750c","EVENTARC_CLOUD_EVENT_SOURCE":"projects/yapyap-a750c/locations/asia-east1/services/bumpCommentCountOnCreate","FUNCTION_SIGNATURE_TYPE":"cloudevent","FUNCTION_TARGET":"bumpCommentCountOnCreate","LOG_EXECUTION_ID":"true"},"ingressSettings":"ALLOW_ALL","uri":"https://bumpcommentcountoncreate-tk66pv64oq-de.a.run.app","serviceAccountEmail":"175735257281-compute@developer.gserviceaccount.com","availableMemory":"256Mi","allTrafficOnLatestRevision":true,"revision":"bumpcommentcountoncreate-00002-rem","maxInstanceRequestConcurrency":80,"availableCpu":"1"},"eventTrigger":{"trigger":"projects/yapyap-a750c/locations/asia-east1/triggers/bumpcommentcountoncreate-848324","triggerRegion":"asia-east1","eventType":"google.cloud.firestore.document.v1.created","eventFilters":[{"attribute":"database","value":"(default)"},{"attribute":"namespace","value":"(default)"},{"attribute":"document","value":"posts/{postId}/comments/{commentId}","operator":"match-path-pattern"}],"pubsubTopic":"projects/yapyap-a750c/topics/eventarc-asia-east1-bumpcommentcountoncreate-848324-470","serviceAccountEmail":"175735257281-compute@developer.gserviceaccount.com","retryPolicy":"RETRY_POLICY_DO_NOT_RETRY"},"state":"ACTIVE","labels":{"deployment-tool":"cli-firebase","firebase-functions-hash":"e62397ea8c5801aa87c08837152fdb9b7b84fe02"},"environment":"GEN_2","url":"https://asia-east1-yapyap-a750c.cloudfunctions.net/bumpCommentCountOnCreate","satisfiesPzi":true},"stages":[{"name":"BUILD","message":"Build in progress","state":"IN_PROGRESS","resource":"projects/175735257281/locations/asia-east1/builds/6af1d82d-70f8-46b9-9f7e-9402e47ad6fc","resourceUri":"https://console.cloud.google.com/cloud-build/builds;region=asia-east1/6af1d82d-70f8-46b9-9f7e-9402e47ad6fc?project=175735257281"},{"name":"SERVICE","state":"NOT_STARTED"},{"name":"TRIGGER","state":"NOT_STARTED"}],"operationType":"UPDATE_FUNCTION","buildName":"projects/175735257281/locations/asia-east1/builds/6af1d82d-70f8-46b9-9f7e-9402e47ad6fc"},"done":false}
[debug] [2025-09-06T03:34:53.385Z] [update-default-asia-east1-bumpCommentCountOnCreate] Retrying task index 0
[debug] [2025-09-06T03:34:53.385Z] Checked if tokens are valid: true, expires at: 1757133151971
[debug] [2025-09-06T03:34:53.386Z] Checked if tokens are valid: true, expires at: 1757133151971
[debug] [2025-09-06T03:34:53.386Z] >>> [apiv2][query] GET https://cloudfunctions.googleapis.com/v2/projects/yapyap-a750c/locations/asia-east1/operations/operation-1757129650131-63e19a09ed334-b7d0e802-23e5cd29 [none]
[debug] [2025-09-06T03:34:53.469Z] <<< [apiv2][status] GET https://cloudfunctions.googleapis.com/v2/projects/yapyap-a750c/locations/asia-east1/operations/operation-1757129650131-63e19a09ed334-b7d0e802-23e5cd29 200
[debug] [2025-09-06T03:34:53.469Z] <<< [apiv2][body] GET https://cloudfunctions.googleapis.com/v2/projects/yapyap-a750c/locations/asia-east1/operations/operation-1757129650131-63e19a09ed334-b7d0e802-23e5cd29 {"name":"projects/yapyap-a750c/locations/asia-east1/operations/operation-1757129650131-63e19a09ed334-b7d0e802-23e5cd29","metadata":{"@type":"type.googleapis.com/google.cloud.functions.v2.OperationMetadata","createTime":"2025-09-06T03:34:11.559422024Z","target":"projects/yapyap-a750c/locations/asia-east1/functions/bumpCommentCountOnCreate","verb":"update","cancelRequested":false,"apiVersion":"v2","requestResource":{"@type":"type.googleapis.com/google.cloud.functions.v2.Function","name":"projects/yapyap-a750c/locations/asia-east1/functions/bumpCommentCountOnCreate","buildConfig":{"runtime":"nodejs20","entryPoint":"bumpCommentCountOnCreate","source":{"storageSource":{"bucket":"gcf-v2-sources-175735257281-asia-east1","object":"bumpCommentCountOnCreate/function-source.zip","generation":"1757129651485627"}},"environmentVariables":{"GOOGLE_NODE_RUN_SCRIPTS":""},"dockerRepository":"projects/yapyap-a750c/locations/asia-east1/repositories/gcf-artifacts","sourceProvenance":{"resolvedStorageSource":{"bucket":"gcf-v2-sources-175735257281-asia-east1","object":"bumpCommentCountOnCreate/function-source.zip","generation":"1754928535240601"}},"dockerRegistry":"ARTIFACT_REGISTRY","serviceAccount":"projects/yapyap-a750c/serviceAccounts/175735257281-compute@developer.gserviceaccount.com","automaticUpdatePolicy":{}},"serviceConfig":{"service":"projects/yapyap-a750c/locations/asia-east1/services/bumpcommentcountoncreate","timeoutSeconds":60,"environmentVariables":{"FIREBASE_CONFIG":"{\"projectId\":\"yapyap-a750c\",\"storageBucket\":\"yapyap-a750c.firebasestorage.app\"}","GCLOUD_PROJECT":"yapyap-a750c","EVENTARC_CLOUD_EVENT_SOURCE":"projects/yapyap-a750c/locations/asia-east1/services/bumpCommentCountOnCreate","FUNCTION_SIGNATURE_TYPE":"cloudevent","FUNCTION_TARGET":"bumpCommentCountOnCreate","LOG_EXECUTION_ID":"true"},"ingressSettings":"ALLOW_ALL","uri":"https://bumpcommentcountoncreate-tk66pv64oq-de.a.run.app","serviceAccountEmail":"175735257281-compute@developer.gserviceaccount.com","availableMemory":"256Mi","allTrafficOnLatestRevision":true,"revision":"bumpcommentcountoncreate-00002-rem","maxInstanceRequestConcurrency":80,"availableCpu":"1"},"eventTrigger":{"trigger":"projects/yapyap-a750c/locations/asia-east1/triggers/bumpcommentcountoncreate-848324","triggerRegion":"asia-east1","eventType":"google.cloud.firestore.document.v1.created","eventFilters":[{"attribute":"database","value":"(default)"},{"attribute":"namespace","value":"(default)"},{"attribute":"document","value":"posts/{postId}/comments/{commentId}","operator":"match-path-pattern"}],"pubsubTopic":"projects/yapyap-a750c/topics/eventarc-asia-east1-bumpcommentcountoncreate-848324-470","serviceAccountEmail":"175735257281-compute@developer.gserviceaccount.com","retryPolicy":"RETRY_POLICY_DO_NOT_RETRY"},"state":"ACTIVE","labels":{"deployment-tool":"cli-firebase","firebase-functions-hash":"e62397ea8c5801aa87c08837152fdb9b7b84fe02"},"environment":"GEN_2","url":"https://asia-east1-yapyap-a750c.cloudfunctions.net/bumpCommentCountOnCreate","satisfiesPzi":true},"stages":[{"name":"BUILD","message":"Build in progress","state":"IN_PROGRESS","resource":"projects/175735257281/locations/asia-east1/builds/6af1d82d-70f8-46b9-9f7e-9402e47ad6fc","resourceUri":"https://console.cloud.google.com/cloud-build/builds;region=asia-east1/6af1d82d-70f8-46b9-9f7e-9402e47ad6fc?project=175735257281"},{"name":"SERVICE","state":"NOT_STARTED"},{"name":"TRIGGER","state":"NOT_STARTED"}],"operationType":"UPDATE_FUNCTION","buildName":"projects/175735257281/locations/asia-east1/builds/6af1d82d-70f8-46b9-9f7e-9402e47ad6fc"},"done":false}
[debug] [2025-09-06T03:35:03.470Z] [update-default-asia-east1-bumpCommentCountOnCreate] Retrying task index 0
[debug] [2025-09-06T03:35:03.470Z] Checked if tokens are valid: true, expires at: 1757133151971
[debug] [2025-09-06T03:35:03.470Z] Checked if tokens are valid: true, expires at: 1757133151971
[debug] [2025-09-06T03:35:03.470Z] >>> [apiv2][query] GET https://cloudfunctions.googleapis.com/v2/projects/yapyap-a750c/locations/asia-east1/operations/operation-1757129650131-63e19a09ed334-b7d0e802-23e5cd29 [none]
[debug] [2025-09-06T03:35:03.545Z] <<< [apiv2][status] GET https://cloudfunctions.googleapis.com/v2/projects/yapyap-a750c/locations/asia-east1/operations/operation-1757129650131-63e19a09ed334-b7d0e802-23e5cd29 200
[debug] [2025-09-06T03:35:03.545Z] <<< [apiv2][body] GET https://cloudfunctions.googleapis.com/v2/projects/yapyap-a750c/locations/asia-east1/operations/operation-1757129650131-63e19a09ed334-b7d0e802-23e5cd29 {"name":"projects/yapyap-a750c/locations/asia-east1/operations/operation-1757129650131-63e19a09ed334-b7d0e802-23e5cd29","metadata":{"@type":"type.googleapis.com/google.cloud.functions.v2.OperationMetadata","createTime":"2025-09-06T03:34:11.559422024Z","target":"projects/yapyap-a750c/locations/asia-east1/functions/bumpCommentCountOnCreate","verb":"update","cancelRequested":false,"apiVersion":"v2","requestResource":{"@type":"type.googleapis.com/google.cloud.functions.v2.Function","name":"projects/yapyap-a750c/locations/asia-east1/functions/bumpCommentCountOnCreate","buildConfig":{"runtime":"nodejs20","entryPoint":"bumpCommentCountOnCreate","source":{"storageSource":{"bucket":"gcf-v2-sources-175735257281-asia-east1","object":"bumpCommentCountOnCreate/function-source.zip","generation":"1757129651485627"}},"environmentVariables":{"GOOGLE_NODE_RUN_SCRIPTS":""},"dockerRepository":"projects/yapyap-a750c/locations/asia-east1/repositories/gcf-artifacts","sourceProvenance":{"resolvedStorageSource":{"bucket":"gcf-v2-sources-175735257281-asia-east1","object":"bumpCommentCountOnCreate/function-source.zip","generation":"1754928535240601"}},"dockerRegistry":"ARTIFACT_REGISTRY","serviceAccount":"projects/yapyap-a750c/serviceAccounts/175735257281-compute@developer.gserviceaccount.com","automaticUpdatePolicy":{}},"serviceConfig":{"service":"projects/yapyap-a750c/locations/asia-east1/services/bumpcommentcountoncreate","timeoutSeconds":60,"environmentVariables":{"FIREBASE_CONFIG":"{\"projectId\":\"yapyap-a750c\",\"storageBucket\":\"yapyap-a750c.firebasestorage.app\"}","GCLOUD_PROJECT":"yapyap-a750c","EVENTARC_CLOUD_EVENT_SOURCE":"projects/yapyap-a750c/locations/asia-east1/services/bumpCommentCountOnCreate","FUNCTION_SIGNATURE_TYPE":"cloudevent","FUNCTION_TARGET":"bumpCommentCountOnCreate","LOG_EXECUTION_ID":"true"},"ingressSettings":"ALLOW_ALL","uri":"https://bumpcommentcountoncreate-tk66pv64oq-de.a.run.app","serviceAccountEmail":"175735257281-compute@developer.gserviceaccount.com","availableMemory":"256Mi","allTrafficOnLatestRevision":true,"revision":"bumpcommentcountoncreate-00002-rem","maxInstanceRequestConcurrency":80,"availableCpu":"1"},"eventTrigger":{"trigger":"projects/yapyap-a750c/locations/asia-east1/triggers/bumpcommentcountoncreate-848324","triggerRegion":"asia-east1","eventType":"google.cloud.firestore.document.v1.created","eventFilters":[{"attribute":"database","value":"(default)"},{"attribute":"namespace","value":"(default)"},{"attribute":"document","value":"posts/{postId}/comments/{commentId}","operator":"match-path-pattern"}],"pubsubTopic":"projects/yapyap-a750c/topics/eventarc-asia-east1-bumpcommentcountoncreate-848324-470","serviceAccountEmail":"175735257281-compute@developer.gserviceaccount.com","retryPolicy":"RETRY_POLICY_DO_NOT_RETRY"},"state":"ACTIVE","labels":{"deployment-tool":"cli-firebase","firebase-functions-hash":"e62397ea8c5801aa87c08837152fdb9b7b84fe02"},"environment":"GEN_2","url":"https://asia-east1-yapyap-a750c.cloudfunctions.net/bumpCommentCountOnCreate","satisfiesPzi":true},"stages":[{"name":"BUILD","message":"Build in progress","state":"IN_PROGRESS","resource":"projects/175735257281/locations/asia-east1/builds/6af1d82d-70f8-46b9-9f7e-9402e47ad6fc","resourceUri":"https://console.cloud.google.com/cloud-build/builds;region=asia-east1/6af1d82d-70f8-46b9-9f7e-9402e47ad6fc?project=175735257281"},{"name":"SERVICE","state":"NOT_STARTED"},{"name":"TRIGGER","state":"NOT_STARTED"}],"operationType":"UPDATE_FUNCTION","buildName":"projects/175735257281/locations/asia-east1/builds/6af1d82d-70f8-46b9-9f7e-9402e47ad6fc"},"done":false}
[debug] [2025-09-06T03:35:13.548Z] [update-default-asia-east1-bumpCommentCountOnCreate] Retrying task index 0
[debug] [2025-09-06T03:35:13.549Z] Checked if tokens are valid: true, expires at: 1757133151971
[debug] [2025-09-06T03:35:13.549Z] Checked if tokens are valid: true, expires at: 1757133151971
[debug] [2025-09-06T03:35:13.549Z] >>> [apiv2][query] GET https://cloudfunctions.googleapis.com/v2/projects/yapyap-a750c/locations/asia-east1/operations/operation-1757129650131-63e19a09ed334-b7d0e802-23e5cd29 [none]
[debug] [2025-09-06T03:35:13.642Z] <<< [apiv2][status] GET https://cloudfunctions.googleapis.com/v2/projects/yapyap-a750c/locations/asia-east1/operations/operation-1757129650131-63e19a09ed334-b7d0e802-23e5cd29 200
[debug] [2025-09-06T03:35:13.643Z] <<< [apiv2][body] GET https://cloudfunctions.googleapis.com/v2/projects/yapyap-a750c/locations/asia-east1/operations/operation-1757129650131-63e19a09ed334-b7d0e802-23e5cd29 {"name":"projects/yapyap-a750c/locations/asia-east1/operations/operation-1757129650131-63e19a09ed334-b7d0e802-23e5cd29","metadata":{"@type":"type.googleapis.com/google.cloud.functions.v2.OperationMetadata","createTime":"2025-09-06T03:34:11.559422024Z","target":"projects/yapyap-a750c/locations/asia-east1/functions/bumpCommentCountOnCreate","verb":"update","cancelRequested":false,"apiVersion":"v2","requestResource":{"@type":"type.googleapis.com/google.cloud.functions.v2.Function","name":"projects/yapyap-a750c/locations/asia-east1/functions/bumpCommentCountOnCreate","buildConfig":{"runtime":"nodejs20","entryPoint":"bumpCommentCountOnCreate","source":{"storageSource":{"bucket":"gcf-v2-sources-175735257281-asia-east1","object":"bumpCommentCountOnCreate/function-source.zip","generation":"1757129651485627"}},"environmentVariables":{"GOOGLE_NODE_RUN_SCRIPTS":""},"dockerRepository":"projects/yapyap-a750c/locations/asia-east1/repositories/gcf-artifacts","sourceProvenance":{"resolvedStorageSource":{"bucket":"gcf-v2-sources-175735257281-asia-east1","object":"bumpCommentCountOnCreate/function-source.zip","generation":"1754928535240601"}},"dockerRegistry":"ARTIFACT_REGISTRY","serviceAccount":"projects/yapyap-a750c/serviceAccounts/175735257281-compute@developer.gserviceaccount.com","automaticUpdatePolicy":{}},"serviceConfig":{"service":"projects/yapyap-a750c/locations/asia-east1/services/bumpcommentcountoncreate","timeoutSeconds":60,"environmentVariables":{"FIREBASE_CONFIG":"{\"projectId\":\"yapyap-a750c\",\"storageBucket\":\"yapyap-a750c.firebasestorage.app\"}","GCLOUD_PROJECT":"yapyap-a750c","EVENTARC_CLOUD_EVENT_SOURCE":"projects/yapyap-a750c/locations/asia-east1/services/bumpCommentCountOnCreate","FUNCTION_SIGNATURE_TYPE":"cloudevent","FUNCTION_TARGET":"bumpCommentCountOnCreate","LOG_EXECUTION_ID":"true"},"ingressSettings":"ALLOW_ALL","uri":"https://bumpcommentcountoncreate-tk66pv64oq-de.a.run.app","serviceAccountEmail":"175735257281-compute@developer.gserviceaccount.com","availableMemory":"256Mi","allTrafficOnLatestRevision":true,"revision":"bumpcommentcountoncreate-00002-rem","maxInstanceRequestConcurrency":80,"availableCpu":"1"},"eventTrigger":{"trigger":"projects/yapyap-a750c/locations/asia-east1/triggers/bumpcommentcountoncreate-848324","triggerRegion":"asia-east1","eventType":"google.cloud.firestore.document.v1.created","eventFilters":[{"attribute":"database","value":"(default)"},{"attribute":"namespace","value":"(default)"},{"attribute":"document","value":"posts/{postId}/comments/{commentId}","operator":"match-path-pattern"}],"pubsubTopic":"projects/yapyap-a750c/topics/eventarc-asia-east1-bumpcommentcountoncreate-848324-470","serviceAccountEmail":"175735257281-compute@developer.gserviceaccount.com","retryPolicy":"RETRY_POLICY_DO_NOT_RETRY"},"state":"ACTIVE","labels":{"deployment-tool":"cli-firebase","firebase-functions-hash":"e62397ea8c5801aa87c08837152fdb9b7b84fe02"},"environment":"GEN_2","url":"https://asia-east1-yapyap-a750c.cloudfunctions.net/bumpCommentCountOnCreate","satisfiesPzi":true},"stages":[{"name":"BUILD","message":"Build in progress","state":"IN_PROGRESS","resource":"projects/175735257281/locations/asia-east1/builds/6af1d82d-70f8-46b9-9f7e-9402e47ad6fc","resourceUri":"https://console.cloud.google.com/cloud-build/builds;region=asia-east1/6af1d82d-70f8-46b9-9f7e-9402e47ad6fc?project=175735257281"},{"name":"SERVICE","state":"NOT_STARTED"},{"name":"TRIGGER","state":"NOT_STARTED"}],"operationType":"UPDATE_FUNCTION","buildName":"projects/175735257281/locations/asia-east1/builds/6af1d82d-70f8-46b9-9f7e-9402e47ad6fc"},"done":false}
[debug] [2025-09-06T03:35:23.644Z] [update-default-asia-east1-bumpCommentCountOnCreate] Retrying task index 0
[debug] [2025-09-06T03:35:23.645Z] Checked if tokens are valid: true, expires at: 1757133151971
[debug] [2025-09-06T03:35:23.645Z] Checked if tokens are valid: true, expires at: 1757133151971
[debug] [2025-09-06T03:35:23.645Z] >>> [apiv2][query] GET https://cloudfunctions.googleapis.com/v2/projects/yapyap-a750c/locations/asia-east1/operations/operation-1757129650131-63e19a09ed334-b7d0e802-23e5cd29 [none]
[debug] [2025-09-06T03:35:23.715Z] <<< [apiv2][status] GET https://cloudfunctions.googleapis.com/v2/projects/yapyap-a750c/locations/asia-east1/operations/operation-1757129650131-63e19a09ed334-b7d0e802-23e5cd29 200
[debug] [2025-09-06T03:35:23.716Z] <<< [apiv2][body] GET https://cloudfunctions.googleapis.com/v2/projects/yapyap-a750c/locations/asia-east1/operations/operation-1757129650131-63e19a09ed334-b7d0e802-23e5cd29 {"name":"projects/yapyap-a750c/locations/asia-east1/operations/operation-1757129650131-63e19a09ed334-b7d0e802-23e5cd29","metadata":{"@type":"type.googleapis.com/google.cloud.functions.v2.OperationMetadata","createTime":"2025-09-06T03:34:11.559422024Z","target":"projects/yapyap-a750c/locations/asia-east1/functions/bumpCommentCountOnCreate","verb":"update","cancelRequested":false,"apiVersion":"v2","requestResource":{"@type":"type.googleapis.com/google.cloud.functions.v2.Function","name":"projects/yapyap-a750c/locations/asia-east1/functions/bumpCommentCountOnCreate","buildConfig":{"runtime":"nodejs20","entryPoint":"bumpCommentCountOnCreate","source":{"storageSource":{"bucket":"gcf-v2-sources-175735257281-asia-east1","object":"bumpCommentCountOnCreate/function-source.zip","generation":"1757129651485627"}},"environmentVariables":{"GOOGLE_NODE_RUN_SCRIPTS":""},"dockerRepository":"projects/yapyap-a750c/locations/asia-east1/repositories/gcf-artifacts","sourceProvenance":{"resolvedStorageSource":{"bucket":"gcf-v2-sources-175735257281-asia-east1","object":"bumpCommentCountOnCreate/function-source.zip","generation":"1754928535240601"}},"dockerRegistry":"ARTIFACT_REGISTRY","serviceAccount":"projects/yapyap-a750c/serviceAccounts/175735257281-compute@developer.gserviceaccount.com","automaticUpdatePolicy":{}},"serviceConfig":{"service":"projects/yapyap-a750c/locations/asia-east1/services/bumpcommentcountoncreate","timeoutSeconds":60,"environmentVariables":{"FIREBASE_CONFIG":"{\"projectId\":\"yapyap-a750c\",\"storageBucket\":\"yapyap-a750c.firebasestorage.app\"}","GCLOUD_PROJECT":"yapyap-a750c","EVENTARC_CLOUD_EVENT_SOURCE":"projects/yapyap-a750c/locations/asia-east1/services/bumpCommentCountOnCreate","FUNCTION_SIGNATURE_TYPE":"cloudevent","FUNCTION_TARGET":"bumpCommentCountOnCreate","LOG_EXECUTION_ID":"true"},"ingressSettings":"ALLOW_ALL","uri":"https://bumpcommentcountoncreate-tk66pv64oq-de.a.run.app","serviceAccountEmail":"175735257281-compute@developer.gserviceaccount.com","availableMemory":"256Mi","allTrafficOnLatestRevision":true,"revision":"bumpcommentcountoncreate-00002-rem","maxInstanceRequestConcurrency":80,"availableCpu":"1"},"eventTrigger":{"trigger":"projects/yapyap-a750c/locations/asia-east1/triggers/bumpcommentcountoncreate-848324","triggerRegion":"asia-east1","eventType":"google.cloud.firestore.document.v1.created","eventFilters":[{"attribute":"database","value":"(default)"},{"attribute":"namespace","value":"(default)"},{"attribute":"document","value":"posts/{postId}/comments/{commentId}","operator":"match-path-pattern"}],"pubsubTopic":"projects/yapyap-a750c/topics/eventarc-asia-east1-bumpcommentcountoncreate-848324-470","serviceAccountEmail":"175735257281-compute@developer.gserviceaccount.com","retryPolicy":"RETRY_POLICY_DO_NOT_RETRY"},"state":"ACTIVE","labels":{"deployment-tool":"cli-firebase","firebase-functions-hash":"e62397ea8c5801aa87c08837152fdb9b7b84fe02"},"environment":"GEN_2","url":"https://asia-east1-yapyap-a750c.cloudfunctions.net/bumpCommentCountOnCreate","satisfiesPzi":true},"stages":[{"name":"BUILD","message":"Build in progress","state":"IN_PROGRESS","resource":"projects/175735257281/locations/asia-east1/builds/6af1d82d-70f8-46b9-9f7e-9402e47ad6fc","resourceUri":"https://console.cloud.google.com/cloud-build/builds;region=asia-east1/6af1d82d-70f8-46b9-9f7e-9402e47ad6fc?project=175735257281"},{"name":"SERVICE","state":"NOT_STARTED"},{"name":"TRIGGER","state":"NOT_STARTED"}],"operationType":"UPDATE_FUNCTION","buildName":"projects/175735257281/locations/asia-east1/builds/6af1d82d-70f8-46b9-9f7e-9402e47ad6fc"},"done":false}
[debug] [2025-09-06T03:35:33.717Z] [update-default-asia-east1-bumpCommentCountOnCreate] Retrying task index 0
[debug] [2025-09-06T03:35:33.717Z] Checked if tokens are valid: true, expires at: 1757133151971
[debug] [2025-09-06T03:35:33.717Z] Checked if tokens are valid: true, expires at: 1757133151971
[debug] [2025-09-06T03:35:33.718Z] >>> [apiv2][query] GET https://cloudfunctions.googleapis.com/v2/projects/yapyap-a750c/locations/asia-east1/operations/operation-1757129650131-63e19a09ed334-b7d0e802-23e5cd29 [none]
[debug] [2025-09-06T03:35:33.809Z] <<< [apiv2][status] GET https://cloudfunctions.googleapis.com/v2/projects/yapyap-a750c/locations/asia-east1/operations/operation-1757129650131-63e19a09ed334-b7d0e802-23e5cd29 200
[debug] [2025-09-06T03:35:33.809Z] <<< [apiv2][body] GET https://cloudfunctions.googleapis.com/v2/projects/yapyap-a750c/locations/asia-east1/operations/operation-1757129650131-63e19a09ed334-b7d0e802-23e5cd29 {"name":"projects/yapyap-a750c/locations/asia-east1/operations/operation-1757129650131-63e19a09ed334-b7d0e802-23e5cd29","metadata":{"@type":"type.googleapis.com/google.cloud.functions.v2.OperationMetadata","createTime":"2025-09-06T03:34:11.559422024Z","endTime":"2025-09-06T03:35:36.376260518Z","target":"projects/yapyap-a750c/locations/asia-east1/functions/bumpCommentCountOnCreate","verb":"update","cancelRequested":false,"apiVersion":"v2","requestResource":{"@type":"type.googleapis.com/google.cloud.functions.v2.Function","name":"projects/yapyap-a750c/locations/asia-east1/functions/bumpCommentCountOnCreate","buildConfig":{"runtime":"nodejs20","entryPoint":"bumpCommentCountOnCreate","source":{"storageSource":{"bucket":"gcf-v2-sources-175735257281-asia-east1","object":"bumpCommentCountOnCreate/function-source.zip","generation":"1757129651485627"}},"environmentVariables":{"GOOGLE_NODE_RUN_SCRIPTS":""},"dockerRepository":"projects/yapyap-a750c/locations/asia-east1/repositories/gcf-artifacts","sourceProvenance":{"resolvedStorageSource":{"bucket":"gcf-v2-sources-175735257281-asia-east1","object":"bumpCommentCountOnCreate/function-source.zip","generation":"1754928535240601"}},"dockerRegistry":"ARTIFACT_REGISTRY","serviceAccount":"projects/yapyap-a750c/serviceAccounts/175735257281-compute@developer.gserviceaccount.com","automaticUpdatePolicy":{}},"serviceConfig":{"service":"projects/yapyap-a750c/locations/asia-east1/services/bumpcommentcountoncreate","timeoutSeconds":60,"environmentVariables":{"FIREBASE_CONFIG":"{\"projectId\":\"yapyap-a750c\",\"storageBucket\":\"yapyap-a750c.firebasestorage.app\"}","GCLOUD_PROJECT":"yapyap-a750c","EVENTARC_CLOUD_EVENT_SOURCE":"projects/yapyap-a750c/locations/asia-east1/services/bumpCommentCountOnCreate","FUNCTION_SIGNATURE_TYPE":"cloudevent","FUNCTION_TARGET":"bumpCommentCountOnCreate","LOG_EXECUTION_ID":"true"},"ingressSettings":"ALLOW_ALL","uri":"https://bumpcommentcountoncreate-tk66pv64oq-de.a.run.app","serviceAccountEmail":"175735257281-compute@developer.gserviceaccount.com","availableMemory":"256Mi","allTrafficOnLatestRevision":true,"revision":"bumpcommentcountoncreate-00002-rem","maxInstanceRequestConcurrency":80,"availableCpu":"1"},"eventTrigger":{"trigger":"projects/yapyap-a750c/locations/asia-east1/triggers/bumpcommentcountoncreate-848324","triggerRegion":"asia-east1","eventType":"google.cloud.firestore.document.v1.created","eventFilters":[{"attribute":"database","value":"(default)"},{"attribute":"namespace","value":"(default)"},{"attribute":"document","value":"posts/{postId}/comments/{commentId}","operator":"match-path-pattern"}],"pubsubTopic":"projects/yapyap-a750c/topics/eventarc-asia-east1-bumpcommentcountoncreate-848324-470","serviceAccountEmail":"175735257281-compute@developer.gserviceaccount.com","retryPolicy":"RETRY_POLICY_DO_NOT_RETRY"},"state":"ACTIVE","labels":{"deployment-tool":"cli-firebase","firebase-functions-hash":"e62397ea8c5801aa87c08837152fdb9b7b84fe02"},"environment":"GEN_2","url":"https://asia-east1-yapyap-a750c.cloudfunctions.net/bumpCommentCountOnCreate","satisfiesPzi":true},"stages":[{"name":"SERVICE","state":"NOT_STARTED"},{"name":"TRIGGER","state":"NOT_STARTED"}],"operationType":"UPDATE_FUNCTION"},"done":true,"error":{"code":3,"message":"Build failed with status: FAILURE and message: npm error code EUSAGE\nnpm error\nnpm error `npm ci` can only install packages when your package.json and package-lock.json or npm-shrinkwrap.json are in sync. Please update your lock file with `npm install` before continuing.\nnpm error\nnpm error Missing: expo@53.0.22 from lock file\nnpm error Missing: react@19.1.1 from lock file\nnpm error Missing: react-native@0.81.1 from lock file\nnpm error Missing: @babel/runtime@7.28.4 from lock file\nnpm error Missing: @expo/cli@0.24.21 from lock file\nnpm error Missing: @expo/fingerprint@0.13.4 from lock file\nnpm error Missing: @expo/metro-config@0.20.17 from lock file\nnpm error Missing: @expo/vector-icons@14.1.0 from lock file\nnpm error Missing: expo-font@13.3.2 from lock file\nnpm error Missing: babel-preset-expo@13.2.4 from lock file\nnpm error Missing: expo-asset@11.1.7 from lock file\nnpm error Missing: expo-file-system@18.1.11 from lock file\nnpm error Missing: expo-keep-awake@14.1.4 from lock file\nnpm error Missing: expo-modules-autolinking@2.1.14 from lock file\nnpm error Missing: expo-modules-core@2.5.0 from lock file\nnpm error Missing: react-native-edge-to-edge@1.6.0 from lock file\nnpm error Missing: whatwg-url-without-unicode@8.0.0-3 from lock file\nnpm error Missing: @0no-co/graphql.web@1.2.0 from lock file\nnpm error Missing: @expo/code-signing-certificates@0.0.5 from lock file\nnpm error Missing: @expo/devcert@1.2.0 from lock file\nnpm error Missing: @expo/osascript@2.2.5 from lock file\nnpm error Missing: @expo/package-manager@1.8.6 from lock file\nnpm error Missing: @expo/prebuild-config@9.0.11 from lock file\nnpm error Missing: @expo/schema-utils@0.1.0 from lock file\nnpm error Missing: @expo/ws-tunnel@1.0.6 from lock file\nnpm error Missing: @expo/xcpretty@4.3.2 from lock file\nnpm error Missing: @react-native/dev-middleware@0.79.6 from lock file\nnpm error Missing: @urql/core@5.2.0 from lock file\nnpm error Missing: @urql/exchange-retry@1.3.2 from lock file\nnpm error Missing: arg@5.0.2 from lock file\nnpm error Missing: better-opn@3.0.2 from lock file\nnpm error Missing: ci-info@3.9.0 from lock file\nnpm error Missing: compression@1.8.1 from lock file\nnpm error Missing: connect@3.7.0 from lock file\nnpm error Missing: debug@4.4.1 from lock file\nnpm error Missing: env-editor@0.4.2 from lock file\nnpm error Missing: freeport-async@2.0.0 from lock file\nnpm error Missing: lan-network@0.1.7 from lock file\nnpm error Missing: npm-package-arg@11.0.3 from lock file\nnpm error Missing: ora@3.4.0 from lock file\nnpm error Missing: picomatch@3.0.1 from lock file\nnpm error Missing: pretty-bytes@5.6.0 from lock file\nnpm error Missing: pretty-format@29.7.0 from lock file\nnpm error Missing: progress@2.0.3 from lock file\nnpm error Missing: prompts@2.4.2 from lock file\nnpm error Missing: qrcode-terminal@0.11.0 from lock file\nnpm error Missing: requireg@0.2.2 from lock file\nnpm error Missing: resolve@1.22.10 from lock file\nnpm error Missing: resolve.exports@2.0.3 from lock file\nnpm error Missing: source-map-support@0.5.21 from lock file\nnpm error Missing: stacktrace-parser@0.1.11 from lock file\nnpm error Missing: structured-headers@0.4.1 from lock file\nnpm error Missing: tar@7.4.3 from lock file\nnpm error Missing: terminal-link@2.1.1 from lock file\nnpm error Missing: undici@6.21.3 from lock file\nnpm error Missing: ws@8.18.3 from lock file\nnpm error Missing: nullthrows@1.1.1 from lock file\nnpm error Missing: @expo/sudo-prompt@9.3.2 from lock file\nnpm error Missing: debug@3.2.7 from lock file\nnpm error Missing: arg@5.0.2 from lock file\nnpm error Missing: debug@4.4.1 from lock file\nnpm error Missing: find-up@5.0.0 from lock file\nnpm error Missing: ignore@5.3.2 from lock file\nnpm error Missing: @babel/core@7.28.4 from lock file\nnpm error Missing: @babel/generator@7.28.3 from lock file\nnpm error Missing: @babel/parser@7.28.4 from lock file\nnpm error Missing: @babel/types@7.28.4 from lock file\nnpm error Missing: debug@4.4.1 from lock file\nnpm error Missing: jsc-safe-url@0.2.4 from lock file\nnpm error Missing: lightningcss@1.27.0 from lock file\nnpm error Missing: postcss@8.4.49 from lock file\nnpm error Missing: @babel/code-frame@7.27.1 from lock file\nnpm error Missing: @babel/helper-compilation-targets@7.27.2 from lock file\nnpm error Missing: @babel/helper-module-transforms@7.28.3 from lock file\nnpm error Missing: @babel/helpers@7.28.4 from lock file\nnpm error Missing: @babel/template@7.27.2 from lock file\nnpm error Missing: @babel/traverse@7.28.4 from lock file\nnpm error Missing: @jridgewell/remapping@2.3.5 from lock file\nnpm error Missing: convert-source-map@2.0.0 from lock file\nnpm error Missing: debug@4.4.1 from lock file\nnpm error Missing: gensync@1.0.0-beta.2 from lock file\nnpm error Missing: semver@6.3.1 from lock file\nnpm error Missing: jsesc@3.1.0 from lock file\nnpm error Missing: @babel/compat-data@7.28.4 from lock file\nnpm error Missing: @babel/helper-validator-option@7.27.1 from lock file\nnpm error Missing: browserslist@4.25.4 from lock file\nnpm error Missing: lru-cache@5.1.1 from lock file\nnpm error Missing: semver@6.3.1 from lock file\nnpm error Missing: @babel/helper-module-imports@7.27.1 from lock file\nnpm error Missing: @babel/code-frame@7.27.1 from lock file\nnpm error Missing: @babel/code-frame@7.27.1 from lock file\nnpm error Missing: @babel/helper-globals@7.28.0 from lock file\nnpm error Missing: debug@4.4.1 from lock file\nnpm error Missing: @babel/helper-string-parser@7.27.1 from lock file\nnpm error Missing: exec-async@2.2.0 from lock file\nnpm error Missing: @react-native/normalize-colors@0.79.5 from lock file\nnpm error Missing: debug@4.4.1 from lock file\nnpm error Missing: js-yaml@4.1.0 from lock file\nnpm error Missing: @isaacs/ttlcache@1.4.1 from lock file\nnpm error Missing: @react-native/debugger-frontend@0.79.6 from lock file\nnpm error Missing: chrome-launcher@0.15.2 from lock file\nnpm error Missing: chromium-edge-launcher@0.2.0 from lock file\nnpm error Missing: invariant@2.2.4 from lock file\nnpm error Missing: open@7.4.2 from lock file\nnpm error Missing: ws@6.2.3 from lock file\nnpm error Missing: wonka@6.3.5 from lock file\nnpm error Missing: @babel/plugin-proposal-decorators@7.28.0 from lock file\nnpm error Missing: @babel/plugin-proposal-export-default-from@7.27.1 from lock file\nnpm error Missing: @babel/plugin-syntax-export-default-from@7.27.1 from lock file\nnpm error Missing: @babel/plugin-transform-export-namespace-from@7.27.1 from lock file\nnpm error Missing: @babel/plugin-transform-flow-strip-types@7.27.1 from lock file\nnpm error Missing: @babel/plugin-transform-modules-commonjs@7.27.1 from lock file\nnpm error Missing: @babel/plugin-transform-object-rest-spread@7.28.4 from lock file\nnpm error Missing: @babel/plugin-transform-parameters@7.27.7 from lock file\nnpm error Missing: @babel/plugin-transform-private-methods@7.27.1 from lock file\nnpm error Missing: @babel/plugin-transform-private-property-in-object@7.27.1 from lock file\nnpm error Missing: @babel/plugin-transform-runtime@7.28.3 from lock file\nnpm error Missing: @babel/preset-react@7.27.1 from lock file\nnpm error Missing: @babel/preset-typescript@7.27.1 from lock file\nnpm error Missing: @react-native/babel-preset@0.79.6 from lock file\nnpm error Missing: babel-plugin-react-native-web@0.19.13 from lock file\nnpm error Missing: babel-plugin-syntax-hermes-parser@0.25.1 from lock file\nnpm error Missing: babel-plugin-transform-flow-enums@0.0.2 from lock file\nnpm error Missing: debug@4.4.1 from lock file\nnpm error Missing: react-refresh@0.14.2 from lock file\nnpm error Missing: @babel/helper-create-class-features-plugin@7.28.3 from lock file\nnpm error Missing: @babel/helper-plugin-utils@7.27.1 from lock file\nnpm error Missing: @babel/plugin-syntax-decorators@7.27.1 from lock file\nnpm error Missing: @babel/helper-annotate-as-pure@7.27.3 from lock file\nnpm error Missing: @babel/helper-member-expression-to-functions@7.27.1 from lock file\nnpm error Missing: @babel/helper-optimise-call-expression@7.27.1 from lock file\nnpm error Missing: @babel/helper-replace-supers@7.27.1 from lock file\nnpm error Missing: @babel/helper-skip-transparent-expression-wrappers@7.27.1 from lock file\nnpm error Missing: semver@6.3.1 from lock file\nnpm error Missing: @babel/plugin-syntax-flow@7.27.1 from lock file\nnpm error Missing: @babel/plugin-transform-destructuring@7.28.0 from lock file\nnpm error Missing: babel-plugin-polyfill-corejs2@0.4.14 from lock file\nnpm error Missing: babel-plugin-polyfill-corejs3@0.13.0 from lock file\nnpm error Missing: babel-plugin-polyfill-regenerator@0.6.5 from lock file\nnpm error Missing: semver@6.3.1 from lock file\nnpm error Missing: @babel/plugin-transform-react-display-name@7.28.0 from lock file\nnpm error Missing: @babel/plugin-transform-react-jsx@7.27.1 from lock file\nnpm error Missing: @babel/plugin-transform-react-jsx-development@7.27.1 from lock file\nnpm error Missing: @babel/plugin-transform-react-pure-annotations@7.27.1 from lock file\nnpm error Missing: @babel/plugin-syntax-jsx@7.27.1 from lock file\nnpm error Missing: @babel/plugin-transform-typescript@7.28.0 from lock file\nnpm error Missing: @babel/plugin-syntax-typescript@7.27.1 from lock file\nnpm error Missing: @babel/plugin-syntax-dynamic-import@7.8.3 from lock file\nnpm error Missing: @babel/plugin-syntax-nullish-coalescing-operator@7.8.3 from lock file\nnpm error Missing: @babel/plugin-syntax-optional-chaining@7.8.3 from lock file\nnpm error Missing: @babel/plugin-transform-arrow-functions@7.27.1 from lock file\nnpm error Missing: @babel/plugin-transform-async-generator-functions@7.28.0 from lock file\nnpm error Missing: @babel/plugin-transform-async-to-generator@7.27.1 from lock file\nnpm error Missing: @babel/plugin-transform-block-scoping@7.28.4 from lock file\nnpm error Missing: @babel/plugin-transform-class-properties@7.27.1 from lock file\nnpm error Missing: @babel/plugin-transform-classes@7.28.4 from lock file\nnpm error Missing: @babel/plugin-transform-computed-properties@7.27.1 from lock file\nnpm error Missing: @babel/plugin-transform-for-of@7.27.1 from lock file\nnpm error Missing: @babel/plugin-transform-function-name@7.27.1 from lock file\nnpm error Missing: @babel/plugin-transform-literals@7.27.1 from lock file\nnpm error Missing: @babel/plugin-transform-logical-assignment-operators@7.27.1 from lock file\nnpm error Missing: @babel/plugin-transform-named-capturing-groups-regex@7.27.1 from lock file\nnpm error Missing: @babel/plugin-transform-nullish-coalescing-operator@7.27.1 from lock file\nnpm error Missing: @babel/plugin-transform-numeric-separator@7.27.1 from lock file\nnpm error Missing: @babel/plugin-transform-optional-catch-binding@7.27.1 from lock file\nnpm error Missing: @babel/plugin-transform-optional-chaining@7.27.1 from lock file\nnpm error Missing: @babel/plugin-transform-react-jsx-self@7.27.1 from lock file\nnpm error Missing: @babel/plugin-transform-react-jsx-source@7.27.1 from lock file\nnpm error Missing: @babel/plugin-transform-regenerator@7.28.4 from lock file\nnpm error Missing: @babel/plugin-transform-shorthand-properties@7.27.1 from lock file\nnpm error Missing: @babel/plugin-transform-spread@7.27.1 from lock file\nnpm error Missing: @babel/plugin-transform-sticky-regex@7.27.1 from lock file\nnpm error Missing: @babel/plugin-transform-unicode-regex@7.27.1 from lock file\nnpm error Missing: @react-native/babel-plugin-codegen@0.79.6 from lock file\nnpm error Missing: @babel/helper-remap-async-to-generator@7.27.1 from lock file\nnpm error Missing: @babel/helper-wrap-function@7.28.3 from lock file\nnpm error Missing: @babel/helper-create-regexp-features-plugin@7.27.1 from lock file\nnpm error Missing: regexpu-core@6.2.0 from lock file\nnpm error Missing: semver@6.3.1 from lock file\nnpm error Missing: @react-native/codegen@0.79.6 from lock file\nnpm error Missing: glob@7.2.3 from lock file\nnpm error Missing: hermes-parser@0.25.1 from lock file\nnpm error Missing: @babel/helper-define-polyfill-provider@0.6.5 from lock file\nnpm error Missing: semver@6.3.1 from lock file\nnpm error Missing: debug@4.4.1 from lock file\nnpm error Missing: lodash.debounce@4.0.8 from lock file\nnpm error Missing: core-js-compat@3.45.1 from lock file\nnpm error Missing: open@8.4.2 from lock file\nnpm error Missing: caniuse-lite@1.0.30001741 from lock file\nnpm error Missing: electron-to-chromium@1.5.214 from lock file\nnpm error Missing: node-releases@2.0.20 from lock file\nnpm error Missing: update-browserslist-db@1.1.3 from lock file\nnpm error Missing: escape-string-regexp@4.0.0 from lock file\nnpm error Missing: is-wsl@2.2.0 from lock file\nnpm error Missing: lighthouse-logger@1.4.2 from lock file\nnpm error Missing: escape-string-regexp@4.0.0 from lock file\nnpm error Missing: mkdirp@1.0.4 from lock file\nnpm error Missing: rimraf@3.0.2 from lock file\nnpm error Missing: compressible@2.0.18 from lock file\nnpm error Missing: negotiator@0.6.4 from lock file\nnpm error Missing: on-headers@1.1.0 from lock file\nnpm error Missing: finalhandler@1.1.2 from lock file\nnpm error Missing: fontfaceobserver@2.3.0 from lock file\nnpm error Missing: commander@7.2.0 from lock file\nnpm error Missing: locate-path@6.0.0 from lock file\nnpm error Missing: path-exists@4.0.0 from lock file\nnpm error Missing: hermes-estree@0.25.1 from lock file\nnpm error Missing: loose-envify@1.4.0 from lock file\nnpm error Missing: is-docker@2.2.1 from lock file\nnpm error Missing: argparse@2.0.1 from lock file\nnpm error Missing: marky@1.3.0 from lock file\nnpm error Missing: detect-libc@1.0.3 from lock file\nnpm error Missing: lightningcss-darwin-arm64@1.27.0 from lock file\nnpm error Missing: lightningcss-darwin-x64@1.27.0 from lock file\nnpm error Missing: lightningcss-freebsd-x64@1.27.0 from lock file\nnpm error Missing: lightningcss-linux-arm-gnueabihf@1.27.0 from lock file\nnpm error Missing: lightningcss-linux-arm64-gnu@1.27.0 from lock file\nnpm error Missing: lightningcss-linux-arm64-musl@1.27.0 from lock file\nnpm error Missing: lightningcss-linux-x64-gnu@1.27.0 from lock file\nnpm error Missing: lightningcss-linux-x64-musl@1.27.0 from lock file\nnpm error Missing: lightningcss-win32-arm64-msvc@1.27.0 from lock file\nnpm error Missing: lightningcss-win32-x64-msvc@1.27.0 from lock file\nnpm error Missing: p-locate@5.0.0 from lock file\nnpm error Missing: hosted-git-info@7.0.2 from lock file\nnpm error Missing: proc-log@4.2.0 from lock file\nnpm error Missing: validate-npm-package-name@5.0.1 from lock file\nnpm error Missing: lru-cache@10.4.3 from lock file\nnpm error Missing: chalk@2.4.2 from lock file\nnpm error Missing: cli-cursor@2.1.0 from lock file\nnpm error Missing: cli-spinners@2.9.2 from lock file\nnpm error Missing: log-symbols@2.2.0 from lock file\nnpm error Missing: strip-ansi@5.2.0 from lock file\nnpm error Missing: wcwidth@1.0.1 from lock file\nnpm error Missing: restore-cursor@2.0.0 from lock file\nnpm error Missing: chalk@2.4.2 from lock file\nnpm error Missing: nanoid@3.3.11 from lock file\nnpm error Missing: source-map-js@1.2.1 from lock file\nnpm error Missing: @jest/schemas@29.6.3 from lock file\nnpm error Missing: ansi-styles@5.2.0 from lock file\nnpm error Missing: react-is@18.3.1 from lock file\nnpm error Missing: @sinclair/typebox@0.27.8 from lock file\nnpm error Missing: kleur@3.0.3 from lock file\nnpm error Missing: sisteransi@1.0.5 from lock file\nnpm error Missing: @jest/create-cache-key-function@29.7.0 from lock file\nnpm error Missing: @react-native/assets-registry@0.81.1 from lock file\nnpm error Missing: @react-native/codegen@0.81.1 from lock file\nnpm error Missing: @react-native/community-cli-plugin@0.81.1 from lock file\nnpm error Missing: @react-native/gradle-plugin@0.81.1 from lock file\nnpm error Missing: @react-native/js-polyfills@0.81.1 from lock file\nnpm error Missing: @react-native/normalize-colors@0.81.1 from lock file\nnpm error Missing: @react-native/virtualized-lists@0.81.1 from lock file\nnpm error Missing: anser@1.4.10 from lock file\nnpm error Missing: babel-jest@29.7.0 from lock file\nnpm error Missing: babel-plugin-syntax-hermes-parser@0.29.1 from lock file\nnpm error Missing: commander@12.1.0 from lock file\nnpm error Missing: flow-enums-runtime@0.0.6 from lock file\nnpm error Missing: glob@7.2.3 from lock file\nnpm error Missing: jest-environment-node@29.7.0 from lock file\nnpm error Missing: memoize-one@5.2.1 from lock file\nnpm error Missing: metro-runtime@0.83.1 from lock file\nnpm error Missing: metro-source-map@0.83.1 from lock file\nnpm error Missing: promise@8.3.0 from lock file\nnpm error Missing: react-devtools-core@6.1.5 from lock file\nnpm error Missing: regenerator-runtime@0.13.11 from lock file\nnpm error Missing: scheduler@0.26.0 from lock file\nnpm error Missing: whatwg-fetch@3.6.20 from lock file\nnpm error Missing: ws@6.2.3 from lock file\nnpm error Missing: @jest/types@29.6.3 from lock file\nnpm error Missing: @types/istanbul-lib-coverage@2.0.6 from lock file\nnpm error Missing: @types/istanbul-reports@3.0.4 from lock file\nnpm error Missing: @types/yargs@17.0.33 from lock file\nnpm error Missing: @react-native/dev-middleware@0.81.1 from lock file\nnpm error Missing: debug@4.4.1 from lock file\nnpm error Missing: metro@0.83.1 from lock file\nnpm error Missing: metro-config@0.83.1 from lock file\nnpm error Missing: metro-core@0.83.1 from lock file\nnpm error Missing: @types/istanbul-lib-report@3.0.3 from lock file\nnpm error Missing: @types/yargs-parser@21.0.3 from lock file\nnpm error Missing: @jest/transform@29.7.0 from lock file\nnpm error Missing: @types/babel__core@7.20.5 from lock file\nnpm error Missing: babel-plugin-istanbul@6.1.1 from lock file\nnpm error Missing: babel-preset-jest@29.6.3 from lock file\nnpm error Missing: graceful-fs@4.2.11 from lock file\nnpm error Missing: fast-json-stable-stringify@2.1.0 from lock file\nnpm error Missing: jest-haste-map@29.7.0 from lock file\nnpm error Missing: jest-regex-util@29.6.3 from lock file\nnpm error Missing: jest-util@29.7.0 from lock file\nnpm error Missing: micromatch@4.0.8 from lock file\nnpm error Missing: write-file-atomic@4.0.2 from lock file\nnpm error Missing: @types/babel__generator@7.27.0 from lock file\nnpm error Missing: @types/babel__template@7.4.4 from lock file\nnpm error Missing: @types/babel__traverse@7.28.0 from lock file\nnpm error Missing: @istanbuljs/load-nyc-config@1.1.0 from lock file\nnpm error Missing: @istanbuljs/schema@0.1.3 from lock file\nnpm error Missing: istanbul-lib-instrument@5.2.1 from lock file\nnpm error Missing: test-exclude@6.0.0 from lock file\nnpm error Missing: camelcase@5.3.1 from lock file\nnpm error Missing: find-up@4.1.0 from lock file\nnpm error Missing: get-package-type@0.1.0 from lock file\nnpm error Missing: js-yaml@3.14.1 from lock file\nnpm error Missing: babel-plugin-jest-hoist@29.6.3 from lock file\nnpm error Missing: babel-preset-current-node-syntax@1.2.0 from lock file\nnpm error Missing: @babel/plugin-syntax-async-generators@7.8.4 from lock file\nnpm error Missing: @babel/plugin-syntax-bigint@7.8.3 from lock file\nnpm error Missing: @babel/plugin-syntax-class-properties@7.12.13 from lock file\nnpm error Missing: @babel/plugin-syntax-class-static-block@7.14.5 from lock file\nnpm error Missing: @babel/plugin-syntax-import-attributes@7.27.1 from lock file\nnpm error Missing: @babel/plugin-syntax-import-meta@7.10.4 from lock file\nnpm error Missing: @babel/plugin-syntax-json-strings@7.8.3 from lock file\nnpm error Missing: @babel/plugin-syntax-logical-assignment-operators@7.10.4 from lock file\nnpm error Missing: @babel/plugin-syntax-numeric-separator@7.10.4 from lock file\nnpm error Missing: @babel/plugin-syntax-object-rest-spread@7.8.3 from lock file\nnpm error Missing: @babel/plugin-syntax-optional-catch-binding@7.8.3 from lock file\nnpm error Missing: @babel/plugin-syntax-private-property-in-object@7.14.5 from lock file\nnpm error Missing: @babel/plugin-syntax-top-level-await@7.14.5 from lock file\nnpm error Missing: istanbul-lib-coverage@3.2.2 from lock file\nnpm error Missing: semver@6.3.1 from lock file\nnpm error Missing: @jest/environment@29.7.0 from lock file\nnpm error Missing: @jest/fake-timers@29.7.0 from lock file\nnpm error Missing: jest-mock@29.7.0 from lock file\nnpm error Missing: @sinonjs/fake-timers@10.3.0 from lock file\nnpm error Missing: jest-message-util@29.7.0 from lock file\nnpm error Missing: @sinonjs/commons@3.0.1 from lock file\nnpm error Missing: type-detect@4.0.8 from lock file\nnpm error Missing: @types/graceful-fs@4.1.9 from lock file\nnpm error Missing: anymatch@3.1.3 from lock file\nnpm error Missing: fb-watchman@2.0.2 from lock file\nnpm error Missing: fsevents@2.3.3 from lock file\nnpm error Missing: jest-worker@29.7.0 from lock file\nnpm error Missing: walker@1.0.8 from lock file\nnpm error Missing: normalize-path@3.0.0 from lock file\nnpm error Missing: picomatch@2.3.1 from lock file\nnpm error Missing: bser@2.1.1 from lock file\nnpm error Missing: node-int64@0.4.0 from lock file\nnpm error Missing: @babel/code-frame@7.27.1 from lock file\nnpm error Missing: @types/stack-utils@2.0.3 from lock file\nnpm error Missing: stack-utils@2.0.6 from lock file\nnpm error Missing: picomatch@2.3.1 from lock file\nnpm error Missing: merge-stream@2.0.0 from lock file\nnpm error Missing: supports-color@8.1.1 from lock file\nnpm error Missing: @babel/code-frame@7.27.1 from lock file\nnpm error Missing: ci-info@2.0.0 from lock file\nnpm error Missing: debug@4.4.1 from lock file\nnpm error Missing: error-stack-parser@2.1.4 from lock file\nnpm error Missing: hermes-parser@0.29.1 from lock file\nnpm error Missing: image-size@1.2.1 from lock file\nnpm error Missing: lodash.throttle@4.1.1 from lock file\nnpm error Missing: metro-babel-transformer@0.83.1 from lock file\nnpm error Missing: metro-cache@0.83.1 from lock file\nnpm error Missing: metro-cache-key@0.83.1 from lock file\nnpm error Missing: metro-file-map@0.83.1 from lock file\nnpm error Missing: metro-resolver@0.83.1 from lock file\nnpm error Missing: metro-symbolicate@0.83.1 from lock file\nnpm error Missing: metro-transform-plugins@0.83.1 from lock file\nnpm error Missing: metro-transform-worker@0.83.1 from lock file\nnpm error Missing: serialize-error@2.1.0 from lock file\nnpm error Missing: source-map@0.5.7 from lock file\nnpm error Missing: throat@5.0.0 from lock file\nnpm error Missing: ws@7.5.10 from lock file\nnpm error Missing: stackframe@1.3.4 from lock file\nnpm error Missing: queue@6.0.2 from lock file\nnpm error Missing: hermes-parser@0.29.1 from lock file\nnpm error Missing: exponential-backoff@3.1.2 from lock file\nnpm error Missing: cosmiconfig@5.2.1 from lock file\nnpm error Missing: jest-validate@29.7.0 from lock file\nnpm error Missing: import-fresh@2.0.0 from lock file\nnpm error Missing: is-directory@0.3.1 from lock file\nnpm error Missing: js-yaml@3.14.1 from lock file\nnpm error Missing: parse-json@4.0.0 from lock file\nnpm error Missing: caller-path@2.0.0 from lock file\nnpm error Missing: resolve-from@3.0.0 from lock file\nnpm error Missing: caller-callsite@2.0.0 from lock file\nnpm error Missing: callsites@2.0.0 from lock file\nnpm error Missing: camelcase@6.3.0 from lock file\nnpm error Missing: jest-get-type@29.6.3 from lock file\nnpm error Missing: leven@3.1.0 from lock file\nnpm error Missing: debug@4.4.1 from lock file\nnpm error Missing: @babel/traverse--for-generate-function-map@7.28.4 from lock file\nnpm error Missing: ob1@0.83.1 from lock file\nnpm error Missing: vlq@1.0.1 from lock file\nnpm error Missing: @babel/code-frame@7.27.1 from lock file\nnpm error Missing: debug@4.4.1 from lock file\nnpm error Missing: metro-minify-terser@0.83.1 from lock file\nnpm error Missing: terser@5.44.0 from lock file\nnpm error Missing: braces@3.0.3 from lock file\nnpm error Missing: picomatch@2.3.1 from lock file\nnpm error Missing: fill-range@7.1.1 from lock file\nnpm error Missing: to-regex-range@5.0.1 from lock file\nnpm error Missing: error-ex@1.3.2 from lock file\nnpm error Missing: json-parse-better-errors@1.0.2 from lock file\nnpm error Missing: is-arrayish@0.2.1 from lock file\nnpm error Missing: asap@2.0.6 from lock file\nnpm error Missing: shell-quote@1.8.3 from lock file\nnpm error Missing: ws@7.5.10 from lock file\nnpm error Missing: regenerate@1.4.2 from lock file\nnpm error Missing: regenerate-unicode-properties@10.2.0 from lock file\nnpm error Missing: regjsgen@0.8.0 from lock file\nnpm error Missing: regjsparser@0.12.0 from lock file\nnpm error Missing: unicode-match-property-ecmascript@2.0.0 from lock file\nnpm error Missing: unicode-match-property-value-ecmascript@2.2.0 from lock file\nnpm error Missing: jsesc@3.0.2 from lock file\nnpm error Missing: nested-error-stacks@2.0.1 from lock file\nnpm error Missing: rc@1.2.8 from lock file\nnpm error Missing: resolve@1.7.1 from lock file\nnpm error Missing: deep-extend@0.6.0 from lock file\nnpm error Missing: ini@1.3.8 from lock file\nnpm error Missing: minimist@1.2.8 from lock file\nnpm error Missing: strip-json-comments@2.0.1 from lock file\nnpm error Missing: is-core-module@2.16.1 from lock file\nnpm error Missing: path-parse@1.0.7 from lock file\nnpm error Missing: supports-preserve-symlinks-flag@1.0.0 from lock file\nnpm error Missing: onetime@2.0.1 from lock file\nnpm error Missing: signal-exit@3.0.7 from lock file\nnpm error Missing: mimic-fn@1.2.0 from lock file\nnpm error Missing: glob@7.2.3 from lock file\nnpm error Missing: buffer-from@1.1.2 from lock file\nnpm error Missing: source-map@0.6.1 from lock file\nnpm error Missing: escape-string-regexp@2.0.0 from lock file\nnpm error Missing: type-fest@0.7.1 from lock file\nnpm error Missing: @isaacs/fs-minipass@4.0.1 from lock file\nnpm error Missing: chownr@3.0.0 from lock file\nnpm error Missing: minizlib@3.0.2 from lock file\nnpm error Missing: mkdirp@3.0.1 from lock file\nnpm error Missing: yallist@5.0.0 from lock file\nnpm error Missing: ansi-escapes@4.3.2 from lock file\nnpm error Missing: supports-hyperlinks@2.3.0 from lock file\nnpm error Missing: type-fest@0.21.3 from lock file\nnpm error Missing: @jridgewell/source-map@0.3.11 from lock file\nnpm error Missing: commander@2.20.3 from lock file\nnpm error Missing: glob@7.2.3 from lock file\nnpm error Missing: minimatch@3.1.2 from lock file\nnpm error Missing: is-number@7.0.0 from lock file\nnpm error Missing: unicode-canonical-property-names-ecmascript@2.0.1 from lock file\nnpm error Missing: unicode-property-aliases-ecmascript@2.1.0 from lock file\nnpm error Missing: makeerror@1.0.12 from lock file\nnpm error Missing: tmpl@1.0.5 from lock file\nnpm error Missing: defaults@1.0.4 from lock file\nnpm error Missing: clone@1.0.4 from lock file\nnpm error Missing: buffer@5.7.1 from lock file\nnpm error Missing: punycode@2.3.1 from lock file\nnpm error Missing: webidl-conversions@5.0.0 from lock file\nnpm error Missing: ieee754@1.2.1 from lock file\nnpm error Missing: imurmurhash@0.1.4 from lock file\nnpm error Missing: signal-exit@3.0.7 from lock file\nnpm error Missing: ms@2.1.3 from lock file\nnpm error Missing: yallist@3.1.1 from lock file\nnpm error Missing: ms@2.1.3 from lock file\nnpm error Missing: ms@2.1.3 from lock file\nnpm error Missing: ms@2.1.3 from lock file\nnpm error Missing: ms@2.1.3 from lock file\nnpm error Missing: ms@2.1.3 from lock file\nnpm error Missing: ms@2.1.3 from lock file\nnpm error Missing: ms@2.1.3 from lock file\nnpm error Missing: ms@2.1.3 from lock file\nnpm error Missing: locate-path@5.0.0 from lock file\nnpm error Missing: argparse@1.0.10 from lock file\nnpm error Missing: esprima@4.0.1 from lock file\nnpm error Missing: sprintf-js@1.0.3 from lock file\nnpm error Missing: p-locate@4.1.0 from lock file\nnpm error Missing: p-limit@2.3.0 from lock file\nnpm error Missing: p-try@2.2.0 from lock file\nnpm error Missing: fs.realpath@1.0.0 from lock file\nnpm error Missing: inflight@1.0.6 from lock file\nnpm error Missing: minimatch@3.1.2 from lock file\nnpm error Missing: path-is-absolute@1.0.1 from lock file\nnpm error Missing: brace-expansion@1.1.12 from lock file\nnpm error Missing: concat-map@0.0.1 from lock file\nnpm error Missing: @react-native/debugger-frontend@0.81.1 from lock file\nnpm error Missing: ws@6.2.3 from lock file\nnpm error Missing: ms@2.1.3 from lock file\nnpm error Missing: async-limiter@1.0.1 from lock file\nnpm error Missing: ms@2.1.3 from lock file\nnpm error Missing: define-lazy-prop@2.0.0 from lock file\nnpm error Missing: encodeurl@1.0.2 from lock file\nnpm error Missing: on-finished@2.3.0 from lock file\nnpm error Missing: statuses@1.5.0 from lock file\nnpm error Missing: argparse@1.0.10 from lock file\nnpm error Missing: ansi-styles@3.2.1 from lock file\nnpm error Missing: supports-color@5.5.0 from lock file\nnpm error Missing: color-convert@1.9.3 from lock file\nnpm error Missing: color-name@1.1.3 from lock file\nnpm error Missing: has-flag@3.0.0 from lock file\nnpm error Missing: hermes-estree@0.29.1 from lock file\nnpm error Missing: ms@2.1.3 from lock file\nnpm error Missing: ms@2.1.3 from lock file\nnpm error Missing: hermes-estree@0.29.1 from lock file\nnpm error Missing: ansi-styles@3.2.1 from lock file\nnpm error Missing: supports-color@5.5.0 from lock file\nnpm error Missing: color-convert@1.9.3 from lock file\nnpm error Missing: color-name@1.1.3 from lock file\nnpm error Missing: ansi-regex@4.1.1 from lock file\nnpm error Missing: has-flag@3.0.0 from lock file\nnpm error Missing: hermes-parser@0.29.1 from lock file\nnpm error Missing: minimatch@3.1.2 from lock file\nnpm error Missing: hermes-estree@0.29.1 from lock file\nnpm error Missing: brace-expansion@1.1.12 from lock file\nnpm error Missing: minimatch@3.1.2 from lock file\nnpm error Missing: brace-expansion@1.1.12 from lock file\nnpm error Missing: brace-expansion@1.1.12 from lock file\nnpm error\nnpm error Clean install a project\nnpm error\nnpm error Usage:\nnpm error npm ci\nnpm error\nnpm error Options:\nnpm error [--install-strategy <hoisted|nested|shallow|linked>] [--legacy-bundling]\nnpm error [--global-style] [--omit <dev|optional|peer> [--omit <dev|optional|peer> ...]]\nnpm error [--include <prod|dev|optional|peer> [--include <prod|dev|optional|peer> ...]]\nnpm error [--strict-peer-deps] [--foreground-scripts] [--ignore-scripts] [--no-audit]\nnpm error [--no-bin-links] [--no-fund] [--dry-run]\nnpm error [-w|--workspace <workspace-name> [-w|--workspace <workspace-name> ...]]\nnpm error [-ws|--workspaces] [--include-workspace-root] [--install-links]\nnpm error\nnpm error aliases: clean-install, ic, install-clean, isntall-clean\nnpm error\nnpm error Run \"npm help ci\" for more info\nnpm error A complete log of this run can be found in: /www-data-home/.npm/_logs/2025-09-06T03_34_32_295Z-debug-0.log. For more details see the logs at https://console.cloud.google.com/cloud-build/builds;region=asia-east1/6af1d82d-70f8-46b9-9f7e-9402e47ad6fc?project=175735257281."}}
[debug] [2025-09-06T03:35:33.810Z] Got source token undefined for region asia-east1
[debug] [2025-09-06T03:35:33.810Z] Checked if tokens are valid: true, expires at: 1757133151971
[debug] [2025-09-06T03:35:33.810Z] Checked if tokens are valid: true, expires at: 1757133151971
[debug] [2025-09-06T03:35:33.810Z] Checked if tokens are valid: true, expires at: 1757133151971
[debug] [2025-09-06T03:35:33.810Z] Checked if tokens are valid: true, expires at: 1757133151971
[debug] [2025-09-06T03:35:33.810Z] >>> [apiv2][query] PATCH https://cloudfunctions.googleapis.com/v2/projects/yapyap-a750c/locations/asia-east1/functions/bumpCommentCountOnDelete updateMask=name%2CbuildConfig.runtime%2CbuildConfig.entryPoint%2CbuildConfig.source.storageSource.bucket%2CbuildConfig.source.storageSource.object%2CbuildConfig.environmentVariables%2CbuildConfig.sourceToken%2CserviceConfig.environmentVariables%2CserviceConfig.ingressSettings%2CserviceConfig.timeoutSeconds%2CserviceConfig.serviceAccountEmail%2CserviceConfig.availableMemory%2CserviceConfig.minInstanceCount%2CserviceConfig.maxInstanceCount%2CserviceConfig.maxInstanceRequestConcurrency%2CserviceConfig.availableCpu%2CserviceConfig.vpcConnector%2CserviceConfig.vpcConnectorEgressSettings%2Clabels%2CeventTrigger.eventType%2CeventTrigger.retryPolicy%2CeventTrigger.eventFilters%2CeventTrigger.triggerRegion
[debug] [2025-09-06T03:35:33.810Z] >>> [apiv2][body] PATCH https://cloudfunctions.googleapis.com/v2/projects/yapyap-a750c/locations/asia-east1/functions/bumpCommentCountOnDelete {"name":"projects/yapyap-a750c/locations/asia-east1/functions/bumpCommentCountOnDelete","buildConfig":{"runtime":"nodejs20","entryPoint":"bumpCommentCountOnDelete","source":{"storageSource":{"bucket":"gcf-v2-uploads-175735257281.asia-east1.cloudfunctions.appspot.com","object":"ecbef246-fced-4a84-b782-b8632cd3c136.zip"}},"environmentVariables":{"GOOGLE_NODE_RUN_SCRIPTS":""}},"serviceConfig":{"environmentVariables":{"FIREBASE_CONFIG":"{\"projectId\":\"yapyap-a750c\",\"storageBucket\":\"yapyap-a750c.firebasestorage.app\"}","GCLOUD_PROJECT":"yapyap-a750c","EVENTARC_CLOUD_EVENT_SOURCE":"projects/yapyap-a750c/locations/asia-east1/services/bumpCommentCountOnDelete","FUNCTION_SIGNATURE_TYPE":"cloudevent","FUNCTION_TARGET":"bumpCommentCountOnDelete","LOG_EXECUTION_ID":"true"},"ingressSettings":null,"timeoutSeconds":null,"serviceAccountEmail":null,"availableMemory":"256Mi","minInstanceCount":null,"maxInstanceCount":null,"maxInstanceRequestConcurrency":80,"availableCpu":"1","vpcConnector":null,"vpcConnectorEgressSettings":null},"labels":{"deployment-tool":"cli-firebase","firebase-functions-hash":"e62397ea8c5801aa87c08837152fdb9b7b84fe02"},"eventTrigger":{"eventType":"google.cloud.firestore.document.v1.deleted","retryPolicy":"RETRY_POLICY_DO_NOT_RETRY","eventFilters":[{"attribute":"database","value":"(default)"},{"attribute":"namespace","value":"(default)"},{"attribute":"document","value":"posts/{postId}/comments/{commentId}","operator":"match-path-pattern"}],"triggerRegion":"asia-east1"}}
[debug] [2025-09-06T03:35:33.811Z] >>> [apiv2][query] PATCH https://cloudfunctions.googleapis.com/v2/projects/yapyap-a750c/locations/asia-east1/functions/castVote updateMask=name%2CbuildConfig.runtime%2CbuildConfig.entryPoint%2CbuildConfig.source.storageSource.bucket%2CbuildConfig.source.storageSource.object%2CbuildConfig.environmentVariables%2CbuildConfig.sourceToken%2CserviceConfig.environmentVariables%2CserviceConfig.ingressSettings%2CserviceConfig.timeoutSeconds%2CserviceConfig.serviceAccountEmail%2CserviceConfig.availableMemory%2CserviceConfig.minInstanceCount%2CserviceConfig.maxInstanceCount%2CserviceConfig.maxInstanceRequestConcurrency%2CserviceConfig.availableCpu%2CserviceConfig.vpcConnector%2CserviceConfig.vpcConnectorEgressSettings%2Clabels
[debug] [2025-09-06T03:35:33.811Z] >>> [apiv2][body] PATCH https://cloudfunctions.googleapis.com/v2/projects/yapyap-a750c/locations/asia-east1/functions/castVote {"name":"projects/yapyap-a750c/locations/asia-east1/functions/castVote","buildConfig":{"runtime":"nodejs20","entryPoint":"castVote","source":{"storageSource":{"bucket":"gcf-v2-uploads-175735257281.asia-east1.cloudfunctions.appspot.com","object":"ecbef246-fced-4a84-b782-b8632cd3c136.zip"}},"environmentVariables":{"GOOGLE_NODE_RUN_SCRIPTS":""}},"serviceConfig":{"environmentVariables":{"FIREBASE_CONFIG":"{\"projectId\":\"yapyap-a750c\",\"storageBucket\":\"yapyap-a750c.firebasestorage.app\"}","GCLOUD_PROJECT":"yapyap-a750c","EVENTARC_CLOUD_EVENT_SOURCE":"projects/yapyap-a750c/locations/asia-east1/services/castVote","FUNCTION_TARGET":"castVote","LOG_EXECUTION_ID":"true"},"ingressSettings":null,"timeoutSeconds":null,"serviceAccountEmail":null,"availableMemory":"256Mi","minInstanceCount":null,"maxInstanceCount":null,"maxInstanceRequestConcurrency":80,"availableCpu":"1","vpcConnector":null,"vpcConnectorEgressSettings":null},"labels":{"deployment-tool":"cli-firebase","deployment-callable":"true","firebase-functions-hash":"e62397ea8c5801aa87c08837152fdb9b7b84fe02"}}
[error] Build failed with status: FAILURE and message: npm error code EUSAGE
npm error
npm error `npm ci` can only install packages when your package.json and package-lock.json or npm-shrinkwrap.json are in sync. Please update your lock file with `npm install` before continuing.
npm error
npm error Missing: expo@53.0.22 from lock file
npm error Missing: react@19.1.1 from lock file
npm error Missing: react-native@0.81.1 from lock file
npm error Missing: @babel/runtime@7.28.4 from lock file
npm error Missing: @expo/cli@0.24.21 from lock file
npm error Missing: @expo/fingerprint@0.13.4 from lock file
npm error Missing: @expo/metro-config@0.20.17 from lock file
npm error Missing: @expo/vector-icons@14.1.0 from lock file
npm error Missing: expo-font@13.3.2 from lock file
npm error Missing: babel-preset-expo@13.2.4 from lock file
npm error Missing: expo-asset@11.1.7 from lock file
npm error Missing: expo-file-system@18.1.11 from lock file
npm error Missing: expo-keep-awake@14.1.4 from lock file
npm error Missing: expo-modules-autolinking@2.1.14 from lock file
npm error Missing: expo-modules-core@2.5.0 from lock file
npm error Missing: react-native-edge-to-edge@1.6.0 from lock file
npm error Missing: whatwg-url-without-unicode@8.0.0-3 from lock file
npm error Missing: @0no-co/graphql.web@1.2.0 from lock file
npm error Missing: @expo/code-signing-certificates@0.0.5 from lock file
npm error Missing: @expo/devcert@1.2.0 from lock file
npm error Missing: @expo/osascript@2.2.5 from lock file
npm error Missing: @expo/package-manager@1.8.6 from lock file
npm error Missing: @expo/prebuild-config@9.0.11 from lock file
npm error Missing: @expo/schema-utils@0.1.0 from lock file
npm error Missing: @expo/ws-tunnel@1.0.6 from lock file
npm error Missing: @expo/xcpretty@4.3.2 from lock file
npm error Missing: @react-native/dev-middleware@0.79.6 from lock file
npm error Missing: @urql/core@5.2.0 from lock file
npm error Missing: @urql/exchange-retry@1.3.2 from lock file
npm error Missing: arg@5.0.2 from lock file
npm error Missing: better-opn@3.0.2 from lock file
npm error Missing: ci-info@3.9.0 from lock file
npm error Missing: compression@1.8.1 from lock file
npm error Missing: connect@3.7.0 from lock file
npm error Missing: debug@4.4.1 from lock file
npm error Missing: env-editor@0.4.2 from lock file
npm error Missing: freeport-async@2.0.0 from lock file
npm error Missing: lan-network@0.1.7 from lock file
npm error Missing: npm-package-arg@11.0.3 from lock file
npm error Missing: ora@3.4.0 from lock file
npm error Missing: picomatch@3.0.1 from lock file
npm error Missing: pretty-bytes@5.6.0 from lock file
npm error Missing: pretty-format@29.7.0 from lock file
npm error Missing: progress@2.0.3 from lock file
npm error Missing: prompts@2.4.2 from lock file
npm error Missing: qrcode-terminal@0.11.0 from lock file
npm error Missing: requireg@0.2.2 from lock file
npm error Missing: resolve@1.22.10 from lock file
npm error Missing: resolve.exports@2.0.3 from lock file
npm error Missing: source-map-support@0.5.21 from lock file
npm error Missing: stacktrace-parser@0.1.11 from lock file
npm error Missing: structured-headers@0.4.1 from lock file
npm error Missing: tar@7.4.3 from lock file
npm error Missing: terminal-link@2.1.1 from lock file
npm error Missing: undici@6.21.3 from lock file
npm error Missing: ws@8.18.3 from lock file
npm error Missing: nullthrows@1.1.1 from lock file
npm error Missing: @expo/sudo-prompt@9.3.2 from lock file
npm error Missing: debug@3.2.7 from lock file
npm error Missing: arg@5.0.2 from lock file
npm error Missing: debug@4.4.1 from lock file
npm error Missing: find-up@5.0.0 from lock file
npm error Missing: ignore@5.3.2 from lock file
npm error Missing: @babel/core@7.28.4 from lock file
npm error Missing: @babel/generator@7.28.3 from lock file
npm error Missing: @babel/parser@7.28.4 from lock file
npm error Missing: @babel/types@7.28.4 from lock file
npm error Missing: debug@4.4.1 from lock file
npm error Missing: jsc-safe-url@0.2.4 from lock file
npm error Missing: lightningcss@1.27.0 from lock file
npm error Missing: postcss@8.4.49 from lock file
npm error Missing: @babel/code-frame@7.27.1 from lock file
npm error Missing: @babel/helper-compilation-targets@7.27.2 from lock file
npm error Missing: @babel/helper-module-transforms@7.28.3 from lock file
npm error Missing: @babel/helpers@7.28.4 from lock file
npm error Missing: @babel/template@7.27.2 from lock file
npm error Missing: @babel/traverse@7.28.4 from lock file
npm error Missing: @jridgewell/remapping@2.3.5 from lock file
npm error Missing: convert-source-map@2.0.0 from lock file
npm error Missing: debug@4.4.1 from lock file
npm error Missing: gensync@1.0.0-beta.2 from lock file
npm error Missing: semver@6.3.1 from lock file
npm error Missing: jsesc@3.1.0 from lock file
npm error Missing: @babel/compat-data@7.28.4 from lock file
npm error Missing: @babel/helper-validator-option@7.27.1 from lock file
npm error Missing: browserslist@4.25.4 from lock file
npm error Missing: lru-cache@5.1.1 from lock file
npm error Missing: semver@6.3.1 from lock file
npm error Missing: @babel/helper-module-imports@7.27.1 from lock file
npm error Missing: @babel/code-frame@7.27.1 from lock file
npm error Missing: @babel/code-frame@7.27.1 from lock file
npm error Missing: @babel/helper-globals@7.28.0 from lock file
npm error Missing: debug@4.4.1 from lock file
npm error Missing: @babel/helper-string-parser@7.27.1 from lock file
npm error Missing: exec-async@2.2.0 from lock file
npm error Missing: @react-native/normalize-colors@0.79.5 from lock file
npm error Missing: debug@4.4.1 from lock file
npm error Missing: js-yaml@4.1.0 from lock file
npm error Missing: @isaacs/ttlcache@1.4.1 from lock file
npm error Missing: @react-native/debugger-frontend@0.79.6 from lock file
npm error Missing: chrome-launcher@0.15.2 from lock file
npm error Missing: chromium-edge-launcher@0.2.0 from lock file
npm error Missing: invariant@2.2.4 from lock file
npm error Missing: open@7.4.2 from lock file
npm error Missing: ws@6.2.3 from lock file
npm error Missing: wonka@6.3.5 from lock file
npm error Missing: @babel/plugin-proposal-decorators@7.28.0 from lock file
npm error Missing: @babel/plugin-proposal-export-default-from@7.27.1 from lock file
npm error Missing: @babel/plugin-syntax-export-default-from@7.27.1 from lock file
npm error Missing: @babel/plugin-transform-export-namespace-from@7.27.1 from lock file
npm error Missing: @babel/plugin-transform-flow-strip-types@7.27.1 from lock file
npm error Missing: @babel/plugin-transform-modules-commonjs@7.27.1 from lock file
npm error Missing: @babel/plugin-transform-object-rest-spread@7.28.4 from lock file
npm error Missing: @babel/plugin-transform-parameters@7.27.7 from lock file
npm error Missing: @babel/plugin-transform-private-methods@7.27.1 from lock file
npm error Missing: @babel/plugin-transform-private-property-in-object@7.27.1 from lock file
npm error Missing: @babel/plugin-transform-runtime@7.28.3 from lock file
npm error Missing: @babel/preset-react@7.27.1 from lock file
npm error Missing: @babel/preset-typescript@7.27.1 from lock file
npm error Missing: @react-native/babel-preset@0.79.6 from lock file
npm error Missing: babel-plugin-react-native-web@0.19.13 from lock file
npm error Missing: babel-plugin-syntax-hermes-parser@0.25.1 from lock file
npm error Missing: babel-plugin-transform-flow-enums@0.0.2 from lock file
npm error Missing: debug@4.4.1 from lock file
npm error Missing: react-refresh@0.14.2 from lock file
npm error Missing: @babel/helper-create-class-features-plugin@7.28.3 from lock file
npm error Missing: @babel/helper-plugin-utils@7.27.1 from lock file
npm error Missing: @babel/plugin-syntax-decorators@7.27.1 from lock file
npm error Missing: @babel/helper-annotate-as-pure@7.27.3 from lock file
npm error Missing: @babel/helper-member-expression-to-functions@7.27.1 from lock file
npm error Missing: @babel/helper-optimise-call-expression@7.27.1 from lock file
npm error Missing: @babel/helper-replace-supers@7.27.1 from lock file
npm error Missing: @babel/helper-skip-transparent-expression-wrappers@7.27.1 from lock file
npm error Missing: semver@6.3.1 from lock file
npm error Missing: @babel/plugin-syntax-flow@7.27.1 from lock file
npm error Missing: @babel/plugin-transform-destructuring@7.28.0 from lock file
npm error Missing: babel-plugin-polyfill-corejs2@0.4.14 from lock file
npm error Missing: babel-plugin-polyfill-corejs3@0.13.0 from lock file
npm error Missing: babel-plugin-polyfill-regenerator@0.6.5 from lock file
npm error Missing: semver@6.3.1 from lock file
npm error Missing: @babel/plugin-transform-react-display-name@7.28.0 from lock file
npm error Missing: @babel/plugin-transform-react-jsx@7.27.1 from lock file
npm error Missing: @babel/plugin-transform-react-jsx-development@7.27.1 from lock file
npm error Missing: @babel/plugin-transform-react-pure-annotations@7.27.1 from lock file
npm error Missing: @babel/plugin-syntax-jsx@7.27.1 from lock file
npm error Missing: @babel/plugin-transform-typescript@7.28.0 from lock file
npm error Missing: @babel/plugin-syntax-typescript@7.27.1 from lock file
npm error Missing: @babel/plugin-syntax-dynamic-import@7.8.3 from lock file
npm error Missing: @babel/plugin-syntax-nullish-coalescing-operator@7.8.3 from lock file
npm error Missing: @babel/plugin-syntax-optional-chaining@7.8.3 from lock file
npm error Missing: @babel/plugin-transform-arrow-functions@7.27.1 from lock file
npm error Missing: @babel/plugin-transform-async-generator-functions@7.28.0 from lock file
npm error Missing: @babel/plugin-transform-async-to-generator@7.27.1 from lock file
npm error Missing: @babel/plugin-transform-block-scoping@7.28.4 from lock file
npm error Missing: @babel/plugin-transform-class-properties@7.27.1 from lock file
npm error Missing: @babel/plugin-transform-classes@7.28.4 from lock file
npm error Missing: @babel/plugin-transform-computed-properties@7.27.1 from lock file
npm error Missing: @babel/plugin-transform-for-of@7.27.1 from lock file
npm error Missing: @babel/plugin-transform-function-name@7.27.1 from lock file
npm error Missing: @babel/plugin-transform-literals@7.27.1 from lock file
npm error Missing: @babel/plugin-transform-logical-assignment-operators@7.27.1 from lock file
npm error Missing: @babel/plugin-transform-named-capturing-groups-regex@7.27.1 from lock file
npm error Missing: @babel/plugin-transform-nullish-coalescing-operator@7.27.1 from lock file
npm error Missing: @babel/plugin-transform-numeric-separator@7.27.1 from lock file
npm error Missing: @babel/plugin-transform-optional-catch-binding@7.27.1 from lock file
npm error Missing: @babel/plugin-transform-optional-chaining@7.27.1 from lock file
npm error Missing: @babel/plugin-transform-react-jsx-self@7.27.1 from lock file
npm error Missing: @babel/plugin-transform-react-jsx-source@7.27.1 from lock file
npm error Missing: @babel/plugin-transform-regenerator@7.28.4 from lock file
npm error Missing: @babel/plugin-transform-shorthand-properties@7.27.1 from lock file
npm error Missing: @babel/plugin-transform-spread@7.27.1 from lock file
npm error Missing: @babel/plugin-transform-sticky-regex@7.27.1 from lock file
npm error Missing: @babel/plugin-transform-unicode-regex@7.27.1 from lock file
npm error Missing: @react-native/babel-plugin-codegen@0.79.6 from lock file
npm error Missing: @babel/helper-remap-async-to-generator@7.27.1 from lock file
npm error Missing: @babel/helper-wrap-function@7.28.3 from lock file
npm error Missing: @babel/helper-create-regexp-features-plugin@7.27.1 from lock file
npm error Missing: regexpu-core@6.2.0 from lock file
npm error Missing: semver@6.3.1 from lock file
npm error Missing: @react-native/codegen@0.79.6 from lock file
npm error Missing: glob@7.2.3 from lock file
npm error Missing: hermes-parser@0.25.1 from lock file
npm error Missing: @babel/helper-define-polyfill-provider@0.6.5 from lock file
npm error Missing: semver@6.3.1 from lock file
npm error Missing: debug@4.4.1 from lock file
npm error Missing: lodash.debounce@4.0.8 from lock file
npm error Missing: core-js-compat@3.45.1 from lock file
npm error Missing: open@8.4.2 from lock file
npm error Missing: caniuse-lite@1.0.30001741 from lock file
npm error Missing: electron-to-chromium@1.5.214 from lock file
npm error Missing: node-releases@2.0.20 from lock file
npm error Missing: update-browserslist-db@1.1.3 from lock file
npm error Missing: escape-string-regexp@4.0.0 from lock file
npm error Missing: is-wsl@2.2.0 from lock file
npm error Missing: lighthouse-logger@1.4.2 from lock file
npm error Missing: escape-string-regexp@4.0.0 from lock file
npm error Missing: mkdirp@1.0.4 from lock file
npm error Missing: rimraf@3.0.2 from lock file
npm error Missing: compressible@2.0.18 from lock file
npm error Missing: negotiator@0.6.4 from lock file
npm error Missing: on-headers@1.1.0 from lock file
npm error Missing: finalhandler@1.1.2 from lock file
npm error Missing: fontfaceobserver@2.3.0 from lock file
npm error Missing: commander@7.2.0 from lock file
npm error Missing: locate-path@6.0.0 from lock file
npm error Missing: path-exists@4.0.0 from lock file
npm error Missing: hermes-estree@0.25.1 from lock file
npm error Missing: loose-envify@1.4.0 from lock file
npm error Missing: is-docker@2.2.1 from lock file
npm error Missing: argparse@2.0.1 from lock file
npm error Missing: marky@1.3.0 from lock file
npm error Missing: detect-libc@1.0.3 from lock file
npm error Missing: lightningcss-darwin-arm64@1.27.0 from lock file
npm error Missing: lightningcss-darwin-x64@1.27.0 from lock file
npm error Missing: lightningcss-freebsd-x64@1.27.0 from lock file
npm error Missing: lightningcss-linux-arm-gnueabihf@1.27.0 from lock file
npm error Missing: lightningcss-linux-arm64-gnu@1.27.0 from lock file
npm error Missing: lightningcss-linux-arm64-musl@1.27.0 from lock file
npm error Missing: lightningcss-linux-x64-gnu@1.27.0 from lock file
npm error Missing: lightningcss-linux-x64-musl@1.27.0 from lock file
npm error Missing: lightningcss-win32-arm64-msvc@1.27.0 from lock file
npm error Missing: lightningcss-win32-x64-msvc@1.27.0 from lock file
npm error Missing: p-locate@5.0.0 from lock file
npm error Missing: hosted-git-info@7.0.2 from lock file
npm error Missing: proc-log@4.2.0 from lock file
npm error Missing: validate-npm-package-name@5.0.1 from lock file
npm error Missing: lru-cache@10.4.3 from lock file
npm error Missing: chalk@2.4.2 from lock file
npm error Missing: cli-cursor@2.1.0 from lock file
npm error Missing: cli-spinners@2.9.2 from lock file
npm error Missing: log-symbols@2.2.0 from lock file
npm error Missing: strip-ansi@5.2.0 from lock file
npm error Missing: wcwidth@1.0.1 from lock file
npm error Missing: restore-cursor@2.0.0 from lock file
npm error Missing: chalk@2.4.2 from lock file
npm error Missing: nanoid@3.3.11 from lock file
npm error Missing: source-map-js@1.2.1 from lock file
npm error Missing: @jest/schemas@29.6.3 from lock file
npm error Missing: ansi-styles@5.2.0 from lock file
npm error Missing: react-is@18.3.1 from lock file
npm error Missing: @sinclair/typebox@0.27.8 from lock file
npm error Missing: kleur@3.0.3 from lock file
npm error Missing: sisteransi@1.0.5 from lock file
npm error Missing: @jest/create-cache-key-function@29.7.0 from lock file
npm error Missing: @react-native/assets-registry@0.81.1 from lock file
npm error Missing: @react-native/codegen@0.81.1 from lock file
npm error Missing: @react-native/community-cli-plugin@0.81.1 from lock file
npm error Missing: @react-native/gradle-plugin@0.81.1 from lock file
npm error Missing: @react-native/js-polyfills@0.81.1 from lock file
npm error Missing: @react-native/normalize-colors@0.81.1 from lock file
npm error Missing: @react-native/virtualized-lists@0.81.1 from lock file
npm error Missing: anser@1.4.10 from lock file
npm error Missing: babel-jest@29.7.0 from lock file
npm error Missing: babel-plugin-syntax-hermes-parser@0.29.1 from lock file
npm error Missing: commander@12.1.0 from lock file
npm error Missing: flow-enums-runtime@0.0.6 from lock file
npm error Missing: glob@7.2.3 from lock file
npm error Missing: jest-environment-node@29.7.0 from lock file
npm error Missing: memoize-one@5.2.1 from lock file
npm error Missing: metro-runtime@0.83.1 from lock file
npm error Missing: metro-source-map@0.83.1 from lock file
npm error Missing: promise@8.3.0 from lock file
npm error Missing: react-devtools-core@6.1.5 from lock file
npm error Missing: regenerator-runtime@0.13.11 from lock file
npm error Missing: scheduler@0.26.0 from lock file
npm error Missing: whatwg-fetch@3.6.20 from lock file
npm error Missing: ws@6.2.3 from lock file
npm error Missing: @jest/types@29.6.3 from lock file
npm error Missing: @types/istanbul-lib-coverage@2.0.6 from lock file
npm error Missing: @types/istanbul-reports@3.0.4 from lock file
npm error Missing: @types/yargs@17.0.33 from lock file
npm error Missing: @react-native/dev-middleware@0.81.1 from lock file
npm error Missing: debug@4.4.1 from lock file
npm error Missing: metro@0.83.1 from lock file
npm error Missing: metro-config@0.83.1 from lock file
npm error Missing: metro-core@0.83.1 from lock file
npm error Missing: @types/istanbul-lib-report@3.0.3 from lock file
npm error Missing: @types/yargs-parser@21.0.3 from lock file
npm error Missing: @jest/transform@29.7.0 from lock file
npm error Missing: @types/babel__core@7.20.5 from lock file
npm error Missing: babel-plugin-istanbul@6.1.1 from lock file
npm error Missing: babel-preset-jest@29.6.3 from lock file
npm error Missing: graceful-fs@4.2.11 from lock file
npm error Missing: fast-json-stable-stringify@2.1.0 from lock file
npm error Missing: jest-haste-map@29.7.0 from lock file
npm error Missing: jest-regex-util@29.6.3 from lock file
npm error Missing: jest-util@29.7.0 from lock file
npm error Missing: micromatch@4.0.8 from lock file
npm error Missing: write-file-atomic@4.0.2 from lock file
npm error Missing: @types/babel__generator@7.27.0 from lock file
npm error Missing: @types/babel__template@7.4.4 from lock file
npm error Missing: @types/babel__traverse@7.28.0 from lock file
npm error Missing: @istanbuljs/load-nyc-config@1.1.0 from lock file
npm error Missing: @istanbuljs/schema@0.1.3 from lock file
npm error Missing: istanbul-lib-instrument@5.2.1 from lock file
npm error Missing: test-exclude@6.0.0 from lock file
npm error Missing: camelcase@5.3.1 from lock file
npm error Missing: find-up@4.1.0 from lock file
npm error Missing: get-package-type@0.1.0 from lock file
npm error Missing: js-yaml@3.14.1 from lock file
npm error Missing: babel-plugin-jest-hoist@29.6.3 from lock file
npm error Missing: babel-preset-current-node-syntax@1.2.0 from lock file
npm error Missing: @babel/plugin-syntax-async-generators@7.8.4 from lock file
npm error Missing: @babel/plugin-syntax-bigint@7.8.3 from lock file
npm error Missing: @babel/plugin-syntax-class-properties@7.12.13 from lock file
npm error Missing: @babel/plugin-syntax-class-static-block@7.14.5 from lock file
npm error Missing: @babel/plugin-syntax-import-attributes@7.27.1 from lock file
npm error Missing: @babel/plugin-syntax-import-meta@7.10.4 from lock file
npm error Missing: @babel/plugin-syntax-json-strings@7.8.3 from lock file
npm error Missing: @babel/plugin-syntax-logical-assignment-operators@7.10.4 from lock file
npm error Missing: @babel/plugin-syntax-numeric-separator@7.10.4 from lock file
npm error Missing: @babel/plugin-syntax-object-rest-spread@7.8.3 from lock file
npm error Missing: @babel/plugin-syntax-optional-catch-binding@7.8.3 from lock file
npm error Missing: @babel/plugin-syntax-private-property-in-object@7.14.5 from lock file
npm error Missing: @babel/plugin-syntax-top-level-await@7.14.5 from lock file
npm error Missing: istanbul-lib-coverage@3.2.2 from lock file
npm error Missing: semver@6.3.1 from lock file
npm error Missing: @jest/environment@29.7.0 from lock file
npm error Missing: @jest/fake-timers@29.7.0 from lock file
npm error Missing: jest-mock@29.7.0 from lock file
npm error Missing: @sinonjs/fake-timers@10.3.0 from lock file
npm error Missing: jest-message-util@29.7.0 from lock file
npm error Missing: @sinonjs/commons@3.0.1 from lock file
npm error Missing: type-detect@4.0.8 from lock file
npm error Missing: @types/graceful-fs@4.1.9 from lock file
npm error Missing: anymatch@3.1.3 from lock file
npm error Missing: fb-watchman@2.0.2 from lock file
npm error Missing: fsevents@2.3.3 from lock file
npm error Missing: jest-worker@29.7.0 from lock file
npm error Missing: walker@1.0.8 from lock file
npm error Missing: normalize-path@3.0.0 from lock file
npm error Missing: picomatch@2.3.1 from lock file
npm error Missing: bser@2.1.1 from lock file
npm error Missing: node-int64@0.4.0 from lock file
npm error Missing: @babel/code-frame@7.27.1 from lock file
npm error Missing: @types/stack-utils@2.0.3 from lock file
npm error Missing: stack-utils@2.0.6 from lock file
npm error Missing: picomatch@2.3.1 from lock file
npm error Missing: merge-stream@2.0.0 from lock file
npm error Missing: supports-color@8.1.1 from lock file
npm error Missing: @babel/code-frame@7.27.1 from lock file
npm error Missing: ci-info@2.0.0 from lock file
npm error Missing: debug@4.4.1 from lock file
npm error Missing: error-stack-parser@2.1.4 from lock file
npm error Missing: hermes-parser@0.29.1 from lock file
npm error Missing: image-size@1.2.1 from lock file
npm error Missing: lodash.throttle@4.1.1 from lock file
npm error Missing: metro-babel-transformer@0.83.1 from lock file
npm error Missing: metro-cache@0.83.1 from lock file
npm error Missing: metro-cache-key@0.83.1 from lock file
npm error Missing: metro-file-map@0.83.1 from lock file
npm error Missing: metro-resolver@0.83.1 from lock file
npm error Missing: metro-symbolicate@0.83.1 from lock file
npm error Missing: metro-transform-plugins@0.83.1 from lock file
npm error Missing: metro-transform-worker@0.83.1 from lock file
npm error Missing: serialize-error@2.1.0 from lock file
npm error Missing: source-map@0.5.7 from lock file
npm error Missing: throat@5.0.0 from lock file
npm error Missing: ws@7.5.10 from lock file
npm error Missing: stackframe@1.3.4 from lock file
npm error Missing: queue@6.0.2 from lock file
npm error Missing: hermes-parser@0.29.1 from lock file
npm error Missing: exponential-backoff@3.1.2 from lock file
npm error Missing: cosmiconfig@5.2.1 from lock file
npm error Missing: jest-validate@29.7.0 from lock file
npm error Missing: import-fresh@2.0.0 from lock file
npm error Missing: is-directory@0.3.1 from lock file
npm error Missing: js-yaml@3.14.1 from lock file
npm error Missing: parse-json@4.0.0 from lock file
npm error Missing: caller-path@2.0.0 from lock file
npm error Missing: resolve-from@3.0.0 from lock file
npm error Missing: caller-callsite@2.0.0 from lock file
npm error Missing: callsites@2.0.0 from lock file
npm error Missing: camelcase@6.3.0 from lock file
npm error Missing: jest-get-type@29.6.3 from lock file
npm error Missing: leven@3.1.0 from lock file
npm error Missing: debug@4.4.1 from lock file
npm error Missing: @babel/traverse--for-generate-function-map@7.28.4 from lock file
npm error Missing: ob1@0.83.1 from lock file
npm error Missing: vlq@1.0.1 from lock file
npm error Missing: @babel/code-frame@7.27.1 from lock file
npm error Missing: debug@4.4.1 from lock file
npm error Missing: metro-minify-terser@0.83.1 from lock file
npm error Missing: terser@5.44.0 from lock file
npm error Missing: braces@3.0.3 from lock file
npm error Missing: picomatch@2.3.1 from lock file
npm error Missing: fill-range@7.1.1 from lock file
npm error Missing: to-regex-range@5.0.1 from lock file
npm error Missing: error-ex@1.3.2 from lock file
npm error Missing: json-parse-better-errors@1.0.2 from lock file
npm error Missing: is-arrayish@0.2.1 from lock file
npm error Missing: asap@2.0.6 from lock file
npm error Missing: shell-quote@1.8.3 from lock file
npm error Missing: ws@7.5.10 from lock file
npm error Missing: regenerate@1.4.2 from lock file
npm error Missing: regenerate-unicode-properties@10.2.0 from lock file
npm error Missing: regjsgen@0.8.0 from lock file
npm error Missing: regjsparser@0.12.0 from lock file
npm error Missing: unicode-match-property-ecmascript@2.0.0 from lock file
npm error Missing: unicode-match-property-value-ecmascript@2.2.0 from lock file
npm error Missing: jsesc@3.0.2 from lock file
npm error Missing: nested-error-stacks@2.0.1 from lock file
npm error Missing: rc@1.2.8 from lock file
npm error Missing: resolve@1.7.1 from lock file
npm error Missing: deep-extend@0.6.0 from lock file
npm error Missing: ini@1.3.8 from lock file
npm error Missing: minimist@1.2.8 from lock file
npm error Missing: strip-json-comments@2.0.1 from lock file
npm error Missing: is-core-module@2.16.1 from lock file
npm error Missing: path-parse@1.0.7 from lock file
npm error Missing: supports-preserve-symlinks-flag@1.0.0 from lock file
npm error Missing: onetime@2.0.1 from lock file
npm error Missing: signal-exit@3.0.7 from lock file
npm error Missing: mimic-fn@1.2.0 from lock file
npm error Missing: glob@7.2.3 from lock file
npm error Missing: buffer-from@1.1.2 from lock file
npm error Missing: source-map@0.6.1 from lock file
npm error Missing: escape-string-regexp@2.0.0 from lock file
npm error Missing: type-fest@0.7.1 from lock file
npm error Missing: @isaacs/fs-minipass@4.0.1 from lock file
npm error Missing: chownr@3.0.0 from lock file
npm error Missing: minizlib@3.0.2 from lock file
npm error Missing: mkdirp@3.0.1 from lock file
npm error Missing: yallist@5.0.0 from lock file
npm error Missing: ansi-escapes@4.3.2 from lock file
npm error Missing: supports-hyperlinks@2.3.0 from lock file
npm error Missing: type-fest@0.21.3 from lock file
npm error Missing: @jridgewell/source-map@0.3.11 from lock file
npm error Missing: commander@2.20.3 from lock file
npm error Missing: glob@7.2.3 from lock file
npm error Missing: minimatch@3.1.2 from lock file
npm error Missing: is-number@7.0.0 from lock file
npm error Missing: unicode-canonical-property-names-ecmascript@2.0.1 from lock file
npm error Missing: unicode-property-aliases-ecmascript@2.1.0 from lock file
npm error Missing: makeerror@1.0.12 from lock file
npm error Missing: tmpl@1.0.5 from lock file
npm error Missing: defaults@1.0.4 from lock file
npm error Missing: clone@1.0.4 from lock file
npm error Missing: buffer@5.7.1 from lock file
npm error Missing: punycode@2.3.1 from lock file
npm error Missing: webidl-conversions@5.0.0 from lock file
npm error Missing: ieee754@1.2.1 from lock file
npm error Missing: imurmurhash@0.1.4 from lock file
npm error Missing: signal-exit@3.0.7 from lock file
npm error Missing: ms@2.1.3 from lock file
npm error Missing: yallist@3.1.1 from lock file
npm error Missing: ms@2.1.3 from lock file
npm error Missing: ms@2.1.3 from lock file
npm error Missing: ms@2.1.3 from lock file
npm error Missing: ms@2.1.3 from lock file
npm error Missing: ms@2.1.3 from lock file
npm error Missing: ms@2.1.3 from lock file
npm error Missing: ms@2.1.3 from lock file
npm error Missing: ms@2.1.3 from lock file
npm error Missing: locate-path@5.0.0 from lock file
npm error Missing: argparse@1.0.10 from lock file
npm error Missing: esprima@4.0.1 from lock file
npm error Missing: sprintf-js@1.0.3 from lock file
npm error Missing: p-locate@4.1.0 from lock file
npm error Missing: p-limit@2.3.0 from lock file
npm error Missing: p-try@2.2.0 from lock file
npm error Missing: fs.realpath@1.0.0 from lock file
npm error Missing: inflight@1.0.6 from lock file
npm error Missing: minimatch@3.1.2 from lock file
npm error Missing: path-is-absolute@1.0.1 from lock file
npm error Missing: brace-expansion@1.1.12 from lock file
npm error Missing: concat-map@0.0.1 from lock file
npm error Missing: @react-native/debugger-frontend@0.81.1 from lock file
npm error Missing: ws@6.2.3 from lock file
npm error Missing: ms@2.1.3 from lock file
npm error Missing: async-limiter@1.0.1 from lock file
npm error Missing: ms@2.1.3 from lock file
npm error Missing: define-lazy-prop@2.0.0 from lock file
npm error Missing: encodeurl@1.0.2 from lock file
npm error Missing: on-finished@2.3.0 from lock file
npm error Missing: statuses@1.5.0 from lock file
npm error Missing: argparse@1.0.10 from lock file
npm error Missing: ansi-styles@3.2.1 from lock file
npm error Missing: supports-color@5.5.0 from lock file
npm error Missing: color-convert@1.9.3 from lock file
npm error Missing: color-name@1.1.3 from lock file
npm error Missing: has-flag@3.0.0 from lock file
npm error Missing: hermes-estree@0.29.1 from lock file
npm error Missing: ms@2.1.3 from lock file
npm error Missing: ms@2.1.3 from lock file
npm error Missing: hermes-estree@0.29.1 from lock file
npm error Missing: ansi-styles@3.2.1 from lock file
npm error Missing: supports-color@5.5.0 from lock file
npm error Missing: color-convert@1.9.3 from lock file
npm error Missing: color-name@1.1.3 from lock file
npm error Missing: ansi-regex@4.1.1 from lock file
npm error Missing: has-flag@3.0.0 from lock file
npm error Missing: hermes-parser@0.29.1 from lock file
npm error Missing: minimatch@3.1.2 from lock file
npm error Missing: hermes-estree@0.29.1 from lock file
npm error Missing: brace-expansion@1.1.12 from lock file
npm error Missing: minimatch@3.1.2 from lock file
npm error Missing: brace-expansion@1.1.12 from lock file
npm error Missing: brace-expansion@1.1.12 from lock file
npm error
npm error Clean install a project
npm error
npm error Usage:
npm error npm ci
npm error
npm error Options:
npm error [--install-strategy <hoisted|nested|shallow|linked>] [--legacy-bundling]
npm error [--global-style] [--omit <dev|optional|peer> [--omit <dev|optional|peer> ...]]
npm error [--include <prod|dev|optional|peer> [--include <prod|dev|optional|peer> ...]]
npm error [--strict-peer-deps] [--foreground-scripts] [--ignore-scripts] [--no-audit]
npm error [--no-bin-links] [--no-fund] [--dry-run]
npm error [-w|--workspace <workspace-name> [-w|--workspace <workspace-name> ...]]
npm error [-ws|--workspaces] [--include-workspace-root] [--install-links]
npm error
npm error aliases: clean-install, ic, install-clean, isntall-clean
npm error
npm error Run "npm help ci" for more info
npm error A complete log of this run can be found in: /www-data-home/.npm/_logs/2025-09-06T03_34_32_295Z-debug-0.log. For more details see the logs at https://console.cloud.google.com/cloud-build/builds;region=asia-east1/6af1d82d-70f8-46b9-9f7e-9402e47ad6fc?project=175735257281.
[debug] [2025-09-06T03:35:35.147Z] <<< [apiv2][status] PATCH https://cloudfunctions.googleapis.com/v2/projects/yapyap-a750c/locations/asia-east1/functions/castVote 200
[debug] [2025-09-06T03:35:35.147Z] <<< [apiv2][body] PATCH https://cloudfunctions.googleapis.com/v2/projects/yapyap-a750c/locations/asia-east1/functions/castVote {"name":"projects/yapyap-a750c/locations/asia-east1/operations/operation-1757129738362-63e19a5e11dee-f993a296-a7caa7a7","metadata":{"@type":"type.googleapis.com/google.cloud.functions.v2.OperationMetadata","createTime":"2025-09-06T03:35:39.417223169Z","target":"projects/yapyap-a750c/locations/asia-east1/functions/castVote","verb":"update","cancelRequested":false,"apiVersion":"v2"},"done":false}
[debug] [2025-09-06T03:35:35.148Z] Checked if tokens are valid: true, expires at: 1757133151971
[debug] [2025-09-06T03:35:35.148Z] Checked if tokens are valid: true, expires at: 1757133151971
[debug] [2025-09-06T03:35:35.148Z] >>> [apiv2][query] GET https://cloudfunctions.googleapis.com/v2/projects/yapyap-a750c/locations/asia-east1/operations/operation-1757129738362-63e19a5e11dee-f993a296-a7caa7a7 [none]
[debug] [2025-09-06T03:35:35.192Z] <<< [apiv2][status] GET https://cloudfunctions.googleapis.com/v2/projects/yapyap-a750c/locations/asia-east1/operations/operation-1757129738362-63e19a5e11dee-f993a296-a7caa7a7 200
[debug] [2025-09-06T03:35:35.193Z] <<< [apiv2][body] GET https://cloudfunctions.googleapis.com/v2/projects/yapyap-a750c/locations/asia-east1/operations/operation-1757129738362-63e19a5e11dee-f993a296-a7caa7a7 {"name":"projects/yapyap-a750c/locations/asia-east1/operations/operation-1757129738362-63e19a5e11dee-f993a296-a7caa7a7","metadata":{"@type":"type.googleapis.com/google.cloud.functions.v2.OperationMetadata","createTime":"2025-09-06T03:35:39.417223169Z","target":"projects/yapyap-a750c/locations/asia-east1/functions/castVote","verb":"update","cancelRequested":false,"apiVersion":"v2"},"done":false}
[debug] [2025-09-06T03:35:35.284Z] <<< [apiv2][status] PATCH https://cloudfunctions.googleapis.com/v2/projects/yapyap-a750c/locations/asia-east1/functions/bumpCommentCountOnDelete 200
[debug] [2025-09-06T03:35:35.284Z] <<< [apiv2][body] PATCH https://cloudfunctions.googleapis.com/v2/projects/yapyap-a750c/locations/asia-east1/functions/bumpCommentCountOnDelete {"name":"projects/yapyap-a750c/locations/asia-east1/operations/operation-1757129738202-63e19a5dead03-3cb365c3-17a3c1df","metadata":{"@type":"type.googleapis.com/google.cloud.functions.v2.OperationMetadata","createTime":"2025-09-06T03:35:39.590088840Z","target":"projects/yapyap-a750c/locations/asia-east1/functions/bumpCommentCountOnDelete","verb":"update","cancelRequested":false,"apiVersion":"v2"},"done":false}
[debug] [2025-09-06T03:35:35.284Z] Checked if tokens are valid: true, expires at: 1757133151971
[debug] [2025-09-06T03:35:35.284Z] Checked if tokens are valid: true, expires at: 1757133151971
[debug] [2025-09-06T03:35:35.285Z] >>> [apiv2][query] GET https://cloudfunctions.googleapis.com/v2/projects/yapyap-a750c/locations/asia-east1/operations/operation-1757129738202-63e19a5dead03-3cb365c3-17a3c1df [none]
[debug] [2025-09-06T03:35:35.365Z] <<< [apiv2][status] GET https://cloudfunctions.googleapis.com/v2/projects/yapyap-a750c/locations/asia-east1/operations/operation-1757129738202-63e19a5dead03-3cb365c3-17a3c1df 200
[debug] [2025-09-06T03:35:35.365Z] <<< [apiv2][body] GET https://cloudfunctions.googleapis.com/v2/projects/yapyap-a750c/locations/asia-east1/operations/operation-1757129738202-63e19a5dead03-3cb365c3-17a3c1df {"name":"projects/yapyap-a750c/locations/asia-east1/operations/operation-1757129738202-63e19a5dead03-3cb365c3-17a3c1df","metadata":{"@type":"type.googleapis.com/google.cloud.functions.v2.OperationMetadata","createTime":"2025-09-06T03:35:39.590088840Z","target":"projects/yapyap-a750c/locations/asia-east1/functions/bumpCommentCountOnDelete","verb":"update","cancelRequested":false,"apiVersion":"v2"},"done":false}
[debug] [2025-09-06T03:35:35.694Z] [update-default-asia-east1-castVote] Retrying task index 0
[debug] [2025-09-06T03:35:35.695Z] Checked if tokens are valid: true, expires at: 1757133151971
[debug] [2025-09-06T03:35:35.695Z] Checked if tokens are valid: true, expires at: 1757133151971
[debug] [2025-09-06T03:35:35.695Z] >>> [apiv2][query] GET https://cloudfunctions.googleapis.com/v2/projects/yapyap-a750c/locations/asia-east1/operations/operation-1757129738362-63e19a5e11dee-f993a296-a7caa7a7 [none]
[debug] [2025-09-06T03:35:35.744Z] <<< [apiv2][status] GET https://cloudfunctions.googleapis.com/v2/projects/yapyap-a750c/locations/asia-east1/operations/operation-1757129738362-63e19a5e11dee-f993a296-a7caa7a7 200
[debug] [2025-09-06T03:35:35.745Z] <<< [apiv2][body] GET https://cloudfunctions.googleapis.com/v2/projects/yapyap-a750c/locations/asia-east1/operations/operation-1757129738362-63e19a5e11dee-f993a296-a7caa7a7 {"name":"projects/yapyap-a750c/locations/asia-east1/operations/operation-1757129738362-63e19a5e11dee-f993a296-a7caa7a7","metadata":{"@type":"type.googleapis.com/google.cloud.functions.v2.OperationMetadata","createTime":"2025-09-06T03:35:39.417223169Z","target":"projects/yapyap-a750c/locations/asia-east1/functions/castVote","verb":"update","cancelRequested":false,"apiVersion":"v2","requestResource":{"@type":"type.googleapis.com/google.cloud.functions.v2.Function","name":"projects/yapyap-a750c/locations/asia-east1/functions/castVote","buildConfig":{"runtime":"nodejs20","entryPoint":"castVote","source":{"storageSource":{"bucket":"gcf-v2-sources-175735257281-asia-east1","object":"castVote/function-source.zip","generation":"1757129739355775"}},"environmentVariables":{"GOOGLE_NODE_RUN_SCRIPTS":""},"dockerRepository":"projects/yapyap-a750c/locations/asia-east1/repositories/gcf-artifacts","sourceProvenance":{"resolvedStorageSource":{"bucket":"gcf-v2-sources-175735257281-asia-east1","object":"castVote/function-source.zip","generation":"1754928477019272"}},"dockerRegistry":"ARTIFACT_REGISTRY","serviceAccount":"projects/yapyap-a750c/serviceAccounts/175735257281-compute@developer.gserviceaccount.com","automaticUpdatePolicy":{}},"serviceConfig":{"service":"projects/yapyap-a750c/locations/asia-east1/services/castvote","timeoutSeconds":60,"environmentVariables":{"FIREBASE_CONFIG":"{\"projectId\":\"yapyap-a750c\",\"storageBucket\":\"yapyap-a750c.firebasestorage.app\"}","GCLOUD_PROJECT":"yapyap-a750c","EVENTARC_CLOUD_EVENT_SOURCE":"projects/yapyap-a750c/locations/asia-east1/services/castVote","FUNCTION_TARGET":"castVote","LOG_EXECUTION_ID":"true"},"ingressSettings":"ALLOW_ALL","uri":"https://castvote-tk66pv64oq-de.a.run.app","serviceAccountEmail":"175735257281-compute@developer.gserviceaccount.com","availableMemory":"256Mi","allTrafficOnLatestRevision":true,"revision":"castvote-00001-seh","maxInstanceRequestConcurrency":80,"availableCpu":"1"},"state":"ACTIVE","labels":{"deployment-tool":"cli-firebase","deployment-callable":"true","firebase-functions-hash":"e62397ea8c5801aa87c08837152fdb9b7b84fe02"},"environment":"GEN_2","url":"https://asia-east1-yapyap-a750c.cloudfunctions.net/castVote","satisfiesPzi":true},"stages":[{"name":"BUILD","state":"NOT_STARTED"},{"name":"SERVICE","state":"NOT_STARTED"}],"operationType":"UPDATE_FUNCTION"},"done":false}
[debug] [2025-09-06T03:35:35.867Z] [update-default-asia-east1-bumpCommentCountOnDelete] Retrying task index 0
[debug] [2025-09-06T03:35:35.867Z] Checked if tokens are valid: true, expires at: 1757133151971
[debug] [2025-09-06T03:35:35.867Z] Checked if tokens are valid: true, expires at: 1757133151971
[debug] [2025-09-06T03:35:35.867Z] >>> [apiv2][query] GET https://cloudfunctions.googleapis.com/v2/projects/yapyap-a750c/locations/asia-east1/operations/operation-1757129738202-63e19a5dead03-3cb365c3-17a3c1df [none]
[debug] [2025-09-06T03:35:35.920Z] <<< [apiv2][status] GET https://cloudfunctions.googleapis.com/v2/projects/yapyap-a750c/locations/asia-east1/operations/operation-1757129738202-63e19a5dead03-3cb365c3-17a3c1df 200
[debug] [2025-09-06T03:35:35.921Z] <<< [apiv2][body] GET https://cloudfunctions.googleapis.com/v2/projects/yapyap-a750c/locations/asia-east1/operations/operation-1757129738202-63e19a5dead03-3cb365c3-17a3c1df {"name":"projects/yapyap-a750c/locations/asia-east1/operations/operation-1757129738202-63e19a5dead03-3cb365c3-17a3c1df","metadata":{"@type":"type.googleapis.com/google.cloud.functions.v2.OperationMetadata","createTime":"2025-09-06T03:35:39.590088840Z","target":"projects/yapyap-a750c/locations/asia-east1/functions/bumpCommentCountOnDelete","verb":"update","cancelRequested":false,"apiVersion":"v2","requestResource":{"@type":"type.googleapis.com/google.cloud.functions.v2.Function","name":"projects/yapyap-a750c/locations/asia-east1/functions/bumpCommentCountOnDelete","buildConfig":{"runtime":"nodejs20","entryPoint":"bumpCommentCountOnDelete","source":{"storageSource":{"bucket":"gcf-v2-sources-175735257281-asia-east1","object":"bumpCommentCountOnDelete/function-source.zip","generation":"1757129739545581"}},"environmentVariables":{"GOOGLE_NODE_RUN_SCRIPTS":""},"dockerRepository":"projects/yapyap-a750c/locations/asia-east1/repositories/gcf-artifacts","sourceProvenance":{"resolvedStorageSource":{"bucket":"gcf-v2-sources-175735257281-asia-east1","object":"bumpCommentCountOnDelete/function-source.zip","generation":"1754928535301095"}},"dockerRegistry":"ARTIFACT_REGISTRY","serviceAccount":"projects/yapyap-a750c/serviceAccounts/175735257281-compute@developer.gserviceaccount.com","automaticUpdatePolicy":{}},"serviceConfig":{"service":"projects/yapyap-a750c/locations/asia-east1/services/bumpcommentcountondelete","timeoutSeconds":60,"environmentVariables":{"FIREBASE_CONFIG":"{\"projectId\":\"yapyap-a750c\",\"storageBucket\":\"yapyap-a750c.firebasestorage.app\"}","GCLOUD_PROJECT":"yapyap-a750c","EVENTARC_CLOUD_EVENT_SOURCE":"projects/yapyap-a750c/locations/asia-east1/services/bumpCommentCountOnDelete","FUNCTION_SIGNATURE_TYPE":"cloudevent","FUNCTION_TARGET":"bumpCommentCountOnDelete","LOG_EXECUTION_ID":"true"},"ingressSettings":"ALLOW_ALL","uri":"https://bumpcommentcountondelete-tk66pv64oq-de.a.run.app","serviceAccountEmail":"175735257281-compute@developer.gserviceaccount.com","availableMemory":"256Mi","allTrafficOnLatestRevision":true,"revision":"bumpcommentcountondelete-00002-bub","maxInstanceRequestConcurrency":80,"availableCpu":"1"},"eventTrigger":{"trigger":"projects/yapyap-a750c/locations/asia-east1/triggers/bumpcommentcountondelete-473047","triggerRegion":"asia-east1","eventType":"google.cloud.firestore.document.v1.deleted","eventFilters":[{"attribute":"database","value":"(default)"},{"attribute":"namespace","value":"(default)"},{"attribute":"document","value":"posts/{postId}/comments/{commentId}","operator":"match-path-pattern"}],"pubsubTopic":"projects/yapyap-a750c/topics/eventarc-asia-east1-bumpcommentcountondelete-473047-014","serviceAccountEmail":"175735257281-compute@developer.gserviceaccount.com","retryPolicy":"RETRY_POLICY_DO_NOT_RETRY"},"state":"ACTIVE","labels":{"deployment-tool":"cli-firebase","firebase-functions-hash":"e62397ea8c5801aa87c08837152fdb9b7b84fe02"},"environment":"GEN_2","url":"https://asia-east1-yapyap-a750c.cloudfunctions.net/bumpCommentCountOnDelete","satisfiesPzi":true},"stages":[{"name":"BUILD","state":"NOT_STARTED"},{"name":"SERVICE","state":"NOT_STARTED"},{"name":"TRIGGER","state":"NOT_STARTED"}],"operationType":"UPDATE_FUNCTION"},"done":false}
[debug] [2025-09-06T03:35:36.745Z] [update-default-asia-east1-castVote] Retrying task index 0
[debug] [2025-09-06T03:35:36.746Z] Checked if tokens are valid: true, expires at: 1757133151971
[debug] [2025-09-06T03:35:36.746Z] Checked if tokens are valid: true, expires at: 1757133151971
[debug] [2025-09-06T03:35:36.746Z] >>> [apiv2][query] GET https://cloudfunctions.googleapis.com/v2/projects/yapyap-a750c/locations/asia-east1/operations/operation-1757129738362-63e19a5e11dee-f993a296-a7caa7a7 [none]
[debug] [2025-09-06T03:35:36.814Z] <<< [apiv2][status] GET https://cloudfunctions.googleapis.com/v2/projects/yapyap-a750c/locations/asia-east1/operations/operation-1757129738362-63e19a5e11dee-f993a296-a7caa7a7 200
[debug] [2025-09-06T03:35:36.814Z] <<< [apiv2][body] GET https://cloudfunctions.googleapis.com/v2/projects/yapyap-a750c/locations/asia-east1/operations/operation-1757129738362-63e19a5e11dee-f993a296-a7caa7a7 {"name":"projects/yapyap-a750c/locations/asia-east1/operations/operation-1757129738362-63e19a5e11dee-f993a296-a7caa7a7","metadata":{"@type":"type.googleapis.com/google.cloud.functions.v2.OperationMetadata","createTime":"2025-09-06T03:35:39.417223169Z","target":"projects/yapyap-a750c/locations/asia-east1/functions/castVote","verb":"update","cancelRequested":false,"apiVersion":"v2","requestResource":{"@type":"type.googleapis.com/google.cloud.functions.v2.Function","name":"projects/yapyap-a750c/locations/asia-east1/functions/castVote","buildConfig":{"runtime":"nodejs20","entryPoint":"castVote","source":{"storageSource":{"bucket":"gcf-v2-sources-175735257281-asia-east1","object":"castVote/function-source.zip","generation":"1757129739355775"}},"environmentVariables":{"GOOGLE_NODE_RUN_SCRIPTS":""},"dockerRepository":"projects/yapyap-a750c/locations/asia-east1/repositories/gcf-artifacts","sourceProvenance":{"resolvedStorageSource":{"bucket":"gcf-v2-sources-175735257281-asia-east1","object":"castVote/function-source.zip","generation":"1754928477019272"}},"dockerRegistry":"ARTIFACT_REGISTRY","serviceAccount":"projects/yapyap-a750c/serviceAccounts/175735257281-compute@developer.gserviceaccount.com","automaticUpdatePolicy":{}},"serviceConfig":{"service":"projects/yapyap-a750c/locations/asia-east1/services/castvote","timeoutSeconds":60,"environmentVariables":{"FIREBASE_CONFIG":"{\"projectId\":\"yapyap-a750c\",\"storageBucket\":\"yapyap-a750c.firebasestorage.app\"}","GCLOUD_PROJECT":"yapyap-a750c","EVENTARC_CLOUD_EVENT_SOURCE":"projects/yapyap-a750c/locations/asia-east1/services/castVote","FUNCTION_TARGET":"castVote","LOG_EXECUTION_ID":"true"},"ingressSettings":"ALLOW_ALL","uri":"https://castvote-tk66pv64oq-de.a.run.app","serviceAccountEmail":"175735257281-compute@developer.gserviceaccount.com","availableMemory":"256Mi","allTrafficOnLatestRevision":true,"revision":"castvote-00001-seh","maxInstanceRequestConcurrency":80,"availableCpu":"1"},"state":"ACTIVE","labels":{"deployment-tool":"cli-firebase","deployment-callable":"true","firebase-functions-hash":"e62397ea8c5801aa87c08837152fdb9b7b84fe02"},"environment":"GEN_2","url":"https://asia-east1-yapyap-a750c.cloudfunctions.net/castVote","satisfiesPzi":true},"stages":[{"name":"BUILD","message":"Build in progress","state":"IN_PROGRESS","resource":"projects/175735257281/locations/asia-east1/builds/01bc5a1f-39f4-4d98-b7b1-ed930feabd69","resourceUri":"https://console.cloud.google.com/cloud-build/builds;region=asia-east1/01bc5a1f-39f4-4d98-b7b1-ed930feabd69?project=175735257281"},{"name":"SERVICE","state":"NOT_STARTED"}],"operationType":"UPDATE_FUNCTION","buildName":"projects/175735257281/locations/asia-east1/builds/01bc5a1f-39f4-4d98-b7b1-ed930feabd69"},"done":false}
[debug] [2025-09-06T03:35:36.921Z] [update-default-asia-east1-bumpCommentCountOnDelete] Retrying task index 0
[debug] [2025-09-06T03:35:36.922Z] Checked if tokens are valid: true, expires at: 1757133151971
[debug] [2025-09-06T03:35:36.922Z] Checked if tokens are valid: true, expires at: 1757133151971
[debug] [2025-09-06T03:35:36.922Z] >>> [apiv2][query] GET https://cloudfunctions.googleapis.com/v2/projects/yapyap-a750c/locations/asia-east1/operations/operation-1757129738202-63e19a5dead03-3cb365c3-17a3c1df [none]
[debug] [2025-09-06T03:35:37.274Z] <<< [apiv2][status] GET https://cloudfunctions.googleapis.com/v2/projects/yapyap-a750c/locations/asia-east1/operations/operation-1757129738202-63e19a5dead03-3cb365c3-17a3c1df 200
[debug] [2025-09-06T03:35:37.274Z] <<< [apiv2][body] GET https://cloudfunctions.googleapis.com/v2/projects/yapyap-a750c/locations/asia-east1/operations/operation-1757129738202-63e19a5dead03-3cb365c3-17a3c1df {"name":"projects/yapyap-a750c/locations/asia-east1/operations/operation-1757129738202-63e19a5dead03-3cb365c3-17a3c1df","metadata":{"@type":"type.googleapis.com/google.cloud.functions.v2.OperationMetadata","createTime":"2025-09-06T03:35:39.590088840Z","target":"projects/yapyap-a750c/locations/asia-east1/functions/bumpCommentCountOnDelete","verb":"update","cancelRequested":false,"apiVersion":"v2","requestResource":{"@type":"type.googleapis.com/google.cloud.functions.v2.Function","name":"projects/yapyap-a750c/locations/asia-east1/functions/bumpCommentCountOnDelete","buildConfig":{"runtime":"nodejs20","entryPoint":"bumpCommentCountOnDelete","source":{"storageSource":{"bucket":"gcf-v2-sources-175735257281-asia-east1","object":"bumpCommentCountOnDelete/function-source.zip","generation":"1757129739545581"}},"environmentVariables":{"GOOGLE_NODE_RUN_SCRIPTS":""},"dockerRepository":"projects/yapyap-a750c/locations/asia-east1/repositories/gcf-artifacts","sourceProvenance":{"resolvedStorageSource":{"bucket":"gcf-v2-sources-175735257281-asia-east1","object":"bumpCommentCountOnDelete/function-source.zip","generation":"1754928535301095"}},"dockerRegistry":"ARTIFACT_REGISTRY","serviceAccount":"projects/yapyap-a750c/serviceAccounts/175735257281-compute@developer.gserviceaccount.com","automaticUpdatePolicy":{}},"serviceConfig":{"service":"projects/yapyap-a750c/locations/asia-east1/services/bumpcommentcountondelete","timeoutSeconds":60,"environmentVariables":{"FIREBASE_CONFIG":"{\"projectId\":\"yapyap-a750c\",\"storageBucket\":\"yapyap-a750c.firebasestorage.app\"}","GCLOUD_PROJECT":"yapyap-a750c","EVENTARC_CLOUD_EVENT_SOURCE":"projects/yapyap-a750c/locations/asia-east1/services/bumpCommentCountOnDelete","FUNCTION_SIGNATURE_TYPE":"cloudevent","FUNCTION_TARGET":"bumpCommentCountOnDelete","LOG_EXECUTION_ID":"true"},"ingressSettings":"ALLOW_ALL","uri":"https://bumpcommentcountondelete-tk66pv64oq-de.a.run.app","serviceAccountEmail":"175735257281-compute@developer.gserviceaccount.com","availableMemory":"256Mi","allTrafficOnLatestRevision":true,"revision":"bumpcommentcountondelete-00002-bub","maxInstanceRequestConcurrency":80,"availableCpu":"1"},"eventTrigger":{"trigger":"projects/yapyap-a750c/locations/asia-east1/triggers/bumpcommentcountondelete-473047","triggerRegion":"asia-east1","eventType":"google.cloud.firestore.document.v1.deleted","eventFilters":[{"attribute":"database","value":"(default)"},{"attribute":"namespace","value":"(default)"},{"attribute":"document","value":"posts/{postId}/comments/{commentId}","operator":"match-path-pattern"}],"pubsubTopic":"projects/yapyap-a750c/topics/eventarc-asia-east1-bumpcommentcountondelete-473047-014","serviceAccountEmail":"175735257281-compute@developer.gserviceaccount.com","retryPolicy":"RETRY_POLICY_DO_NOT_RETRY"},"state":"ACTIVE","labels":{"deployment-tool":"cli-firebase","firebase-functions-hash":"e62397ea8c5801aa87c08837152fdb9b7b84fe02"},"environment":"GEN_2","url":"https://asia-east1-yapyap-a750c.cloudfunctions.net/bumpCommentCountOnDelete","satisfiesPzi":true},"stages":[{"name":"BUILD","message":"Build in progress","state":"IN_PROGRESS","resource":"projects/175735257281/locations/asia-east1/builds/55846cc5-6ded-4d9b-a448-1f2c841fbf65","resourceUri":"https://console.cloud.google.com/cloud-build/builds;region=asia-east1/55846cc5-6ded-4d9b-a448-1f2c841fbf65?project=175735257281"},{"name":"SERVICE","state":"NOT_STARTED"},{"name":"TRIGGER","state":"NOT_STARTED"}],"operationType":"UPDATE_FUNCTION","buildName":"projects/175735257281/locations/asia-east1/builds/55846cc5-6ded-4d9b-a448-1f2c841fbf65"},"done":false}
[debug] [2025-09-06T03:35:38.816Z] [update-default-asia-east1-castVote] Retrying task index 0
[debug] [2025-09-06T03:35:38.816Z] Checked if tokens are valid: true, expires at: 1757133151971
[debug] [2025-09-06T03:35:38.817Z] Checked if tokens are valid: true, expires at: 1757133151971
[debug] [2025-09-06T03:35:38.817Z] >>> [apiv2][query] GET https://cloudfunctions.googleapis.com/v2/projects/yapyap-a750c/locations/asia-east1/operations/operation-1757129738362-63e19a5e11dee-f993a296-a7caa7a7 [none]
[debug] [2025-09-06T03:35:38.869Z] <<< [apiv2][status] GET https://cloudfunctions.googleapis.com/v2/projects/yapyap-a750c/locations/asia-east1/operations/operation-1757129738362-63e19a5e11dee-f993a296-a7caa7a7 200
[debug] [2025-09-06T03:35:38.869Z] <<< [apiv2][body] GET https://cloudfunctions.googleapis.com/v2/projects/yapyap-a750c/locations/asia-east1/operations/operation-1757129738362-63e19a5e11dee-f993a296-a7caa7a7 {"name":"projects/yapyap-a750c/locations/asia-east1/operations/operation-1757129738362-63e19a5e11dee-f993a296-a7caa7a7","metadata":{"@type":"type.googleapis.com/google.cloud.functions.v2.OperationMetadata","createTime":"2025-09-06T03:35:39.417223169Z","target":"projects/yapyap-a750c/locations/asia-east1/functions/castVote","verb":"update","cancelRequested":false,"apiVersion":"v2","requestResource":{"@type":"type.googleapis.com/google.cloud.functions.v2.Function","name":"projects/yapyap-a750c/locations/asia-east1/functions/castVote","buildConfig":{"runtime":"nodejs20","entryPoint":"castVote","source":{"storageSource":{"bucket":"gcf-v2-sources-175735257281-asia-east1","object":"castVote/function-source.zip","generation":"1757129739355775"}},"environmentVariables":{"GOOGLE_NODE_RUN_SCRIPTS":""},"dockerRepository":"projects/yapyap-a750c/locations/asia-east1/repositories/gcf-artifacts","sourceProvenance":{"resolvedStorageSource":{"bucket":"gcf-v2-sources-175735257281-asia-east1","object":"castVote/function-source.zip","generation":"1754928477019272"}},"dockerRegistry":"ARTIFACT_REGISTRY","serviceAccount":"projects/yapyap-a750c/serviceAccounts/175735257281-compute@developer.gserviceaccount.com","automaticUpdatePolicy":{}},"serviceConfig":{"service":"projects/yapyap-a750c/locations/asia-east1/services/castvote","timeoutSeconds":60,"environmentVariables":{"FIREBASE_CONFIG":"{\"projectId\":\"yapyap-a750c\",\"storageBucket\":\"yapyap-a750c.firebasestorage.app\"}","GCLOUD_PROJECT":"yapyap-a750c","EVENTARC_CLOUD_EVENT_SOURCE":"projects/yapyap-a750c/locations/asia-east1/services/castVote","FUNCTION_TARGET":"castVote","LOG_EXECUTION_ID":"true"},"ingressSettings":"ALLOW_ALL","uri":"https://castvote-tk66pv64oq-de.a.run.app","serviceAccountEmail":"175735257281-compute@developer.gserviceaccount.com","availableMemory":"256Mi","allTrafficOnLatestRevision":true,"revision":"castvote-00001-seh","maxInstanceRequestConcurrency":80,"availableCpu":"1"},"state":"ACTIVE","labels":{"deployment-tool":"cli-firebase","deployment-callable":"true","firebase-functions-hash":"e62397ea8c5801aa87c08837152fdb9b7b84fe02"},"environment":"GEN_2","url":"https://asia-east1-yapyap-a750c.cloudfunctions.net/castVote","satisfiesPzi":true},"stages":[{"name":"BUILD","message":"Build in progress","state":"IN_PROGRESS","resource":"projects/175735257281/locations/asia-east1/builds/01bc5a1f-39f4-4d98-b7b1-ed930feabd69","resourceUri":"https://console.cloud.google.com/cloud-build/builds;region=asia-east1/01bc5a1f-39f4-4d98-b7b1-ed930feabd69?project=175735257281"},{"name":"SERVICE","state":"NOT_STARTED"}],"operationType":"UPDATE_FUNCTION","buildName":"projects/175735257281/locations/asia-east1/builds/01bc5a1f-39f4-4d98-b7b1-ed930feabd69"},"done":false}
[debug] [2025-09-06T03:35:39.275Z] [update-default-asia-east1-bumpCommentCountOnDelete] Retrying task index 0
[debug] [2025-09-06T03:35:39.275Z] Checked if tokens are valid: true, expires at: 1757133151971
[debug] [2025-09-06T03:35:39.276Z] Checked if tokens are valid: true, expires at: 1757133151971
[debug] [2025-09-06T03:35:39.276Z] >>> [apiv2][query] GET https://cloudfunctions.googleapis.com/v2/projects/yapyap-a750c/locations/asia-east1/operations/operation-1757129738202-63e19a5dead03-3cb365c3-17a3c1df [none]
[debug] [2025-09-06T03:35:39.321Z] <<< [apiv2][status] GET https://cloudfunctions.googleapis.com/v2/projects/yapyap-a750c/locations/asia-east1/operations/operation-1757129738202-63e19a5dead03-3cb365c3-17a3c1df 200
[debug] [2025-09-06T03:35:39.321Z] <<< [apiv2][body] GET https://cloudfunctions.googleapis.com/v2/projects/yapyap-a750c/locations/asia-east1/operations/operation-1757129738202-63e19a5dead03-3cb365c3-17a3c1df {"name":"projects/yapyap-a750c/locations/asia-east1/operations/operation-1757129738202-63e19a5dead03-3cb365c3-17a3c1df","metadata":{"@type":"type.googleapis.com/google.cloud.functions.v2.OperationMetadata","createTime":"2025-09-06T03:35:39.590088840Z","target":"projects/yapyap-a750c/locations/asia-east1/functions/bumpCommentCountOnDelete","verb":"update","cancelRequested":false,"apiVersion":"v2","requestResource":{"@type":"type.googleapis.com/google.cloud.functions.v2.Function","name":"projects/yapyap-a750c/locations/asia-east1/functions/bumpCommentCountOnDelete","buildConfig":{"runtime":"nodejs20","entryPoint":"bumpCommentCountOnDelete","source":{"storageSource":{"bucket":"gcf-v2-sources-175735257281-asia-east1","object":"bumpCommentCountOnDelete/function-source.zip","generation":"1757129739545581"}},"environmentVariables":{"GOOGLE_NODE_RUN_SCRIPTS":""},"dockerRepository":"projects/yapyap-a750c/locations/asia-east1/repositories/gcf-artifacts","sourceProvenance":{"resolvedStorageSource":{"bucket":"gcf-v2-sources-175735257281-asia-east1","object":"bumpCommentCountOnDelete/function-source.zip","generation":"1754928535301095"}},"dockerRegistry":"ARTIFACT_REGISTRY","serviceAccount":"projects/yapyap-a750c/serviceAccounts/175735257281-compute@developer.gserviceaccount.com","automaticUpdatePolicy":{}},"serviceConfig":{"service":"projects/yapyap-a750c/locations/asia-east1/services/bumpcommentcountondelete","timeoutSeconds":60,"environmentVariables":{"FIREBASE_CONFIG":"{\"projectId\":\"yapyap-a750c\",\"storageBucket\":\"yapyap-a750c.firebasestorage.app\"}","GCLOUD_PROJECT":"yapyap-a750c","EVENTARC_CLOUD_EVENT_SOURCE":"projects/yapyap-a750c/locations/asia-east1/services/bumpCommentCountOnDelete","FUNCTION_SIGNATURE_TYPE":"cloudevent","FUNCTION_TARGET":"bumpCommentCountOnDelete","LOG_EXECUTION_ID":"true"},"ingressSettings":"ALLOW_ALL","uri":"https://bumpcommentcountondelete-tk66pv64oq-de.a.run.app","serviceAccountEmail":"175735257281-compute@developer.gserviceaccount.com","availableMemory":"256Mi","allTrafficOnLatestRevision":true,"revision":"bumpcommentcountondelete-00002-bub","maxInstanceRequestConcurrency":80,"availableCpu":"1"},"eventTrigger":{"trigger":"projects/yapyap-a750c/locations/asia-east1/triggers/bumpcommentcountondelete-473047","triggerRegion":"asia-east1","eventType":"google.cloud.firestore.document.v1.deleted","eventFilters":[{"attribute":"database","value":"(default)"},{"attribute":"namespace","value":"(default)"},{"attribute":"document","value":"posts/{postId}/comments/{commentId}","operator":"match-path-pattern"}],"pubsubTopic":"projects/yapyap-a750c/topics/eventarc-asia-east1-bumpcommentcountondelete-473047-014","serviceAccountEmail":"175735257281-compute@developer.gserviceaccount.com","retryPolicy":"RETRY_POLICY_DO_NOT_RETRY"},"state":"ACTIVE","labels":{"deployment-tool":"cli-firebase","firebase-functions-hash":"e62397ea8c5801aa87c08837152fdb9b7b84fe02"},"environment":"GEN_2","url":"https://asia-east1-yapyap-a750c.cloudfunctions.net/bumpCommentCountOnDelete","satisfiesPzi":true},"stages":[{"name":"BUILD","message":"Build in progress","state":"IN_PROGRESS","resource":"projects/175735257281/locations/asia-east1/builds/55846cc5-6ded-4d9b-a448-1f2c841fbf65","resourceUri":"https://console.cloud.google.com/cloud-build/builds;region=asia-east1/55846cc5-6ded-4d9b-a448-1f2c841fbf65?project=175735257281"},{"name":"SERVICE","state":"NOT_STARTED"},{"name":"TRIGGER","state":"NOT_STARTED"}],"operationType":"UPDATE_FUNCTION","buildName":"projects/175735257281/locations/asia-east1/builds/55846cc5-6ded-4d9b-a448-1f2c841fbf65"},"done":false}
[debug] [2025-09-06T03:35:42.870Z] [update-default-asia-east1-castVote] Retrying task index 0
[debug] [2025-09-06T03:35:42.871Z] Checked if tokens are valid: true, expires at: 1757133151971
[debug] [2025-09-06T03:35:42.871Z] Checked if tokens are valid: true, expires at: 1757133151971
[debug] [2025-09-06T03:35:42.871Z] >>> [apiv2][query] GET https://cloudfunctions.googleapis.com/v2/projects/yapyap-a750c/locations/asia-east1/operations/operation-1757129738362-63e19a5e11dee-f993a296-a7caa7a7 [none]
[debug] [2025-09-06T03:35:42.932Z] <<< [apiv2][status] GET https://cloudfunctions.googleapis.com/v2/projects/yapyap-a750c/locations/asia-east1/operations/operation-1757129738362-63e19a5e11dee-f993a296-a7caa7a7 200
[debug] [2025-09-06T03:35:42.932Z] <<< [apiv2][body] GET https://cloudfunctions.googleapis.com/v2/projects/yapyap-a750c/locations/asia-east1/operations/operation-1757129738362-63e19a5e11dee-f993a296-a7caa7a7 {"name":"projects/yapyap-a750c/locations/asia-east1/operations/operation-1757129738362-63e19a5e11dee-f993a296-a7caa7a7","metadata":{"@type":"type.googleapis.com/google.cloud.functions.v2.OperationMetadata","createTime":"2025-09-06T03:35:39.417223169Z","target":"projects/yapyap-a750c/locations/asia-east1/functions/castVote","verb":"update","cancelRequested":false,"apiVersion":"v2","requestResource":{"@type":"type.googleapis.com/google.cloud.functions.v2.Function","name":"projects/yapyap-a750c/locations/asia-east1/functions/castVote","buildConfig":{"runtime":"nodejs20","entryPoint":"castVote","source":{"storageSource":{"bucket":"gcf-v2-sources-175735257281-asia-east1","object":"castVote/function-source.zip","generation":"1757129739355775"}},"environmentVariables":{"GOOGLE_NODE_RUN_SCRIPTS":""},"dockerRepository":"projects/yapyap-a750c/locations/asia-east1/repositories/gcf-artifacts","sourceProvenance":{"resolvedStorageSource":{"bucket":"gcf-v2-sources-175735257281-asia-east1","object":"castVote/function-source.zip","generation":"1754928477019272"}},"dockerRegistry":"ARTIFACT_REGISTRY","serviceAccount":"projects/yapyap-a750c/serviceAccounts/175735257281-compute@developer.gserviceaccount.com","automaticUpdatePolicy":{}},"serviceConfig":{"service":"projects/yapyap-a750c/locations/asia-east1/services/castvote","timeoutSeconds":60,"environmentVariables":{"FIREBASE_CONFIG":"{\"projectId\":\"yapyap-a750c\",\"storageBucket\":\"yapyap-a750c.firebasestorage.app\"}","GCLOUD_PROJECT":"yapyap-a750c","EVENTARC_CLOUD_EVENT_SOURCE":"projects/yapyap-a750c/locations/asia-east1/services/castVote","FUNCTION_TARGET":"castVote","LOG_EXECUTION_ID":"true"},"ingressSettings":"ALLOW_ALL","uri":"https://castvote-tk66pv64oq-de.a.run.app","serviceAccountEmail":"175735257281-compute@developer.gserviceaccount.com","availableMemory":"256Mi","allTrafficOnLatestRevision":true,"revision":"castvote-00001-seh","maxInstanceRequestConcurrency":80,"availableCpu":"1"},"state":"ACTIVE","labels":{"deployment-tool":"cli-firebase","deployment-callable":"true","firebase-functions-hash":"e62397ea8c5801aa87c08837152fdb9b7b84fe02"},"environment":"GEN_2","url":"https://asia-east1-yapyap-a750c.cloudfunctions.net/castVote","satisfiesPzi":true},"stages":[{"name":"BUILD","message":"Build in progress","state":"IN_PROGRESS","resource":"projects/175735257281/locations/asia-east1/builds/01bc5a1f-39f4-4d98-b7b1-ed930feabd69","resourceUri":"https://console.cloud.google.com/cloud-build/builds;region=asia-east1/01bc5a1f-39f4-4d98-b7b1-ed930feabd69?project=175735257281"},{"name":"SERVICE","state":"NOT_STARTED"}],"operationType":"UPDATE_FUNCTION","buildName":"projects/175735257281/locations/asia-east1/builds/01bc5a1f-39f4-4d98-b7b1-ed930feabd69"},"done":false}
[debug] [2025-09-06T03:35:43.322Z] [update-default-asia-east1-bumpCommentCountOnDelete] Retrying task index 0
[debug] [2025-09-06T03:35:43.323Z] Checked if tokens are valid: true, expires at: 1757133151971
[debug] [2025-09-06T03:35:43.323Z] Checked if tokens are valid: true, expires at: 1757133151971
[debug] [2025-09-06T03:35:43.323Z] >>> [apiv2][query] GET https://cloudfunctions.googleapis.com/v2/projects/yapyap-a750c/locations/asia-east1/operations/operation-1757129738202-63e19a5dead03-3cb365c3-17a3c1df [none]
[debug] [2025-09-06T03:35:43.388Z] <<< [apiv2][status] GET https://cloudfunctions.googleapis.com/v2/projects/yapyap-a750c/locations/asia-east1/operations/operation-1757129738202-63e19a5dead03-3cb365c3-17a3c1df 200
[debug] [2025-09-06T03:35:43.389Z] <<< [apiv2][body] GET https://cloudfunctions.googleapis.com/v2/projects/yapyap-a750c/locations/asia-east1/operations/operation-1757129738202-63e19a5dead03-3cb365c3-17a3c1df {"name":"projects/yapyap-a750c/locations/asia-east1/operations/operation-1757129738202-63e19a5dead03-3cb365c3-17a3c1df","metadata":{"@type":"type.googleapis.com/google.cloud.functions.v2.OperationMetadata","createTime":"2025-09-06T03:35:39.590088840Z","target":"projects/yapyap-a750c/locations/asia-east1/functions/bumpCommentCountOnDelete","verb":"update","cancelRequested":false,"apiVersion":"v2","requestResource":{"@type":"type.googleapis.com/google.cloud.functions.v2.Function","name":"projects/yapyap-a750c/locations/asia-east1/functions/bumpCommentCountOnDelete","buildConfig":{"runtime":"nodejs20","entryPoint":"bumpCommentCountOnDelete","source":{"storageSource":{"bucket":"gcf-v2-sources-175735257281-asia-east1","object":"bumpCommentCountOnDelete/function-source.zip","generation":"1757129739545581"}},"environmentVariables":{"GOOGLE_NODE_RUN_SCRIPTS":""},"dockerRepository":"projects/yapyap-a750c/locations/asia-east1/repositories/gcf-artifacts","sourceProvenance":{"resolvedStorageSource":{"bucket":"gcf-v2-sources-175735257281-asia-east1","object":"bumpCommentCountOnDelete/function-source.zip","generation":"1754928535301095"}},"dockerRegistry":"ARTIFACT_REGISTRY","serviceAccount":"projects/yapyap-a750c/serviceAccounts/175735257281-compute@developer.gserviceaccount.com","automaticUpdatePolicy":{}},"serviceConfig":{"service":"projects/yapyap-a750c/locations/asia-east1/services/bumpcommentcountondelete","timeoutSeconds":60,"environmentVariables":{"FIREBASE_CONFIG":"{\"projectId\":\"yapyap-a750c\",\"storageBucket\":\"yapyap-a750c.firebasestorage.app\"}","GCLOUD_PROJECT":"yapyap-a750c","EVENTARC_CLOUD_EVENT_SOURCE":"projects/yapyap-a750c/locations/asia-east1/services/bumpCommentCountOnDelete","FUNCTION_SIGNATURE_TYPE":"cloudevent","FUNCTION_TARGET":"bumpCommentCountOnDelete","LOG_EXECUTION_ID":"true"},"ingressSettings":"ALLOW_ALL","uri":"https://bumpcommentcountondelete-tk66pv64oq-de.a.run.app","serviceAccountEmail":"175735257281-compute@developer.gserviceaccount.com","availableMemory":"256Mi","allTrafficOnLatestRevision":true,"revision":"bumpcommentcountondelete-00002-bub","maxInstanceRequestConcurrency":80,"availableCpu":"1"},"eventTrigger":{"trigger":"projects/yapyap-a750c/locations/asia-east1/triggers/bumpcommentcountondelete-473047","triggerRegion":"asia-east1","eventType":"google.cloud.firestore.document.v1.deleted","eventFilters":[{"attribute":"database","value":"(default)"},{"attribute":"namespace","value":"(default)"},{"attribute":"document","value":"posts/{postId}/comments/{commentId}","operator":"match-path-pattern"}],"pubsubTopic":"projects/yapyap-a750c/topics/eventarc-asia-east1-bumpcommentcountondelete-473047-014","serviceAccountEmail":"175735257281-compute@developer.gserviceaccount.com","retryPolicy":"RETRY_POLICY_DO_NOT_RETRY"},"state":"ACTIVE","labels":{"deployment-tool":"cli-firebase","firebase-functions-hash":"e62397ea8c5801aa87c08837152fdb9b7b84fe02"},"environment":"GEN_2","url":"https://asia-east1-yapyap-a750c.cloudfunctions.net/bumpCommentCountOnDelete","satisfiesPzi":true},"stages":[{"name":"BUILD","message":"Build in progress","state":"IN_PROGRESS","resource":"projects/175735257281/locations/asia-east1/builds/55846cc5-6ded-4d9b-a448-1f2c841fbf65","resourceUri":"https://console.cloud.google.com/cloud-build/builds;region=asia-east1/55846cc5-6ded-4d9b-a448-1f2c841fbf65?project=175735257281"},{"name":"SERVICE","state":"NOT_STARTED"},{"name":"TRIGGER","state":"NOT_STARTED"}],"operationType":"UPDATE_FUNCTION","buildName":"projects/175735257281/locations/asia-east1/builds/55846cc5-6ded-4d9b-a448-1f2c841fbf65"},"done":false}
[debug] [2025-09-06T03:54:55.825Z] ----------------------------------------------------------------------
[debug] [2025-09-06T03:54:55.830Z] Command:       /Users/harryhou/.nvm/versions/node/v20.19.4/bin/node /Users/harryhou/.nvm/versions/node/v20.19.4/bin/firebase deploy --only functions
[debug] [2025-09-06T03:54:55.831Z] CLI Version:   14.12.0
[debug] [2025-09-06T03:54:55.831Z] Platform:      darwin
[debug] [2025-09-06T03:54:55.831Z] Node Version:  v20.19.4
[debug] [2025-09-06T03:54:55.831Z] Time:          Sat Sep 06 2025 11:54:55 GMT+0800 (Taiwan Standard Time)
[debug] [2025-09-06T03:54:55.832Z] ----------------------------------------------------------------------
[debug] 
[debug] [2025-09-06T03:54:56.032Z] > command requires scopes: ["email","openid","https://www.googleapis.com/auth/cloudplatformprojects.readonly","https://www.googleapis.com/auth/firebase","https://www.googleapis.com/auth/cloud-platform"]
[debug] [2025-09-06T03:54:56.033Z] > authorizing via signed-in user (houharry1107@gmail.com)
[debug] [2025-09-06T03:54:56.033Z] [iam] checking project yapyap-a750c for permissions ["cloudfunctions.functions.create","cloudfunctions.functions.delete","cloudfunctions.functions.get","cloudfunctions.functions.list","cloudfunctions.functions.update","cloudfunctions.operations.get","firebase.projects.get"]
[debug] [2025-09-06T03:54:56.034Z] Checked if tokens are valid: true, expires at: 1757133151971
[debug] [2025-09-06T03:54:56.034Z] Checked if tokens are valid: true, expires at: 1757133151971
[debug] [2025-09-06T03:54:56.035Z] >>> [apiv2][query] POST https://cloudresourcemanager.googleapis.com/v1/projects/yapyap-a750c:testIamPermissions [none]
[debug] [2025-09-06T03:54:56.035Z] >>> [apiv2][(partial)header] POST https://cloudresourcemanager.googleapis.com/v1/projects/yapyap-a750c:testIamPermissions x-goog-quota-user=projects/yapyap-a750c
[debug] [2025-09-06T03:54:56.035Z] >>> [apiv2][body] POST https://cloudresourcemanager.googleapis.com/v1/projects/yapyap-a750c:testIamPermissions {"permissions":["cloudfunctions.functions.create","cloudfunctions.functions.delete","cloudfunctions.functions.get","cloudfunctions.functions.list","cloudfunctions.functions.update","cloudfunctions.operations.get","firebase.projects.get"]}
[debug] [2025-09-06T03:54:57.983Z] <<< [apiv2][status] POST https://cloudresourcemanager.googleapis.com/v1/projects/yapyap-a750c:testIamPermissions 200
[debug] [2025-09-06T03:54:57.983Z] <<< [apiv2][body] POST https://cloudresourcemanager.googleapis.com/v1/projects/yapyap-a750c:testIamPermissions {"permissions":["cloudfunctions.functions.create","cloudfunctions.functions.delete","cloudfunctions.functions.get","cloudfunctions.functions.list","cloudfunctions.functions.update","cloudfunctions.operations.get","firebase.projects.get"]}
[debug] [2025-09-06T03:54:57.983Z] Checked if tokens are valid: true, expires at: 1757133151971
[debug] [2025-09-06T03:54:57.984Z] Checked if tokens are valid: true, expires at: 1757133151971
[debug] [2025-09-06T03:54:57.984Z] >>> [apiv2][query] POST https://iam.googleapis.com/v1/projects/yapyap-a750c/serviceAccounts/yapyap-a750c@appspot.gserviceaccount.com:testIamPermissions [none]
[debug] [2025-09-06T03:54:57.984Z] >>> [apiv2][body] POST https://iam.googleapis.com/v1/projects/yapyap-a750c/serviceAccounts/yapyap-a750c@appspot.gserviceaccount.com:testIamPermissions {"permissions":["iam.serviceAccounts.actAs"]}
[debug] [2025-09-06T03:54:59.052Z] <<< [apiv2][status] POST https://iam.googleapis.com/v1/projects/yapyap-a750c/serviceAccounts/yapyap-a750c@appspot.gserviceaccount.com:testIamPermissions 200
[debug] [2025-09-06T03:54:59.052Z] <<< [apiv2][body] POST https://iam.googleapis.com/v1/projects/yapyap-a750c/serviceAccounts/yapyap-a750c@appspot.gserviceaccount.com:testIamPermissions {"permissions":["iam.serviceAccounts.actAs"]}
[info] 
[info] === Deploying to 'yapyap-a750c'...
[info] 
[info] i  deploying functions 
[info] Running command: npm --prefix "$RESOURCE_DIR" run build
[info] ✔  functions: Finished running predeploy script. 
[debug] [2025-09-06T03:55:01.902Z] Checked if tokens are valid: true, expires at: 1757133151971
[debug] [2025-09-06T03:55:01.903Z] Checked if tokens are valid: true, expires at: 1757133151971
[debug] [2025-09-06T03:55:01.903Z] >>> [apiv2][query] GET https://cloudresourcemanager.googleapis.com/v1/projects/yapyap-a750c [none]
[debug] [2025-09-06T03:55:02.124Z] <<< [apiv2][status] GET https://cloudresourcemanager.googleapis.com/v1/projects/yapyap-a750c 200
[debug] [2025-09-06T03:55:02.124Z] <<< [apiv2][body] GET https://cloudresourcemanager.googleapis.com/v1/projects/yapyap-a750c {"projectNumber":"175735257281","projectId":"yapyap-a750c","lifecycleState":"ACTIVE","name":"yapyap","labels":{"firebase":"enabled","firebase-core":"disabled"},"createTime":"2025-07-23T13:28:16.281193Z"}
[info] i  functions: preparing codebase default for deployment 
[info] i  functions: ensuring required API cloudfunctions.googleapis.com is enabled... 
[info] i  functions: ensuring required API cloudbuild.googleapis.com is enabled... 
[info] i  artifactregistry: ensuring required API artifactregistry.googleapis.com is enabled... 
[debug] [2025-09-06T03:55:02.128Z] Checked if tokens are valid: true, expires at: 1757133151971
[debug] [2025-09-06T03:55:02.128Z] Checked if tokens are valid: true, expires at: 1757133151971
[debug] [2025-09-06T03:55:02.128Z] >>> [apiv2][query] GET https://firebase.googleapis.com/v1beta1/projects/yapyap-a750c/adminSdkConfig [none]
[debug] [2025-09-06T03:55:02.477Z] <<< [apiv2][status] GET https://firebase.googleapis.com/v1beta1/projects/yapyap-a750c/adminSdkConfig 200
[debug] [2025-09-06T03:55:02.477Z] <<< [apiv2][body] GET https://firebase.googleapis.com/v1beta1/projects/yapyap-a750c/adminSdkConfig {"projectId":"yapyap-a750c","storageBucket":"yapyap-a750c.firebasestorage.app"}
[debug] [2025-09-06T03:55:02.478Z] Checked if tokens are valid: true, expires at: 1757133151971
[debug] [2025-09-06T03:55:02.478Z] Checked if tokens are valid: true, expires at: 1757133151971
[debug] [2025-09-06T03:55:02.478Z] >>> [apiv2][query] GET https://runtimeconfig.googleapis.com/v1beta1/projects/yapyap-a750c/configs [none]
[debug] [2025-09-06T03:55:02.885Z] <<< [apiv2][status] GET https://runtimeconfig.googleapis.com/v1beta1/projects/yapyap-a750c/configs 200
[debug] [2025-09-06T03:55:02.885Z] <<< [apiv2][body] GET https://runtimeconfig.googleapis.com/v1beta1/projects/yapyap-a750c/configs {}
[debug] [2025-09-06T03:55:02.887Z] Validating nodejs source
[debug] [2025-09-06T03:55:03.621Z] > [functions] package.json contents: {
  "name": "functions",
  "private": true,
  "main": "lib/index.js",
  "type": "commonjs",
  "engines": {
    "node": "20"
  },
  "scripts": {
    "build": "tsc",
    "build:watch": "tsc --watch",
    "serve": "npm run build && firebase emulators:start --only functions",
    "shell": "npm run build && firebase functions:shell",
    "start": "npm run shell",
    "deploy": "npm run build && firebase deploy --only functions",
    "logs": "firebase functions:log"
  },
  "dependencies": {
    "expo-device": "~7.1.4",
    "expo-notifications": "~0.31.4",
    "firebase-admin": "^13.5.0",
    "firebase-functions": "^6.4.0"
  },
  "devDependencies": {
    "@types/node": "^24.3.1",
    "ts-node": "^10.9.2",
    "typescript": "^5.9.2"
  }
}
[debug] [2025-09-06T03:55:03.621Z] Building nodejs source
[info] i  functions: Loading and analyzing source code for codebase default to determine what to deploy 
[debug] [2025-09-06T03:55:03.623Z] Could not find functions.yaml. Must use http discovery
[debug] [2025-09-06T03:55:03.642Z] Found firebase-functions binary at '/Users/harryhou/Desktop/Yapyap/functions/node_modules/.bin/firebase-functions'
[info] Serving at port 8092

[debug] [2025-09-06T03:55:04.273Z] Got response from /__/functions.yaml {"endpoints":{"bumpCommentCountOnCreate":{"availableMemoryMb":null,"timeoutSeconds":null,"minInstances":null,"maxInstances":null,"ingressSettings":null,"concurrency":null,"serviceAccountEmail":null,"vpc":null,"platform":"gcfv2","region":["asia-east1"],"labels":{},"eventTrigger":{"eventType":"google.cloud.firestore.document.v1.created","eventFilters":{"database":"(default)","namespace":"(default)"},"eventFilterPathPatterns":{"document":"posts/{postId}/comments/{commentId}"},"retry":false},"entryPoint":"bumpCommentCountOnCreate"},"bumpCommentCountOnDelete":{"availableMemoryMb":null,"timeoutSeconds":null,"minInstances":null,"maxInstances":null,"ingressSettings":null,"concurrency":null,"serviceAccountEmail":null,"vpc":null,"platform":"gcfv2","region":["asia-east1"],"labels":{},"eventTrigger":{"eventType":"google.cloud.firestore.document.v1.deleted","eventFilters":{"database":"(default)","namespace":"(default)"},"eventFilterPathPatterns":{"document":"posts/{postId}/comments/{commentId}"},"retry":false},"entryPoint":"bumpCommentCountOnDelete"},"castVote":{"availableMemoryMb":null,"timeoutSeconds":null,"minInstances":null,"maxInstances":null,"ingressSettings":null,"concurrency":null,"serviceAccountEmail":null,"vpc":null,"platform":"gcfv2","region":["asia-east1"],"labels":{},"callableTrigger":{},"entryPoint":"castVote"}},"specVersion":"v1alpha1","requiredAPIs":[],"extensions":{}}
[info] i  extensions: ensuring required API firebaseextensions.googleapis.com is enabled... 
[debug] [2025-09-06T03:55:08.316Z] > command requires scopes: ["email","openid","https://www.googleapis.com/auth/cloudplatformprojects.readonly","https://www.googleapis.com/auth/firebase","https://www.googleapis.com/auth/cloud-platform"]
[debug] [2025-09-06T03:55:08.316Z] > authorizing via signed-in user (houharry1107@gmail.com)
[debug] [2025-09-06T03:55:08.317Z] [iam] checking project yapyap-a750c for permissions ["firebase.projects.get","firebaseextensions.instances.list"]
[debug] [2025-09-06T03:55:08.317Z] Checked if tokens are valid: true, expires at: 1757133151971
[debug] [2025-09-06T03:55:08.317Z] Checked if tokens are valid: true, expires at: 1757133151971
[debug] [2025-09-06T03:55:08.317Z] >>> [apiv2][query] POST https://cloudresourcemanager.googleapis.com/v1/projects/yapyap-a750c:testIamPermissions [none]
[debug] [2025-09-06T03:55:08.317Z] >>> [apiv2][(partial)header] POST https://cloudresourcemanager.googleapis.com/v1/projects/yapyap-a750c:testIamPermissions x-goog-quota-user=projects/yapyap-a750c
[debug] [2025-09-06T03:55:08.317Z] >>> [apiv2][body] POST https://cloudresourcemanager.googleapis.com/v1/projects/yapyap-a750c:testIamPermissions {"permissions":["firebase.projects.get","firebaseextensions.instances.list"]}
[debug] [2025-09-06T03:55:08.517Z] <<< [apiv2][status] POST https://cloudresourcemanager.googleapis.com/v1/projects/yapyap-a750c:testIamPermissions 200
[debug] [2025-09-06T03:55:08.518Z] <<< [apiv2][body] POST https://cloudresourcemanager.googleapis.com/v1/projects/yapyap-a750c:testIamPermissions {"permissions":["firebase.projects.get","firebaseextensions.instances.list"]}
[debug] [2025-09-06T03:55:08.518Z] Checked if tokens are valid: true, expires at: 1757133151971
[debug] [2025-09-06T03:55:08.518Z] Checked if tokens are valid: true, expires at: 1757133151971
[debug] [2025-09-06T03:55:08.521Z] >>> [apiv2][query] GET https://firebaseextensions.googleapis.com/v1beta/projects/yapyap-a750c/instances pageSize=100&pageToken=
[debug] [2025-09-06T03:55:09.533Z] <<< [apiv2][status] GET https://firebaseextensions.googleapis.com/v1beta/projects/yapyap-a750c/instances 200
[debug] [2025-09-06T03:55:09.534Z] <<< [apiv2][body] GET https://firebaseextensions.googleapis.com/v1beta/projects/yapyap-a750c/instances {}
[info] i  functions: preparing functions directory for uploading... 
[info] i  functions: packaged /Users/harryhou/Desktop/Yapyap/functions (54.87 KB) for uploading 
[debug] [2025-09-06T03:55:09.595Z] Checked if tokens are valid: true, expires at: 1757133151971
[debug] [2025-09-06T03:55:09.595Z] Checked if tokens are valid: true, expires at: 1757133151971
[debug] [2025-09-06T03:55:09.595Z] >>> [apiv2][query] GET https://cloudfunctions.googleapis.com/v1/projects/yapyap-a750c/locations/-/functions [none]
[debug] [2025-09-06T03:55:10.462Z] <<< [apiv2][status] GET https://cloudfunctions.googleapis.com/v1/projects/yapyap-a750c/locations/-/functions 200
[debug] [2025-09-06T03:55:10.462Z] <<< [apiv2][body] GET https://cloudfunctions.googleapis.com/v1/projects/yapyap-a750c/locations/-/functions {}
[debug] [2025-09-06T03:55:10.463Z] Checked if tokens are valid: true, expires at: 1757133151971
[debug] [2025-09-06T03:55:10.463Z] Checked if tokens are valid: true, expires at: 1757133151971
[debug] [2025-09-06T03:55:10.464Z] >>> [apiv2][query] GET https://cloudfunctions.googleapis.com/v2/projects/yapyap-a750c/locations/-/functions filter=environment%3D%22GEN_2%22
[debug] [2025-09-06T03:55:12.003Z] <<< [apiv2][status] GET https://cloudfunctions.googleapis.com/v2/projects/yapyap-a750c/locations/-/functions 200
[debug] [2025-09-06T03:55:12.004Z] <<< [apiv2][body] GET https://cloudfunctions.googleapis.com/v2/projects/yapyap-a750c/locations/-/functions {"functions":[{"name":"projects/yapyap-a750c/locations/asia-east1/functions/castVote","buildConfig":{"build":"projects/175735257281/locations/asia-east1/builds/a9bc3ea7-16b0-41ad-b23d-a4d323d8825e","runtime":"nodejs20","entryPoint":"castVote","source":{"storageSource":{"bucket":"gcf-v2-sources-175735257281-asia-east1","object":"castVote/function-source.zip","generation":"1754928477019272"}},"environmentVariables":{"GOOGLE_NODE_RUN_SCRIPTS":""},"dockerRepository":"projects/yapyap-a750c/locations/asia-east1/repositories/gcf-artifacts","sourceProvenance":{"resolvedStorageSource":{"bucket":"gcf-v2-sources-175735257281-asia-east1","object":"castVote/function-source.zip","generation":"1754928477019272"}},"dockerRegistry":"ARTIFACT_REGISTRY","serviceAccount":"projects/yapyap-a750c/serviceAccounts/175735257281-compute@developer.gserviceaccount.com","automaticUpdatePolicy":{}},"serviceConfig":{"service":"projects/yapyap-a750c/locations/asia-east1/services/castvote","timeoutSeconds":60,"environmentVariables":{"FIREBASE_CONFIG":"{\"projectId\":\"yapyap-a750c\",\"storageBucket\":\"yapyap-a750c.firebasestorage.app\"}","GCLOUD_PROJECT":"yapyap-a750c","EVENTARC_CLOUD_EVENT_SOURCE":"projects/yapyap-a750c/locations/asia-east1/services/castVote","FUNCTION_TARGET":"castVote","LOG_EXECUTION_ID":"true"},"maxInstanceCount":20,"ingressSettings":"ALLOW_ALL","uri":"https://castvote-tk66pv64oq-de.a.run.app","serviceAccountEmail":"175735257281-compute@developer.gserviceaccount.com","availableMemory":"256Mi","allTrafficOnLatestRevision":true,"revision":"castvote-00001-seh","maxInstanceRequestConcurrency":80,"availableCpu":"1"},"state":"ACTIVE","updateTime":"2025-09-06T03:36:50.489805027Z","labels":{"firebase-functions-hash":"e62397ea8c5801aa87c08837152fdb9b7b84fe02","deployment-tool":"cli-firebase","deployment-callable":"true"},"environment":"GEN_2","url":"https://asia-east1-yapyap-a750c.cloudfunctions.net/castVote","createTime":"2025-08-11T16:07:57.457519256Z","satisfiesPzi":true},{"name":"projects/yapyap-a750c/locations/asia-east1/functions/bumpCommentCountOnDelete","buildConfig":{"build":"projects/175735257281/locations/asia-east1/builds/a9bc3ea7-16b0-41ad-b23d-a4d323d8825e","runtime":"nodejs20","entryPoint":"bumpCommentCountOnDelete","source":{"storageSource":{"bucket":"gcf-v2-sources-175735257281-asia-east1","object":"bumpCommentCountOnDelete/function-source.zip","generation":"1754928535301095"}},"environmentVariables":{"GOOGLE_NODE_RUN_SCRIPTS":""},"dockerRepository":"projects/yapyap-a750c/locations/asia-east1/repositories/gcf-artifacts","sourceProvenance":{"resolvedStorageSource":{"bucket":"gcf-v2-sources-175735257281-asia-east1","object":"bumpCommentCountOnDelete/function-source.zip","generation":"1754928535301095"}},"dockerRegistry":"ARTIFACT_REGISTRY","serviceAccount":"projects/yapyap-a750c/serviceAccounts/175735257281-compute@developer.gserviceaccount.com","automaticUpdatePolicy":{}},"serviceConfig":{"service":"projects/yapyap-a750c/locations/asia-east1/services/bumpcommentcountondelete","timeoutSeconds":60,"environmentVariables":{"FIREBASE_CONFIG":"{\"projectId\":\"yapyap-a750c\",\"storageBucket\":\"yapyap-a750c.firebasestorage.app\"}","GCLOUD_PROJECT":"yapyap-a750c","EVENTARC_CLOUD_EVENT_SOURCE":"projects/yapyap-a750c/locations/asia-east1/services/bumpCommentCountOnDelete","FUNCTION_SIGNATURE_TYPE":"cloudevent","FUNCTION_TARGET":"bumpCommentCountOnDelete","LOG_EXECUTION_ID":"true"},"maxInstanceCount":20,"ingressSettings":"ALLOW_ALL","uri":"https://bumpcommentcountondelete-tk66pv64oq-de.a.run.app","serviceAccountEmail":"175735257281-compute@developer.gserviceaccount.com","availableMemory":"256Mi","allTrafficOnLatestRevision":true,"revision":"bumpcommentcountondelete-00002-bub","maxInstanceRequestConcurrency":80,"availableCpu":"1"},"eventTrigger":{"trigger":"projects/yapyap-a750c/locations/asia-east1/triggers/bumpcommentcountondelete-473047","triggerRegion":"asia-east1","eventType":"google.cloud.firestore.document.v1.deleted","eventFilters":[{"attribute":"database","value":"(default)"},{"attribute":"namespace","value":"(default)"},{"attribute":"document","value":"posts/{postId}/comments/{commentId}","operator":"match-path-pattern"}],"pubsubTopic":"projects/yapyap-a750c/topics/eventarc-asia-east1-bumpcommentcountondelete-473047-014","serviceAccountEmail":"175735257281-compute@developer.gserviceaccount.com","retryPolicy":"RETRY_POLICY_DO_NOT_RETRY"},"state":"ACTIVE","updateTime":"2025-09-06T03:36:54.285479992Z","labels":{"deployment-tool":"cli-firebase","firebase-functions-hash":"e62397ea8c5801aa87c08837152fdb9b7b84fe02"},"environment":"GEN_2","url":"https://asia-east1-yapyap-a750c.cloudfunctions.net/bumpCommentCountOnDelete","createTime":"2025-08-11T15:49:54.299924825Z","satisfiesPzi":true},{"name":"projects/yapyap-a750c/locations/asia-east1/functions/bumpCommentCountOnCreate","buildConfig":{"build":"projects/175735257281/locations/asia-east1/builds/a9bc3ea7-16b0-41ad-b23d-a4d323d8825e","runtime":"nodejs20","entryPoint":"bumpCommentCountOnCreate","source":{"storageSource":{"bucket":"gcf-v2-sources-175735257281-asia-east1","object":"bumpCommentCountOnCreate/function-source.zip","generation":"1754928535240601"}},"environmentVariables":{"GOOGLE_NODE_RUN_SCRIPTS":""},"dockerRepository":"projects/yapyap-a750c/locations/asia-east1/repositories/gcf-artifacts","sourceProvenance":{"resolvedStorageSource":{"bucket":"gcf-v2-sources-175735257281-asia-east1","object":"bumpCommentCountOnCreate/function-source.zip","generation":"1754928535240601"}},"dockerRegistry":"ARTIFACT_REGISTRY","serviceAccount":"projects/yapyap-a750c/serviceAccounts/175735257281-compute@developer.gserviceaccount.com","automaticUpdatePolicy":{}},"serviceConfig":{"service":"projects/yapyap-a750c/locations/asia-east1/services/bumpcommentcountoncreate","timeoutSeconds":60,"environmentVariables":{"FIREBASE_CONFIG":"{\"projectId\":\"yapyap-a750c\",\"storageBucket\":\"yapyap-a750c.firebasestorage.app\"}","GCLOUD_PROJECT":"yapyap-a750c","EVENTARC_CLOUD_EVENT_SOURCE":"projects/yapyap-a750c/locations/asia-east1/services/bumpCommentCountOnCreate","FUNCTION_SIGNATURE_TYPE":"cloudevent","FUNCTION_TARGET":"bumpCommentCountOnCreate","LOG_EXECUTION_ID":"true"},"maxInstanceCount":20,"ingressSettings":"ALLOW_ALL","uri":"https://bumpcommentcountoncreate-tk66pv64oq-de.a.run.app","serviceAccountEmail":"175735257281-compute@developer.gserviceaccount.com","availableMemory":"256Mi","allTrafficOnLatestRevision":true,"revision":"bumpcommentcountoncreate-00002-rem","maxInstanceRequestConcurrency":80,"availableCpu":"1"},"eventTrigger":{"trigger":"projects/yapyap-a750c/locations/asia-east1/triggers/bumpcommentcountoncreate-848324","triggerRegion":"asia-east1","eventType":"google.cloud.firestore.document.v1.created","eventFilters":[{"attribute":"database","value":"(default)"},{"attribute":"namespace","value":"(default)"},{"attribute":"document","value":"posts/{postId}/comments/{commentId}","operator":"match-path-pattern"}],"pubsubTopic":"projects/yapyap-a750c/topics/eventarc-asia-east1-bumpcommentcountoncreate-848324-470","serviceAccountEmail":"175735257281-compute@developer.gserviceaccount.com","retryPolicy":"RETRY_POLICY_DO_NOT_RETRY"},"state":"ACTIVE","updateTime":"2025-09-06T03:35:36.384774796Z","labels":{"deployment-tool":"cli-firebase","firebase-functions-hash":"e62397ea8c5801aa87c08837152fdb9b7b84fe02"},"environment":"GEN_2","url":"https://asia-east1-yapyap-a750c.cloudfunctions.net/bumpCommentCountOnCreate","createTime":"2025-08-11T15:48:56.145311280Z","satisfiesPzi":true}]}
[debug] [2025-09-06T03:55:12.006Z] Checked if tokens are valid: true, expires at: 1757133151971
[debug] [2025-09-06T03:55:12.006Z] Checked if tokens are valid: true, expires at: 1757133151971
[debug] [2025-09-06T03:55:12.006Z] >>> [apiv2][query] GET https://firestore.googleapis.com/v1/projects/yapyap-a750c/databases/(default) [none]
[debug] [2025-09-06T03:55:12.123Z] <<< [apiv2][status] GET https://firestore.googleapis.com/v1/projects/yapyap-a750c/databases/(default) 200
[debug] [2025-09-06T03:55:12.124Z] <<< [apiv2][body] GET https://firestore.googleapis.com/v1/projects/yapyap-a750c/databases/(default) {"name":"projects/yapyap-a750c/databases/(default)","uid":"becd4b57-1b25-44e5-bf50-bbfd10dba86a","createTime":"2025-07-23T14:20:28.096321Z","updateTime":"2025-07-23T14:20:28.096321Z","locationId":"asia-east1","type":"FIRESTORE_NATIVE","concurrencyMode":"PESSIMISTIC","versionRetentionPeriod":"3600s","earliestVersionTime":"2025-09-06T02:55:16.487890Z","appEngineIntegrationMode":"DISABLED","keyPrefix":"zde","pointInTimeRecoveryEnablement":"POINT_IN_TIME_RECOVERY_DISABLED","deleteProtectionState":"DELETE_PROTECTION_DISABLED","databaseEdition":"STANDARD","freeTier":true,"etag":"IPC/5+Cew48DML6oge2W044D"}
[info] i  functions: ensuring required API run.googleapis.com is enabled... 
[info] i  functions: ensuring required API eventarc.googleapis.com is enabled... 
[info] i  functions: ensuring required API pubsub.googleapis.com is enabled... 
[info] i  functions: ensuring required API storage.googleapis.com is enabled... 
[info] i  functions: generating the service identity for pubsub.googleapis.com... 
[debug] [2025-09-06T03:55:12.129Z] Checked if tokens are valid: true, expires at: 1757133151971
[debug] [2025-09-06T03:55:12.129Z] Checked if tokens are valid: true, expires at: 1757133151971
[info] i  functions: generating the service identity for eventarc.googleapis.com... 
[debug] [2025-09-06T03:55:12.129Z] Checked if tokens are valid: true, expires at: 1757133151971
[debug] [2025-09-06T03:55:12.129Z] Checked if tokens are valid: true, expires at: 1757133151971
[debug] [2025-09-06T03:55:12.129Z] >>> [apiv2][query] POST https://serviceusage.googleapis.com/v1beta1/projects/175735257281/services/pubsub.googleapis.com:generateServiceIdentity [none]
[debug] [2025-09-06T03:55:12.129Z] >>> [apiv2][(partial)header] POST https://serviceusage.googleapis.com/v1beta1/projects/175735257281/services/pubsub.googleapis.com:generateServiceIdentity x-goog-quota-user=projects/175735257281
[debug] [2025-09-06T03:55:12.129Z] >>> [apiv2][body] POST https://serviceusage.googleapis.com/v1beta1/projects/175735257281/services/pubsub.googleapis.com:generateServiceIdentity {}
[debug] [2025-09-06T03:55:12.131Z] >>> [apiv2][query] POST https://serviceusage.googleapis.com/v1beta1/projects/175735257281/services/eventarc.googleapis.com:generateServiceIdentity [none]
[debug] [2025-09-06T03:55:12.131Z] >>> [apiv2][(partial)header] POST https://serviceusage.googleapis.com/v1beta1/projects/175735257281/services/eventarc.googleapis.com:generateServiceIdentity x-goog-quota-user=projects/175735257281
[debug] [2025-09-06T03:55:12.131Z] >>> [apiv2][body] POST https://serviceusage.googleapis.com/v1beta1/projects/175735257281/services/eventarc.googleapis.com:generateServiceIdentity {}
[debug] [2025-09-06T03:55:12.612Z] <<< [apiv2][status] POST https://serviceusage.googleapis.com/v1beta1/projects/175735257281/services/eventarc.googleapis.com:generateServiceIdentity 200
[debug] [2025-09-06T03:55:12.612Z] <<< [apiv2][body] POST https://serviceusage.googleapis.com/v1beta1/projects/175735257281/services/eventarc.googleapis.com:generateServiceIdentity {"name":"operations/finished.DONE_OPERATION","done":true,"response":{"@type":"type.googleapis.com/google.api.serviceusage.v1beta1.ServiceIdentity","email":"service-175735257281@gcp-sa-eventarc.iam.gserviceaccount.com","uniqueId":"103843826293465675803"}}
[debug] [2025-09-06T03:55:13.469Z] <<< [apiv2][status] POST https://serviceusage.googleapis.com/v1beta1/projects/175735257281/services/pubsub.googleapis.com:generateServiceIdentity 200
[debug] [2025-09-06T03:55:13.470Z] <<< [apiv2][body] POST https://serviceusage.googleapis.com/v1beta1/projects/175735257281/services/pubsub.googleapis.com:generateServiceIdentity {"name":"operations/finished.DONE_OPERATION","done":true,"response":{"@type":"type.googleapis.com/google.api.serviceusage.v1beta1.ServiceIdentity","email":"service-175735257281@gcp-sa-pubsub.iam.gserviceaccount.com","uniqueId":"116052344516734698394"}}
[debug] [2025-09-06T03:55:13.473Z] Checked if tokens are valid: true, expires at: 1757133151971
[debug] [2025-09-06T03:55:13.474Z] Checked if tokens are valid: true, expires at: 1757133151971
[debug] [2025-09-06T03:55:13.474Z] >>> [apiv2][query] GET https://cloudresourcemanager.googleapis.com/v1/projects/yapyap-a750c [none]
[debug] [2025-09-06T03:55:13.679Z] <<< [apiv2][status] GET https://cloudresourcemanager.googleapis.com/v1/projects/yapyap-a750c 200
[debug] [2025-09-06T03:55:13.679Z] <<< [apiv2][body] GET https://cloudresourcemanager.googleapis.com/v1/projects/yapyap-a750c {"projectNumber":"175735257281","projectId":"yapyap-a750c","lifecycleState":"ACTIVE","name":"yapyap","labels":{"firebase":"enabled","firebase-core":"disabled"},"createTime":"2025-07-23T13:28:16.281193Z"}
[debug] [2025-09-06T03:55:13.680Z] Checked if tokens are valid: true, expires at: 1757133151971
[debug] [2025-09-06T03:55:13.680Z] Checked if tokens are valid: true, expires at: 1757133151971
[debug] [2025-09-06T03:55:13.680Z] >>> [apiv2][query] GET https://compute.googleapis.com/compute/v1/projects/175735257281 [none]
[debug] [2025-09-06T03:55:13.941Z] <<< [apiv2][status] GET https://compute.googleapis.com/compute/v1/projects/175735257281 403
[debug] [2025-09-06T03:55:13.941Z] <<< [apiv2][body] GET https://compute.googleapis.com/compute/v1/projects/175735257281 {"error":{"code":403,"message":"Compute Engine API has not been used in project 175735257281 before or it is disabled. Enable it by visiting https://console.developers.google.com/apis/api/compute.googleapis.com/overview?project=175735257281 then retry. If you enabled this API recently, wait a few minutes for the action to propagate to our systems and retry.","errors":[{"message":"Compute Engine API has not been used in project 175735257281 before or it is disabled. Enable it by visiting https://console.developers.google.com/apis/api/compute.googleapis.com/overview?project=175735257281 then retry. If you enabled this API recently, wait a few minutes for the action to propagate to our systems and retry.","domain":"usageLimits","reason":"accessNotConfigured","extendedHelp":"https://console.developers.google.com"}],"status":"PERMISSION_DENIED","details":[{"@type":"type.googleapis.com/google.rpc.ErrorInfo","reason":"SERVICE_DISABLED","domain":"googleapis.com","metadata":{"service":"compute.googleapis.com","activationUrl":"https://console.developers.google.com/apis/api/compute.googleapis.com/overview?project=175735257281","consumer":"projects/175735257281","serviceTitle":"Compute Engine API","containerInfo":"175735257281"}},{"@type":"type.googleapis.com/google.rpc.LocalizedMessage","locale":"en-US","message":"Compute Engine API has not been used in project 175735257281 before or it is disabled. Enable it by visiting https://console.developers.google.com/apis/api/compute.googleapis.com/overview?project=175735257281 then retry. If you enabled this API recently, wait a few minutes for the action to propagate to our systems and retry."},{"@type":"type.googleapis.com/google.rpc.Help","links":[{"description":"Google developers console API activation","url":"https://console.developers.google.com/apis/api/compute.googleapis.com/overview?project=175735257281"}]}]}}
[debug] [2025-09-06T03:55:13.942Z] unable to look up default compute service account. Falling back to 175735257281-compute@developer.gserviceaccount.com. Error: {"name":"FirebaseError","children":[],"context":{"body":{"error":{"code":403,"message":"Compute Engine API has not been used in project 175735257281 before or it is disabled. Enable it by visiting https://console.developers.google.com/apis/api/compute.googleapis.com/overview?project=175735257281 then retry. If you enabled this API recently, wait a few minutes for the action to propagate to our systems and retry.","errors":[{"message":"Compute Engine API has not been used in project 175735257281 before or it is disabled. Enable it by visiting https://console.developers.google.com/apis/api/compute.googleapis.com/overview?project=175735257281 then retry. If you enabled this API recently, wait a few minutes for the action to propagate to our systems and retry.","domain":"usageLimits","reason":"accessNotConfigured","extendedHelp":"https://console.developers.google.com"}],"status":"PERMISSION_DENIED","details":[{"@type":"type.googleapis.com/google.rpc.ErrorInfo","reason":"SERVICE_DISABLED","domain":"googleapis.com","metadata":{"service":"compute.googleapis.com","activationUrl":"https://console.developers.google.com/apis/api/compute.googleapis.com/overview?project=175735257281","consumer":"projects/175735257281","serviceTitle":"Compute Engine API","containerInfo":"175735257281"}},{"@type":"type.googleapis.com/google.rpc.LocalizedMessage","locale":"en-US","message":"Compute Engine API has not been used in project 175735257281 before or it is disabled. Enable it by visiting https://console.developers.google.com/apis/api/compute.googleapis.com/overview?project=175735257281 then retry. If you enabled this API recently, wait a few minutes for the action to propagate to our systems and retry."},{"@type":"type.googleapis.com/google.rpc.Help","links":[{"description":"Google developers console API activation","url":"https://console.developers.google.com/apis/api/compute.googleapis.com/overview?project=175735257281"}]}]}},"response":{"statusCode":403}},"exit":1,"message":"Request to https://compute.googleapis.com/compute/v1/projects/175735257281 had HTTP Error: 403, Compute Engine API has not been used in project 175735257281 before or it is disabled. Enable it by visiting https://console.developers.google.com/apis/api/compute.googleapis.com/overview?project=175735257281 then retry. If you enabled this API recently, wait a few minutes for the action to propagate to our systems and retry.","status":403}
[debug] [2025-09-06T03:55:13.942Z] Checked if tokens are valid: true, expires at: 1757133151971
[debug] [2025-09-06T03:55:13.942Z] Checked if tokens are valid: true, expires at: 1757133151971
[debug] [2025-09-06T03:55:13.942Z] >>> [apiv2][query] GET https://compute.googleapis.com/compute/v1/projects/175735257281 [none]
[debug] [2025-09-06T03:55:14.150Z] <<< [apiv2][status] GET https://compute.googleapis.com/compute/v1/projects/175735257281 403
[debug] [2025-09-06T03:55:14.150Z] <<< [apiv2][body] GET https://compute.googleapis.com/compute/v1/projects/175735257281 {"error":{"code":403,"message":"Compute Engine API has not been used in project 175735257281 before or it is disabled. Enable it by visiting https://console.developers.google.com/apis/api/compute.googleapis.com/overview?project=175735257281 then retry. If you enabled this API recently, wait a few minutes for the action to propagate to our systems and retry.","errors":[{"message":"Compute Engine API has not been used in project 175735257281 before or it is disabled. Enable it by visiting https://console.developers.google.com/apis/api/compute.googleapis.com/overview?project=175735257281 then retry. If you enabled this API recently, wait a few minutes for the action to propagate to our systems and retry.","domain":"usageLimits","reason":"accessNotConfigured","extendedHelp":"https://console.developers.google.com"}],"status":"PERMISSION_DENIED","details":[{"@type":"type.googleapis.com/google.rpc.ErrorInfo","reason":"SERVICE_DISABLED","domain":"googleapis.com","metadata":{"serviceTitle":"Compute Engine API","containerInfo":"175735257281","consumer":"projects/175735257281","service":"compute.googleapis.com","activationUrl":"https://console.developers.google.com/apis/api/compute.googleapis.com/overview?project=175735257281"}},{"@type":"type.googleapis.com/google.rpc.LocalizedMessage","locale":"en-US","message":"Compute Engine API has not been used in project 175735257281 before or it is disabled. Enable it by visiting https://console.developers.google.com/apis/api/compute.googleapis.com/overview?project=175735257281 then retry. If you enabled this API recently, wait a few minutes for the action to propagate to our systems and retry."},{"@type":"type.googleapis.com/google.rpc.Help","links":[{"description":"Google developers console API activation","url":"https://console.developers.google.com/apis/api/compute.googleapis.com/overview?project=175735257281"}]}]}}
[debug] [2025-09-06T03:55:14.151Z] unable to look up default compute service account. Falling back to 175735257281-compute@developer.gserviceaccount.com. Error: {"name":"FirebaseError","children":[],"context":{"body":{"error":{"code":403,"message":"Compute Engine API has not been used in project 175735257281 before or it is disabled. Enable it by visiting https://console.developers.google.com/apis/api/compute.googleapis.com/overview?project=175735257281 then retry. If you enabled this API recently, wait a few minutes for the action to propagate to our systems and retry.","errors":[{"message":"Compute Engine API has not been used in project 175735257281 before or it is disabled. Enable it by visiting https://console.developers.google.com/apis/api/compute.googleapis.com/overview?project=175735257281 then retry. If you enabled this API recently, wait a few minutes for the action to propagate to our systems and retry.","domain":"usageLimits","reason":"accessNotConfigured","extendedHelp":"https://console.developers.google.com"}],"status":"PERMISSION_DENIED","details":[{"@type":"type.googleapis.com/google.rpc.ErrorInfo","reason":"SERVICE_DISABLED","domain":"googleapis.com","metadata":{"serviceTitle":"Compute Engine API","containerInfo":"175735257281","consumer":"projects/175735257281","service":"compute.googleapis.com","activationUrl":"https://console.developers.google.com/apis/api/compute.googleapis.com/overview?project=175735257281"}},{"@type":"type.googleapis.com/google.rpc.LocalizedMessage","locale":"en-US","message":"Compute Engine API has not been used in project 175735257281 before or it is disabled. Enable it by visiting https://console.developers.google.com/apis/api/compute.googleapis.com/overview?project=175735257281 then retry. If you enabled this API recently, wait a few minutes for the action to propagate to our systems and retry."},{"@type":"type.googleapis.com/google.rpc.Help","links":[{"description":"Google developers console API activation","url":"https://console.developers.google.com/apis/api/compute.googleapis.com/overview?project=175735257281"}]}]}},"response":{"statusCode":403}},"exit":1,"message":"Request to https://compute.googleapis.com/compute/v1/projects/175735257281 had HTTP Error: 403, Compute Engine API has not been used in project 175735257281 before or it is disabled. Enable it by visiting https://console.developers.google.com/apis/api/compute.googleapis.com/overview?project=175735257281 then retry. If you enabled this API recently, wait a few minutes for the action to propagate to our systems and retry.","status":403}
[debug] [2025-09-06T03:55:14.151Z] Checked if tokens are valid: true, expires at: 1757133151971
[debug] [2025-09-06T03:55:14.151Z] Checked if tokens are valid: true, expires at: 1757133151971
[debug] [2025-09-06T03:55:14.151Z] >>> [apiv2][query] GET https://compute.googleapis.com/compute/v1/projects/175735257281 [none]
[debug] [2025-09-06T03:55:14.353Z] <<< [apiv2][status] GET https://compute.googleapis.com/compute/v1/projects/175735257281 403
[debug] [2025-09-06T03:55:14.353Z] <<< [apiv2][body] GET https://compute.googleapis.com/compute/v1/projects/175735257281 {"error":{"code":403,"message":"Compute Engine API has not been used in project 175735257281 before or it is disabled. Enable it by visiting https://console.developers.google.com/apis/api/compute.googleapis.com/overview?project=175735257281 then retry. If you enabled this API recently, wait a few minutes for the action to propagate to our systems and retry.","errors":[{"message":"Compute Engine API has not been used in project 175735257281 before or it is disabled. Enable it by visiting https://console.developers.google.com/apis/api/compute.googleapis.com/overview?project=175735257281 then retry. If you enabled this API recently, wait a few minutes for the action to propagate to our systems and retry.","domain":"usageLimits","reason":"accessNotConfigured","extendedHelp":"https://console.developers.google.com"}],"status":"PERMISSION_DENIED","details":[{"@type":"type.googleapis.com/google.rpc.ErrorInfo","reason":"SERVICE_DISABLED","domain":"googleapis.com","metadata":{"service":"compute.googleapis.com","serviceTitle":"Compute Engine API","containerInfo":"175735257281","activationUrl":"https://console.developers.google.com/apis/api/compute.googleapis.com/overview?project=175735257281","consumer":"projects/175735257281"}},{"@type":"type.googleapis.com/google.rpc.LocalizedMessage","locale":"en-US","message":"Compute Engine API has not been used in project 175735257281 before or it is disabled. Enable it by visiting https://console.developers.google.com/apis/api/compute.googleapis.com/overview?project=175735257281 then retry. If you enabled this API recently, wait a few minutes for the action to propagate to our systems and retry."},{"@type":"type.googleapis.com/google.rpc.Help","links":[{"description":"Google developers console API activation","url":"https://console.developers.google.com/apis/api/compute.googleapis.com/overview?project=175735257281"}]}]}}
[debug] [2025-09-06T03:55:14.353Z] unable to look up default compute service account. Falling back to 175735257281-compute@developer.gserviceaccount.com. Error: {"name":"FirebaseError","children":[],"context":{"body":{"error":{"code":403,"message":"Compute Engine API has not been used in project 175735257281 before or it is disabled. Enable it by visiting https://console.developers.google.com/apis/api/compute.googleapis.com/overview?project=175735257281 then retry. If you enabled this API recently, wait a few minutes for the action to propagate to our systems and retry.","errors":[{"message":"Compute Engine API has not been used in project 175735257281 before or it is disabled. Enable it by visiting https://console.developers.google.com/apis/api/compute.googleapis.com/overview?project=175735257281 then retry. If you enabled this API recently, wait a few minutes for the action to propagate to our systems and retry.","domain":"usageLimits","reason":"accessNotConfigured","extendedHelp":"https://console.developers.google.com"}],"status":"PERMISSION_DENIED","details":[{"@type":"type.googleapis.com/google.rpc.ErrorInfo","reason":"SERVICE_DISABLED","domain":"googleapis.com","metadata":{"service":"compute.googleapis.com","serviceTitle":"Compute Engine API","containerInfo":"175735257281","activationUrl":"https://console.developers.google.com/apis/api/compute.googleapis.com/overview?project=175735257281","consumer":"projects/175735257281"}},{"@type":"type.googleapis.com/google.rpc.LocalizedMessage","locale":"en-US","message":"Compute Engine API has not been used in project 175735257281 before or it is disabled. Enable it by visiting https://console.developers.google.com/apis/api/compute.googleapis.com/overview?project=175735257281 then retry. If you enabled this API recently, wait a few minutes for the action to propagate to our systems and retry."},{"@type":"type.googleapis.com/google.rpc.Help","links":[{"description":"Google developers console API activation","url":"https://console.developers.google.com/apis/api/compute.googleapis.com/overview?project=175735257281"}]}]}},"response":{"statusCode":403}},"exit":1,"message":"Request to https://compute.googleapis.com/compute/v1/projects/175735257281 had HTTP Error: 403, Compute Engine API has not been used in project 175735257281 before or it is disabled. Enable it by visiting https://console.developers.google.com/apis/api/compute.googleapis.com/overview?project=175735257281 then retry. If you enabled this API recently, wait a few minutes for the action to propagate to our systems and retry.","status":403}
[debug] [2025-09-06T03:55:14.355Z] Checked if tokens are valid: true, expires at: 1757133151971
[debug] [2025-09-06T03:55:14.355Z] Checked if tokens are valid: true, expires at: 1757133151971
[debug] [2025-09-06T03:55:14.355Z] >>> [apiv2][query] GET https://cloudbilling.googleapis.com/v1/projects/yapyap-a750c/billingInfo [none]
[debug] [2025-09-06T03:55:16.075Z] <<< [apiv2][status] GET https://cloudbilling.googleapis.com/v1/projects/yapyap-a750c/billingInfo 200
[debug] [2025-09-06T03:55:16.076Z] <<< [apiv2][body] GET https://cloudbilling.googleapis.com/v1/projects/yapyap-a750c/billingInfo {"name":"projects/yapyap-a750c/billingInfo","projectId":"yapyap-a750c","billingAccountName":"billingAccounts/01D957-8B6F20-6D6057","billingEnabled":true}
[debug] [2025-09-06T03:55:16.078Z] Checked if tokens are valid: true, expires at: 1757133151971
[debug] [2025-09-06T03:55:16.079Z] Checked if tokens are valid: true, expires at: 1757133151971
[debug] [2025-09-06T03:55:16.079Z] >>> [apiv2][query] POST https://cloudfunctions.googleapis.com/v2/projects/yapyap-a750c/locations/asia-east1/functions:generateUploadUrl [none]
[debug] [2025-09-06T03:55:16.235Z] <<< [apiv2][status] POST https://cloudfunctions.googleapis.com/v2/projects/yapyap-a750c/locations/asia-east1/functions:generateUploadUrl 200
[debug] [2025-09-06T03:55:16.235Z] <<< [apiv2][body] POST https://cloudfunctions.googleapis.com/v2/projects/yapyap-a750c/locations/asia-east1/functions:generateUploadUrl {"uploadUrl":"https://storage.googleapis.com/gcf-v2-uploads-175735257281.asia-east1.cloudfunctions.appspot.com/f7a518f1-49d4-4d33-afb7-7dec91ca7067.zip?GoogleAccessId=service-175735257281@gcf-admin-robot.iam.gserviceaccount.com&Expires=1757132720&Signature=CipjI0QLUnLUBYfDdEIZK%2Fbiwpg5s5qzt8Qo5av7NdVDlBPz39UjACr7%2BatbOghS1Tp4HpVzQr588Nl5zPjSrE6aerMFKAXTfFsUhcBTSUerbBR7Muq%2FZXtO9bhG%2FecL8HEqvWfPdchMQkMoMVoPtGch0htrmgE5Ph%2F3Qeq%2FIkPfz%2B15yBLAHgpVRNVYPX%2FL9%2FTeoqz891ngi%2FYHV0dhqOcXLeuKMPva1NPTOkDUe%2BQR6ZDxYG8rpioq1FWJRfo9DENdfInb2UG24ZQjzneR6MXIV35Zgxutm3LI65QpqmW4l4XWX6ex%2FMM4MjNAs%2B%2BW24hz8hHYKZdo8XZF3%2B0u4g%3D%3D","storageSource":{"bucket":"gcf-v2-uploads-175735257281.asia-east1.cloudfunctions.appspot.com","object":"f7a518f1-49d4-4d33-afb7-7dec91ca7067.zip"}}
[debug] [2025-09-06T03:55:16.239Z] >>> [apiv2][query] PUT https://storage.googleapis.com/gcf-v2-uploads-175735257281.asia-east1.cloudfunctions.appspot.com/f7a518f1-49d4-4d33-afb7-7dec91ca7067.zip GoogleAccessId=service-175735257281%40gcf-admin-robot.iam.gserviceaccount.com&Expires=1757132720&Signature=CipjI0QLUnLUBYfDdEIZK%2Fbiwpg5s5qzt8Qo5av7NdVDlBPz39UjACr7%2BatbOghS1Tp4HpVzQr588Nl5zPjSrE6aerMFKAXTfFsUhcBTSUerbBR7Muq%2FZXtO9bhG%2FecL8HEqvWfPdchMQkMoMVoPtGch0htrmgE5Ph%2F3Qeq%2FIkPfz%2B15yBLAHgpVRNVYPX%2FL9%2FTeoqz891ngi%2FYHV0dhqOcXLeuKMPva1NPTOkDUe%2BQR6ZDxYG8rpioq1FWJRfo9DENdfInb2UG24ZQjzneR6MXIV35Zgxutm3LI65QpqmW4l4XWX6ex%2FMM4MjNAs%2B%2BW24hz8hHYKZdo8XZF3%2B0u4g%3D%3D
[debug] [2025-09-06T03:55:16.239Z] >>> [apiv2][body] PUT https://storage.googleapis.com/gcf-v2-uploads-175735257281.asia-east1.cloudfunctions.appspot.com/f7a518f1-49d4-4d33-afb7-7dec91ca7067.zip [stream]
[debug] [2025-09-06T03:55:16.419Z] <<< [apiv2][status] PUT https://storage.googleapis.com/gcf-v2-uploads-175735257281.asia-east1.cloudfunctions.appspot.com/f7a518f1-49d4-4d33-afb7-7dec91ca7067.zip 200
[debug] [2025-09-06T03:55:16.419Z] <<< [apiv2][body] PUT https://storage.googleapis.com/gcf-v2-uploads-175735257281.asia-east1.cloudfunctions.appspot.com/f7a518f1-49d4-4d33-afb7-7dec91ca7067.zip [omitted]
[info] ✔  functions: functions folder uploaded successfully 
[info] i  functions: updating Node.js 20 (2nd Gen) function bumpCommentCountOnCreate(asia-east1)... 
[info] i  functions: updating Node.js 20 (2nd Gen) function bumpCommentCountOnDelete(asia-east1)... 
[info] i  functions: updating Node.js 20 (2nd Gen) function castVote(asia-east1)... 
[debug] [2025-09-06T03:55:16.428Z] Checked if tokens are valid: true, expires at: 1757133151971
[debug] [2025-09-06T03:55:16.428Z] Checked if tokens are valid: true, expires at: 1757133151971
[debug] [2025-09-06T03:55:16.429Z] >>> [apiv2][query] PATCH https://cloudfunctions.googleapis.com/v2/projects/yapyap-a750c/locations/asia-east1/functions/bumpCommentCountOnCreate updateMask=name%2CbuildConfig.runtime%2CbuildConfig.entryPoint%2CbuildConfig.source.storageSource.bucket%2CbuildConfig.source.storageSource.object%2CbuildConfig.environmentVariables%2CbuildConfig.sourceToken%2CserviceConfig.environmentVariables%2CserviceConfig.ingressSettings%2CserviceConfig.timeoutSeconds%2CserviceConfig.serviceAccountEmail%2CserviceConfig.availableMemory%2CserviceConfig.minInstanceCount%2CserviceConfig.maxInstanceCount%2CserviceConfig.maxInstanceRequestConcurrency%2CserviceConfig.availableCpu%2CserviceConfig.vpcConnector%2CserviceConfig.vpcConnectorEgressSettings%2Clabels%2CeventTrigger.eventType%2CeventTrigger.retryPolicy%2CeventTrigger.eventFilters%2CeventTrigger.triggerRegion
[debug] [2025-09-06T03:55:16.429Z] >>> [apiv2][body] PATCH https://cloudfunctions.googleapis.com/v2/projects/yapyap-a750c/locations/asia-east1/functions/bumpCommentCountOnCreate {"name":"projects/yapyap-a750c/locations/asia-east1/functions/bumpCommentCountOnCreate","buildConfig":{"runtime":"nodejs20","entryPoint":"bumpCommentCountOnCreate","source":{"storageSource":{"bucket":"gcf-v2-uploads-175735257281.asia-east1.cloudfunctions.appspot.com","object":"f7a518f1-49d4-4d33-afb7-7dec91ca7067.zip"}},"environmentVariables":{"GOOGLE_NODE_RUN_SCRIPTS":""}},"serviceConfig":{"environmentVariables":{"FIREBASE_CONFIG":"{\"projectId\":\"yapyap-a750c\",\"storageBucket\":\"yapyap-a750c.firebasestorage.app\"}","GCLOUD_PROJECT":"yapyap-a750c","EVENTARC_CLOUD_EVENT_SOURCE":"projects/yapyap-a750c/locations/asia-east1/services/bumpCommentCountOnCreate","FUNCTION_SIGNATURE_TYPE":"cloudevent","FUNCTION_TARGET":"bumpCommentCountOnCreate","LOG_EXECUTION_ID":"true"},"ingressSettings":null,"timeoutSeconds":null,"serviceAccountEmail":null,"availableMemory":"256Mi","minInstanceCount":null,"maxInstanceCount":null,"maxInstanceRequestConcurrency":80,"availableCpu":"1","vpcConnector":null,"vpcConnectorEgressSettings":null},"labels":{"deployment-tool":"cli-firebase","firebase-functions-hash":"0792cccb6a21bad3439ca30b7e741974848552c7"},"eventTrigger":{"eventType":"google.cloud.firestore.document.v1.created","retryPolicy":"RETRY_POLICY_DO_NOT_RETRY","eventFilters":[{"attribute":"database","value":"(default)"},{"attribute":"namespace","value":"(default)"},{"attribute":"document","value":"posts/{postId}/comments/{commentId}","operator":"match-path-pattern"}],"triggerRegion":"asia-east1"}}
[debug] [2025-09-06T03:55:17.886Z] <<< [apiv2][status] PATCH https://cloudfunctions.googleapis.com/v2/projects/yapyap-a750c/locations/asia-east1/functions/bumpCommentCountOnCreate 200
[debug] [2025-09-06T03:55:17.886Z] <<< [apiv2][body] PATCH https://cloudfunctions.googleapis.com/v2/projects/yapyap-a750c/locations/asia-east1/functions/bumpCommentCountOnCreate {"name":"projects/yapyap-a750c/locations/asia-east1/operations/operation-1757130920865-63e19ec5cae44-517c2115-bc15f33d","metadata":{"@type":"type.googleapis.com/google.cloud.functions.v2.OperationMetadata","createTime":"2025-09-06T03:55:22.243690689Z","target":"projects/yapyap-a750c/locations/asia-east1/functions/bumpCommentCountOnCreate","verb":"update","cancelRequested":false,"apiVersion":"v2"},"done":false}
[debug] [2025-09-06T03:55:17.887Z] Checked if tokens are valid: true, expires at: 1757133151971
[debug] [2025-09-06T03:55:17.887Z] Checked if tokens are valid: true, expires at: 1757133151971
[debug] [2025-09-06T03:55:17.888Z] >>> [apiv2][query] GET https://cloudfunctions.googleapis.com/v2/projects/yapyap-a750c/locations/asia-east1/operations/operation-1757130920865-63e19ec5cae44-517c2115-bc15f33d [none]
[debug] [2025-09-06T03:55:17.960Z] <<< [apiv2][status] GET https://cloudfunctions.googleapis.com/v2/projects/yapyap-a750c/locations/asia-east1/operations/operation-1757130920865-63e19ec5cae44-517c2115-bc15f33d 200
[debug] [2025-09-06T03:55:17.960Z] <<< [apiv2][body] GET https://cloudfunctions.googleapis.com/v2/projects/yapyap-a750c/locations/asia-east1/operations/operation-1757130920865-63e19ec5cae44-517c2115-bc15f33d {"name":"projects/yapyap-a750c/locations/asia-east1/operations/operation-1757130920865-63e19ec5cae44-517c2115-bc15f33d","metadata":{"@type":"type.googleapis.com/google.cloud.functions.v2.OperationMetadata","createTime":"2025-09-06T03:55:22.243690689Z","target":"projects/yapyap-a750c/locations/asia-east1/functions/bumpCommentCountOnCreate","verb":"update","cancelRequested":false,"apiVersion":"v2"},"done":false}
[debug] [2025-09-06T03:55:18.462Z] [update-default-asia-east1-bumpCommentCountOnCreate] Retrying task index 0
[debug] [2025-09-06T03:55:18.462Z] Checked if tokens are valid: true, expires at: 1757133151971
[debug] [2025-09-06T03:55:18.463Z] Checked if tokens are valid: true, expires at: 1757133151971
[debug] [2025-09-06T03:55:18.463Z] >>> [apiv2][query] GET https://cloudfunctions.googleapis.com/v2/projects/yapyap-a750c/locations/asia-east1/operations/operation-1757130920865-63e19ec5cae44-517c2115-bc15f33d [none]
[debug] [2025-09-06T03:55:18.529Z] <<< [apiv2][status] GET https://cloudfunctions.googleapis.com/v2/projects/yapyap-a750c/locations/asia-east1/operations/operation-1757130920865-63e19ec5cae44-517c2115-bc15f33d 200
[debug] [2025-09-06T03:55:18.529Z] <<< [apiv2][body] GET https://cloudfunctions.googleapis.com/v2/projects/yapyap-a750c/locations/asia-east1/operations/operation-1757130920865-63e19ec5cae44-517c2115-bc15f33d {"name":"projects/yapyap-a750c/locations/asia-east1/operations/operation-1757130920865-63e19ec5cae44-517c2115-bc15f33d","metadata":{"@type":"type.googleapis.com/google.cloud.functions.v2.OperationMetadata","createTime":"2025-09-06T03:55:22.243690689Z","target":"projects/yapyap-a750c/locations/asia-east1/functions/bumpCommentCountOnCreate","verb":"update","cancelRequested":false,"apiVersion":"v2","requestResource":{"@type":"type.googleapis.com/google.cloud.functions.v2.Function","name":"projects/yapyap-a750c/locations/asia-east1/functions/bumpCommentCountOnCreate","buildConfig":{"runtime":"nodejs20","entryPoint":"bumpCommentCountOnCreate","source":{"storageSource":{"bucket":"gcf-v2-sources-175735257281-asia-east1","object":"bumpCommentCountOnCreate/function-source.zip","generation":"1757130922194965"}},"environmentVariables":{"GOOGLE_NODE_RUN_SCRIPTS":""},"dockerRepository":"projects/yapyap-a750c/locations/asia-east1/repositories/gcf-artifacts","sourceProvenance":{"resolvedStorageSource":{"bucket":"gcf-v2-sources-175735257281-asia-east1","object":"bumpCommentCountOnCreate/function-source.zip","generation":"1754928535240601"}},"dockerRegistry":"ARTIFACT_REGISTRY","serviceAccount":"projects/yapyap-a750c/serviceAccounts/175735257281-compute@developer.gserviceaccount.com","automaticUpdatePolicy":{}},"serviceConfig":{"service":"projects/yapyap-a750c/locations/asia-east1/services/bumpcommentcountoncreate","timeoutSeconds":60,"environmentVariables":{"FIREBASE_CONFIG":"{\"projectId\":\"yapyap-a750c\",\"storageBucket\":\"yapyap-a750c.firebasestorage.app\"}","GCLOUD_PROJECT":"yapyap-a750c","EVENTARC_CLOUD_EVENT_SOURCE":"projects/yapyap-a750c/locations/asia-east1/services/bumpCommentCountOnCreate","FUNCTION_SIGNATURE_TYPE":"cloudevent","FUNCTION_TARGET":"bumpCommentCountOnCreate","LOG_EXECUTION_ID":"true"},"ingressSettings":"ALLOW_ALL","uri":"https://bumpcommentcountoncreate-tk66pv64oq-de.a.run.app","serviceAccountEmail":"175735257281-compute@developer.gserviceaccount.com","availableMemory":"256Mi","allTrafficOnLatestRevision":true,"revision":"bumpcommentcountoncreate-00002-rem","maxInstanceRequestConcurrency":80,"availableCpu":"1"},"eventTrigger":{"trigger":"projects/yapyap-a750c/locations/asia-east1/triggers/bumpcommentcountoncreate-848324","triggerRegion":"asia-east1","eventType":"google.cloud.firestore.document.v1.created","eventFilters":[{"attribute":"database","value":"(default)"},{"attribute":"namespace","value":"(default)"},{"attribute":"document","value":"posts/{postId}/comments/{commentId}","operator":"match-path-pattern"}],"pubsubTopic":"projects/yapyap-a750c/topics/eventarc-asia-east1-bumpcommentcountoncreate-848324-470","serviceAccountEmail":"175735257281-compute@developer.gserviceaccount.com","retryPolicy":"RETRY_POLICY_DO_NOT_RETRY"},"state":"ACTIVE","labels":{"deployment-tool":"cli-firebase","firebase-functions-hash":"0792cccb6a21bad3439ca30b7e741974848552c7"},"environment":"GEN_2","url":"https://asia-east1-yapyap-a750c.cloudfunctions.net/bumpCommentCountOnCreate","satisfiesPzi":true},"stages":[{"name":"BUILD","state":"NOT_STARTED"},{"name":"SERVICE","state":"NOT_STARTED"},{"name":"TRIGGER","state":"NOT_STARTED"}],"operationType":"UPDATE_FUNCTION"},"done":false}
[debug] [2025-09-06T03:55:19.531Z] [update-default-asia-east1-bumpCommentCountOnCreate] Retrying task index 0
[debug] [2025-09-06T03:55:19.531Z] Checked if tokens are valid: true, expires at: 1757133151971
[debug] [2025-09-06T03:55:19.531Z] Checked if tokens are valid: true, expires at: 1757133151971
[debug] [2025-09-06T03:55:19.531Z] >>> [apiv2][query] GET https://cloudfunctions.googleapis.com/v2/projects/yapyap-a750c/locations/asia-east1/operations/operation-1757130920865-63e19ec5cae44-517c2115-bc15f33d [none]
[debug] [2025-09-06T03:55:19.593Z] <<< [apiv2][status] GET https://cloudfunctions.googleapis.com/v2/projects/yapyap-a750c/locations/asia-east1/operations/operation-1757130920865-63e19ec5cae44-517c2115-bc15f33d 200
[debug] [2025-09-06T03:55:19.593Z] <<< [apiv2][body] GET https://cloudfunctions.googleapis.com/v2/projects/yapyap-a750c/locations/asia-east1/operations/operation-1757130920865-63e19ec5cae44-517c2115-bc15f33d {"name":"projects/yapyap-a750c/locations/asia-east1/operations/operation-1757130920865-63e19ec5cae44-517c2115-bc15f33d","metadata":{"@type":"type.googleapis.com/google.cloud.functions.v2.OperationMetadata","createTime":"2025-09-06T03:55:22.243690689Z","target":"projects/yapyap-a750c/locations/asia-east1/functions/bumpCommentCountOnCreate","verb":"update","cancelRequested":false,"apiVersion":"v2","requestResource":{"@type":"type.googleapis.com/google.cloud.functions.v2.Function","name":"projects/yapyap-a750c/locations/asia-east1/functions/bumpCommentCountOnCreate","buildConfig":{"runtime":"nodejs20","entryPoint":"bumpCommentCountOnCreate","source":{"storageSource":{"bucket":"gcf-v2-sources-175735257281-asia-east1","object":"bumpCommentCountOnCreate/function-source.zip","generation":"1757130922194965"}},"environmentVariables":{"GOOGLE_NODE_RUN_SCRIPTS":""},"dockerRepository":"projects/yapyap-a750c/locations/asia-east1/repositories/gcf-artifacts","sourceProvenance":{"resolvedStorageSource":{"bucket":"gcf-v2-sources-175735257281-asia-east1","object":"bumpCommentCountOnCreate/function-source.zip","generation":"1754928535240601"}},"dockerRegistry":"ARTIFACT_REGISTRY","serviceAccount":"projects/yapyap-a750c/serviceAccounts/175735257281-compute@developer.gserviceaccount.com","automaticUpdatePolicy":{}},"serviceConfig":{"service":"projects/yapyap-a750c/locations/asia-east1/services/bumpcommentcountoncreate","timeoutSeconds":60,"environmentVariables":{"FIREBASE_CONFIG":"{\"projectId\":\"yapyap-a750c\",\"storageBucket\":\"yapyap-a750c.firebasestorage.app\"}","GCLOUD_PROJECT":"yapyap-a750c","EVENTARC_CLOUD_EVENT_SOURCE":"projects/yapyap-a750c/locations/asia-east1/services/bumpCommentCountOnCreate","FUNCTION_SIGNATURE_TYPE":"cloudevent","FUNCTION_TARGET":"bumpCommentCountOnCreate","LOG_EXECUTION_ID":"true"},"ingressSettings":"ALLOW_ALL","uri":"https://bumpcommentcountoncreate-tk66pv64oq-de.a.run.app","serviceAccountEmail":"175735257281-compute@developer.gserviceaccount.com","availableMemory":"256Mi","allTrafficOnLatestRevision":true,"revision":"bumpcommentcountoncreate-00002-rem","maxInstanceRequestConcurrency":80,"availableCpu":"1"},"eventTrigger":{"trigger":"projects/yapyap-a750c/locations/asia-east1/triggers/bumpcommentcountoncreate-848324","triggerRegion":"asia-east1","eventType":"google.cloud.firestore.document.v1.created","eventFilters":[{"attribute":"database","value":"(default)"},{"attribute":"namespace","value":"(default)"},{"attribute":"document","value":"posts/{postId}/comments/{commentId}","operator":"match-path-pattern"}],"pubsubTopic":"projects/yapyap-a750c/topics/eventarc-asia-east1-bumpcommentcountoncreate-848324-470","serviceAccountEmail":"175735257281-compute@developer.gserviceaccount.com","retryPolicy":"RETRY_POLICY_DO_NOT_RETRY"},"state":"ACTIVE","labels":{"deployment-tool":"cli-firebase","firebase-functions-hash":"0792cccb6a21bad3439ca30b7e741974848552c7"},"environment":"GEN_2","url":"https://asia-east1-yapyap-a750c.cloudfunctions.net/bumpCommentCountOnCreate","satisfiesPzi":true},"stages":[{"name":"BUILD","message":"Build in progress","state":"IN_PROGRESS","resource":"projects/175735257281/locations/asia-east1/builds/ce976e81-8214-4509-bfae-fabc400bb681","resourceUri":"https://console.cloud.google.com/cloud-build/builds;region=asia-east1/ce976e81-8214-4509-bfae-fabc400bb681?project=175735257281"},{"name":"SERVICE","state":"NOT_STARTED"},{"name":"TRIGGER","state":"NOT_STARTED"}],"operationType":"UPDATE_FUNCTION","buildName":"projects/175735257281/locations/asia-east1/builds/ce976e81-8214-4509-bfae-fabc400bb681"},"done":false}
[debug] [2025-09-06T03:55:21.594Z] [update-default-asia-east1-bumpCommentCountOnCreate] Retrying task index 0
[debug] [2025-09-06T03:55:21.594Z] Checked if tokens are valid: true, expires at: 1757133151971
[debug] [2025-09-06T03:55:21.594Z] Checked if tokens are valid: true, expires at: 1757133151971
[debug] [2025-09-06T03:55:21.595Z] >>> [apiv2][query] GET https://cloudfunctions.googleapis.com/v2/projects/yapyap-a750c/locations/asia-east1/operations/operation-1757130920865-63e19ec5cae44-517c2115-bc15f33d [none]
[debug] [2025-09-06T03:55:21.632Z] <<< [apiv2][status] GET https://cloudfunctions.googleapis.com/v2/projects/yapyap-a750c/locations/asia-east1/operations/operation-1757130920865-63e19ec5cae44-517c2115-bc15f33d 200
[debug] [2025-09-06T03:55:21.632Z] <<< [apiv2][body] GET https://cloudfunctions.googleapis.com/v2/projects/yapyap-a750c/locations/asia-east1/operations/operation-1757130920865-63e19ec5cae44-517c2115-bc15f33d {"name":"projects/yapyap-a750c/locations/asia-east1/operations/operation-1757130920865-63e19ec5cae44-517c2115-bc15f33d","metadata":{"@type":"type.googleapis.com/google.cloud.functions.v2.OperationMetadata","createTime":"2025-09-06T03:55:22.243690689Z","target":"projects/yapyap-a750c/locations/asia-east1/functions/bumpCommentCountOnCreate","verb":"update","cancelRequested":false,"apiVersion":"v2","requestResource":{"@type":"type.googleapis.com/google.cloud.functions.v2.Function","name":"projects/yapyap-a750c/locations/asia-east1/functions/bumpCommentCountOnCreate","buildConfig":{"runtime":"nodejs20","entryPoint":"bumpCommentCountOnCreate","source":{"storageSource":{"bucket":"gcf-v2-sources-175735257281-asia-east1","object":"bumpCommentCountOnCreate/function-source.zip","generation":"1757130922194965"}},"environmentVariables":{"GOOGLE_NODE_RUN_SCRIPTS":""},"dockerRepository":"projects/yapyap-a750c/locations/asia-east1/repositories/gcf-artifacts","sourceProvenance":{"resolvedStorageSource":{"bucket":"gcf-v2-sources-175735257281-asia-east1","object":"bumpCommentCountOnCreate/function-source.zip","generation":"1754928535240601"}},"dockerRegistry":"ARTIFACT_REGISTRY","serviceAccount":"projects/yapyap-a750c/serviceAccounts/175735257281-compute@developer.gserviceaccount.com","automaticUpdatePolicy":{}},"serviceConfig":{"service":"projects/yapyap-a750c/locations/asia-east1/services/bumpcommentcountoncreate","timeoutSeconds":60,"environmentVariables":{"FIREBASE_CONFIG":"{\"projectId\":\"yapyap-a750c\",\"storageBucket\":\"yapyap-a750c.firebasestorage.app\"}","GCLOUD_PROJECT":"yapyap-a750c","EVENTARC_CLOUD_EVENT_SOURCE":"projects/yapyap-a750c/locations/asia-east1/services/bumpCommentCountOnCreate","FUNCTION_SIGNATURE_TYPE":"cloudevent","FUNCTION_TARGET":"bumpCommentCountOnCreate","LOG_EXECUTION_ID":"true"},"ingressSettings":"ALLOW_ALL","uri":"https://bumpcommentcountoncreate-tk66pv64oq-de.a.run.app","serviceAccountEmail":"175735257281-compute@developer.gserviceaccount.com","availableMemory":"256Mi","allTrafficOnLatestRevision":true,"revision":"bumpcommentcountoncreate-00002-rem","maxInstanceRequestConcurrency":80,"availableCpu":"1"},"eventTrigger":{"trigger":"projects/yapyap-a750c/locations/asia-east1/triggers/bumpcommentcountoncreate-848324","triggerRegion":"asia-east1","eventType":"google.cloud.firestore.document.v1.created","eventFilters":[{"attribute":"database","value":"(default)"},{"attribute":"namespace","value":"(default)"},{"attribute":"document","value":"posts/{postId}/comments/{commentId}","operator":"match-path-pattern"}],"pubsubTopic":"projects/yapyap-a750c/topics/eventarc-asia-east1-bumpcommentcountoncreate-848324-470","serviceAccountEmail":"175735257281-compute@developer.gserviceaccount.com","retryPolicy":"RETRY_POLICY_DO_NOT_RETRY"},"state":"ACTIVE","labels":{"deployment-tool":"cli-firebase","firebase-functions-hash":"0792cccb6a21bad3439ca30b7e741974848552c7"},"environment":"GEN_2","url":"https://asia-east1-yapyap-a750c.cloudfunctions.net/bumpCommentCountOnCreate","satisfiesPzi":true},"stages":[{"name":"BUILD","message":"Build in progress","state":"IN_PROGRESS","resource":"projects/175735257281/locations/asia-east1/builds/ce976e81-8214-4509-bfae-fabc400bb681","resourceUri":"https://console.cloud.google.com/cloud-build/builds;region=asia-east1/ce976e81-8214-4509-bfae-fabc400bb681?project=175735257281"},{"name":"SERVICE","state":"NOT_STARTED"},{"name":"TRIGGER","state":"NOT_STARTED"}],"operationType":"UPDATE_FUNCTION","buildName":"projects/175735257281/locations/asia-east1/builds/ce976e81-8214-4509-bfae-fabc400bb681"},"done":false}
[debug] [2025-09-06T03:55:25.633Z] [update-default-asia-east1-bumpCommentCountOnCreate] Retrying task index 0
[debug] [2025-09-06T03:55:25.634Z] Checked if tokens are valid: true, expires at: 1757133151971
[debug] [2025-09-06T03:55:25.634Z] Checked if tokens are valid: true, expires at: 1757133151971
[debug] [2025-09-06T03:55:25.634Z] >>> [apiv2][query] GET https://cloudfunctions.googleapis.com/v2/projects/yapyap-a750c/locations/asia-east1/operations/operation-1757130920865-63e19ec5cae44-517c2115-bc15f33d [none]
[debug] [2025-09-06T03:55:25.675Z] <<< [apiv2][status] GET https://cloudfunctions.googleapis.com/v2/projects/yapyap-a750c/locations/asia-east1/operations/operation-1757130920865-63e19ec5cae44-517c2115-bc15f33d 200
[debug] [2025-09-06T03:55:25.675Z] <<< [apiv2][body] GET https://cloudfunctions.googleapis.com/v2/projects/yapyap-a750c/locations/asia-east1/operations/operation-1757130920865-63e19ec5cae44-517c2115-bc15f33d {"name":"projects/yapyap-a750c/locations/asia-east1/operations/operation-1757130920865-63e19ec5cae44-517c2115-bc15f33d","metadata":{"@type":"type.googleapis.com/google.cloud.functions.v2.OperationMetadata","createTime":"2025-09-06T03:55:22.243690689Z","target":"projects/yapyap-a750c/locations/asia-east1/functions/bumpCommentCountOnCreate","verb":"update","cancelRequested":false,"apiVersion":"v2","requestResource":{"@type":"type.googleapis.com/google.cloud.functions.v2.Function","name":"projects/yapyap-a750c/locations/asia-east1/functions/bumpCommentCountOnCreate","buildConfig":{"runtime":"nodejs20","entryPoint":"bumpCommentCountOnCreate","source":{"storageSource":{"bucket":"gcf-v2-sources-175735257281-asia-east1","object":"bumpCommentCountOnCreate/function-source.zip","generation":"1757130922194965"}},"environmentVariables":{"GOOGLE_NODE_RUN_SCRIPTS":""},"dockerRepository":"projects/yapyap-a750c/locations/asia-east1/repositories/gcf-artifacts","sourceProvenance":{"resolvedStorageSource":{"bucket":"gcf-v2-sources-175735257281-asia-east1","object":"bumpCommentCountOnCreate/function-source.zip","generation":"1754928535240601"}},"dockerRegistry":"ARTIFACT_REGISTRY","serviceAccount":"projects/yapyap-a750c/serviceAccounts/175735257281-compute@developer.gserviceaccount.com","automaticUpdatePolicy":{}},"serviceConfig":{"service":"projects/yapyap-a750c/locations/asia-east1/services/bumpcommentcountoncreate","timeoutSeconds":60,"environmentVariables":{"FIREBASE_CONFIG":"{\"projectId\":\"yapyap-a750c\",\"storageBucket\":\"yapyap-a750c.firebasestorage.app\"}","GCLOUD_PROJECT":"yapyap-a750c","EVENTARC_CLOUD_EVENT_SOURCE":"projects/yapyap-a750c/locations/asia-east1/services/bumpCommentCountOnCreate","FUNCTION_SIGNATURE_TYPE":"cloudevent","FUNCTION_TARGET":"bumpCommentCountOnCreate","LOG_EXECUTION_ID":"true"},"ingressSettings":"ALLOW_ALL","uri":"https://bumpcommentcountoncreate-tk66pv64oq-de.a.run.app","serviceAccountEmail":"175735257281-compute@developer.gserviceaccount.com","availableMemory":"256Mi","allTrafficOnLatestRevision":true,"revision":"bumpcommentcountoncreate-00002-rem","maxInstanceRequestConcurrency":80,"availableCpu":"1"},"eventTrigger":{"trigger":"projects/yapyap-a750c/locations/asia-east1/triggers/bumpcommentcountoncreate-848324","triggerRegion":"asia-east1","eventType":"google.cloud.firestore.document.v1.created","eventFilters":[{"attribute":"database","value":"(default)"},{"attribute":"namespace","value":"(default)"},{"attribute":"document","value":"posts/{postId}/comments/{commentId}","operator":"match-path-pattern"}],"pubsubTopic":"projects/yapyap-a750c/topics/eventarc-asia-east1-bumpcommentcountoncreate-848324-470","serviceAccountEmail":"175735257281-compute@developer.gserviceaccount.com","retryPolicy":"RETRY_POLICY_DO_NOT_RETRY"},"state":"ACTIVE","labels":{"deployment-tool":"cli-firebase","firebase-functions-hash":"0792cccb6a21bad3439ca30b7e741974848552c7"},"environment":"GEN_2","url":"https://asia-east1-yapyap-a750c.cloudfunctions.net/bumpCommentCountOnCreate","satisfiesPzi":true},"stages":[{"name":"BUILD","message":"Build in progress","state":"IN_PROGRESS","resource":"projects/175735257281/locations/asia-east1/builds/ce976e81-8214-4509-bfae-fabc400bb681","resourceUri":"https://console.cloud.google.com/cloud-build/builds;region=asia-east1/ce976e81-8214-4509-bfae-fabc400bb681?project=175735257281"},{"name":"SERVICE","state":"NOT_STARTED"},{"name":"TRIGGER","state":"NOT_STARTED"}],"operationType":"UPDATE_FUNCTION","buildName":"projects/175735257281/locations/asia-east1/builds/ce976e81-8214-4509-bfae-fabc400bb681"},"done":false}
[debug] [2025-09-06T03:55:33.678Z] [update-default-asia-east1-bumpCommentCountOnCreate] Retrying task index 0
[debug] [2025-09-06T03:55:33.678Z] Checked if tokens are valid: true, expires at: 1757133151971
[debug] [2025-09-06T03:55:33.678Z] Checked if tokens are valid: true, expires at: 1757133151971
[debug] [2025-09-06T03:55:33.679Z] >>> [apiv2][query] GET https://cloudfunctions.googleapis.com/v2/projects/yapyap-a750c/locations/asia-east1/operations/operation-1757130920865-63e19ec5cae44-517c2115-bc15f33d [none]
[debug] [2025-09-06T03:55:33.754Z] <<< [apiv2][status] GET https://cloudfunctions.googleapis.com/v2/projects/yapyap-a750c/locations/asia-east1/operations/operation-1757130920865-63e19ec5cae44-517c2115-bc15f33d 200
[debug] [2025-09-06T03:55:33.754Z] <<< [apiv2][body] GET https://cloudfunctions.googleapis.com/v2/projects/yapyap-a750c/locations/asia-east1/operations/operation-1757130920865-63e19ec5cae44-517c2115-bc15f33d {"name":"projects/yapyap-a750c/locations/asia-east1/operations/operation-1757130920865-63e19ec5cae44-517c2115-bc15f33d","metadata":{"@type":"type.googleapis.com/google.cloud.functions.v2.OperationMetadata","createTime":"2025-09-06T03:55:22.243690689Z","target":"projects/yapyap-a750c/locations/asia-east1/functions/bumpCommentCountOnCreate","verb":"update","cancelRequested":false,"apiVersion":"v2","requestResource":{"@type":"type.googleapis.com/google.cloud.functions.v2.Function","name":"projects/yapyap-a750c/locations/asia-east1/functions/bumpCommentCountOnCreate","buildConfig":{"runtime":"nodejs20","entryPoint":"bumpCommentCountOnCreate","source":{"storageSource":{"bucket":"gcf-v2-sources-175735257281-asia-east1","object":"bumpCommentCountOnCreate/function-source.zip","generation":"1757130922194965"}},"environmentVariables":{"GOOGLE_NODE_RUN_SCRIPTS":""},"dockerRepository":"projects/yapyap-a750c/locations/asia-east1/repositories/gcf-artifacts","sourceProvenance":{"resolvedStorageSource":{"bucket":"gcf-v2-sources-175735257281-asia-east1","object":"bumpCommentCountOnCreate/function-source.zip","generation":"1754928535240601"}},"dockerRegistry":"ARTIFACT_REGISTRY","serviceAccount":"projects/yapyap-a750c/serviceAccounts/175735257281-compute@developer.gserviceaccount.com","automaticUpdatePolicy":{}},"serviceConfig":{"service":"projects/yapyap-a750c/locations/asia-east1/services/bumpcommentcountoncreate","timeoutSeconds":60,"environmentVariables":{"FIREBASE_CONFIG":"{\"projectId\":\"yapyap-a750c\",\"storageBucket\":\"yapyap-a750c.firebasestorage.app\"}","GCLOUD_PROJECT":"yapyap-a750c","EVENTARC_CLOUD_EVENT_SOURCE":"projects/yapyap-a750c/locations/asia-east1/services/bumpCommentCountOnCreate","FUNCTION_SIGNATURE_TYPE":"cloudevent","FUNCTION_TARGET":"bumpCommentCountOnCreate","LOG_EXECUTION_ID":"true"},"ingressSettings":"ALLOW_ALL","uri":"https://bumpcommentcountoncreate-tk66pv64oq-de.a.run.app","serviceAccountEmail":"175735257281-compute@developer.gserviceaccount.com","availableMemory":"256Mi","allTrafficOnLatestRevision":true,"revision":"bumpcommentcountoncreate-00002-rem","maxInstanceRequestConcurrency":80,"availableCpu":"1"},"eventTrigger":{"trigger":"projects/yapyap-a750c/locations/asia-east1/triggers/bumpcommentcountoncreate-848324","triggerRegion":"asia-east1","eventType":"google.cloud.firestore.document.v1.created","eventFilters":[{"attribute":"database","value":"(default)"},{"attribute":"namespace","value":"(default)"},{"attribute":"document","value":"posts/{postId}/comments/{commentId}","operator":"match-path-pattern"}],"pubsubTopic":"projects/yapyap-a750c/topics/eventarc-asia-east1-bumpcommentcountoncreate-848324-470","serviceAccountEmail":"175735257281-compute@developer.gserviceaccount.com","retryPolicy":"RETRY_POLICY_DO_NOT_RETRY"},"state":"ACTIVE","labels":{"deployment-tool":"cli-firebase","firebase-functions-hash":"0792cccb6a21bad3439ca30b7e741974848552c7"},"environment":"GEN_2","url":"https://asia-east1-yapyap-a750c.cloudfunctions.net/bumpCommentCountOnCreate","satisfiesPzi":true},"stages":[{"name":"BUILD","message":"Build in progress","state":"IN_PROGRESS","resource":"projects/175735257281/locations/asia-east1/builds/ce976e81-8214-4509-bfae-fabc400bb681","resourceUri":"https://console.cloud.google.com/cloud-build/builds;region=asia-east1/ce976e81-8214-4509-bfae-fabc400bb681?project=175735257281"},{"name":"SERVICE","state":"NOT_STARTED"},{"name":"TRIGGER","state":"NOT_STARTED"}],"operationType":"UPDATE_FUNCTION","buildName":"projects/175735257281/locations/asia-east1/builds/ce976e81-8214-4509-bfae-fabc400bb681"},"done":false}
[debug] [2025-09-06T03:55:43.755Z] [update-default-asia-east1-bumpCommentCountOnCreate] Retrying task index 0
[debug] [2025-09-06T03:55:43.756Z] Checked if tokens are valid: true, expires at: 1757133151971
[debug] [2025-09-06T03:55:43.756Z] Checked if tokens are valid: true, expires at: 1757133151971
[debug] [2025-09-06T03:55:43.756Z] >>> [apiv2][query] GET https://cloudfunctions.googleapis.com/v2/projects/yapyap-a750c/locations/asia-east1/operations/operation-1757130920865-63e19ec5cae44-517c2115-bc15f33d [none]
[debug] [2025-09-06T03:55:43.852Z] <<< [apiv2][status] GET https://cloudfunctions.googleapis.com/v2/projects/yapyap-a750c/locations/asia-east1/operations/operation-1757130920865-63e19ec5cae44-517c2115-bc15f33d 200
[debug] [2025-09-06T03:55:43.852Z] <<< [apiv2][body] GET https://cloudfunctions.googleapis.com/v2/projects/yapyap-a750c/locations/asia-east1/operations/operation-1757130920865-63e19ec5cae44-517c2115-bc15f33d {"name":"projects/yapyap-a750c/locations/asia-east1/operations/operation-1757130920865-63e19ec5cae44-517c2115-bc15f33d","metadata":{"@type":"type.googleapis.com/google.cloud.functions.v2.OperationMetadata","createTime":"2025-09-06T03:55:22.243690689Z","target":"projects/yapyap-a750c/locations/asia-east1/functions/bumpCommentCountOnCreate","verb":"update","cancelRequested":false,"apiVersion":"v2","requestResource":{"@type":"type.googleapis.com/google.cloud.functions.v2.Function","name":"projects/yapyap-a750c/locations/asia-east1/functions/bumpCommentCountOnCreate","buildConfig":{"runtime":"nodejs20","entryPoint":"bumpCommentCountOnCreate","source":{"storageSource":{"bucket":"gcf-v2-sources-175735257281-asia-east1","object":"bumpCommentCountOnCreate/function-source.zip","generation":"1757130922194965"}},"environmentVariables":{"GOOGLE_NODE_RUN_SCRIPTS":""},"dockerRepository":"projects/yapyap-a750c/locations/asia-east1/repositories/gcf-artifacts","sourceProvenance":{"resolvedStorageSource":{"bucket":"gcf-v2-sources-175735257281-asia-east1","object":"bumpCommentCountOnCreate/function-source.zip","generation":"1754928535240601"}},"dockerRegistry":"ARTIFACT_REGISTRY","serviceAccount":"projects/yapyap-a750c/serviceAccounts/175735257281-compute@developer.gserviceaccount.com","automaticUpdatePolicy":{}},"serviceConfig":{"service":"projects/yapyap-a750c/locations/asia-east1/services/bumpcommentcountoncreate","timeoutSeconds":60,"environmentVariables":{"FIREBASE_CONFIG":"{\"projectId\":\"yapyap-a750c\",\"storageBucket\":\"yapyap-a750c.firebasestorage.app\"}","GCLOUD_PROJECT":"yapyap-a750c","EVENTARC_CLOUD_EVENT_SOURCE":"projects/yapyap-a750c/locations/asia-east1/services/bumpCommentCountOnCreate","FUNCTION_SIGNATURE_TYPE":"cloudevent","FUNCTION_TARGET":"bumpCommentCountOnCreate","LOG_EXECUTION_ID":"true"},"ingressSettings":"ALLOW_ALL","uri":"https://bumpcommentcountoncreate-tk66pv64oq-de.a.run.app","serviceAccountEmail":"175735257281-compute@developer.gserviceaccount.com","availableMemory":"256Mi","allTrafficOnLatestRevision":true,"revision":"bumpcommentcountoncreate-00002-rem","maxInstanceRequestConcurrency":80,"availableCpu":"1"},"eventTrigger":{"trigger":"projects/yapyap-a750c/locations/asia-east1/triggers/bumpcommentcountoncreate-848324","triggerRegion":"asia-east1","eventType":"google.cloud.firestore.document.v1.created","eventFilters":[{"attribute":"database","value":"(default)"},{"attribute":"namespace","value":"(default)"},{"attribute":"document","value":"posts/{postId}/comments/{commentId}","operator":"match-path-pattern"}],"pubsubTopic":"projects/yapyap-a750c/topics/eventarc-asia-east1-bumpcommentcountoncreate-848324-470","serviceAccountEmail":"175735257281-compute@developer.gserviceaccount.com","retryPolicy":"RETRY_POLICY_DO_NOT_RETRY"},"state":"ACTIVE","labels":{"deployment-tool":"cli-firebase","firebase-functions-hash":"0792cccb6a21bad3439ca30b7e741974848552c7"},"environment":"GEN_2","url":"https://asia-east1-yapyap-a750c.cloudfunctions.net/bumpCommentCountOnCreate","satisfiesPzi":true},"stages":[{"name":"BUILD","message":"Build in progress","state":"IN_PROGRESS","resource":"projects/175735257281/locations/asia-east1/builds/ce976e81-8214-4509-bfae-fabc400bb681","resourceUri":"https://console.cloud.google.com/cloud-build/builds;region=asia-east1/ce976e81-8214-4509-bfae-fabc400bb681?project=175735257281"},{"name":"SERVICE","state":"NOT_STARTED"},{"name":"TRIGGER","state":"NOT_STARTED"}],"operationType":"UPDATE_FUNCTION","buildName":"projects/175735257281/locations/asia-east1/builds/ce976e81-8214-4509-bfae-fabc400bb681"},"done":false}
[debug] [2025-09-06T03:55:53.854Z] [update-default-asia-east1-bumpCommentCountOnCreate] Retrying task index 0
[debug] [2025-09-06T03:55:53.854Z] Checked if tokens are valid: true, expires at: 1757133151971
[debug] [2025-09-06T03:55:53.855Z] Checked if tokens are valid: true, expires at: 1757133151971
[debug] [2025-09-06T03:55:53.855Z] >>> [apiv2][query] GET https://cloudfunctions.googleapis.com/v2/projects/yapyap-a750c/locations/asia-east1/operations/operation-1757130920865-63e19ec5cae44-517c2115-bc15f33d [none]
[debug] [2025-09-06T03:55:53.997Z] <<< [apiv2][status] GET https://cloudfunctions.googleapis.com/v2/projects/yapyap-a750c/locations/asia-east1/operations/operation-1757130920865-63e19ec5cae44-517c2115-bc15f33d 200
[debug] [2025-09-06T03:55:53.997Z] <<< [apiv2][body] GET https://cloudfunctions.googleapis.com/v2/projects/yapyap-a750c/locations/asia-east1/operations/operation-1757130920865-63e19ec5cae44-517c2115-bc15f33d {"name":"projects/yapyap-a750c/locations/asia-east1/operations/operation-1757130920865-63e19ec5cae44-517c2115-bc15f33d","metadata":{"@type":"type.googleapis.com/google.cloud.functions.v2.OperationMetadata","createTime":"2025-09-06T03:55:22.243690689Z","target":"projects/yapyap-a750c/locations/asia-east1/functions/bumpCommentCountOnCreate","verb":"update","cancelRequested":false,"apiVersion":"v2","requestResource":{"@type":"type.googleapis.com/google.cloud.functions.v2.Function","name":"projects/yapyap-a750c/locations/asia-east1/functions/bumpCommentCountOnCreate","buildConfig":{"runtime":"nodejs20","entryPoint":"bumpCommentCountOnCreate","source":{"storageSource":{"bucket":"gcf-v2-sources-175735257281-asia-east1","object":"bumpCommentCountOnCreate/function-source.zip","generation":"1757130922194965"}},"environmentVariables":{"GOOGLE_NODE_RUN_SCRIPTS":""},"dockerRepository":"projects/yapyap-a750c/locations/asia-east1/repositories/gcf-artifacts","sourceProvenance":{"resolvedStorageSource":{"bucket":"gcf-v2-sources-175735257281-asia-east1","object":"bumpCommentCountOnCreate/function-source.zip","generation":"1754928535240601"}},"dockerRegistry":"ARTIFACT_REGISTRY","serviceAccount":"projects/yapyap-a750c/serviceAccounts/175735257281-compute@developer.gserviceaccount.com","automaticUpdatePolicy":{}},"serviceConfig":{"service":"projects/yapyap-a750c/locations/asia-east1/services/bumpcommentcountoncreate","timeoutSeconds":60,"environmentVariables":{"FIREBASE_CONFIG":"{\"projectId\":\"yapyap-a750c\",\"storageBucket\":\"yapyap-a750c.firebasestorage.app\"}","GCLOUD_PROJECT":"yapyap-a750c","EVENTARC_CLOUD_EVENT_SOURCE":"projects/yapyap-a750c/locations/asia-east1/services/bumpCommentCountOnCreate","FUNCTION_SIGNATURE_TYPE":"cloudevent","FUNCTION_TARGET":"bumpCommentCountOnCreate","LOG_EXECUTION_ID":"true"},"ingressSettings":"ALLOW_ALL","uri":"https://bumpcommentcountoncreate-tk66pv64oq-de.a.run.app","serviceAccountEmail":"175735257281-compute@developer.gserviceaccount.com","availableMemory":"256Mi","allTrafficOnLatestRevision":true,"revision":"bumpcommentcountoncreate-00002-rem","maxInstanceRequestConcurrency":80,"availableCpu":"1"},"eventTrigger":{"trigger":"projects/yapyap-a750c/locations/asia-east1/triggers/bumpcommentcountoncreate-848324","triggerRegion":"asia-east1","eventType":"google.cloud.firestore.document.v1.created","eventFilters":[{"attribute":"database","value":"(default)"},{"attribute":"namespace","value":"(default)"},{"attribute":"document","value":"posts/{postId}/comments/{commentId}","operator":"match-path-pattern"}],"pubsubTopic":"projects/yapyap-a750c/topics/eventarc-asia-east1-bumpcommentcountoncreate-848324-470","serviceAccountEmail":"175735257281-compute@developer.gserviceaccount.com","retryPolicy":"RETRY_POLICY_DO_NOT_RETRY"},"state":"ACTIVE","labels":{"deployment-tool":"cli-firebase","firebase-functions-hash":"0792cccb6a21bad3439ca30b7e741974848552c7"},"environment":"GEN_2","url":"https://asia-east1-yapyap-a750c.cloudfunctions.net/bumpCommentCountOnCreate","satisfiesPzi":true},"stages":[{"name":"BUILD","message":"Build in progress","state":"IN_PROGRESS","resource":"projects/175735257281/locations/asia-east1/builds/ce976e81-8214-4509-bfae-fabc400bb681","resourceUri":"https://console.cloud.google.com/cloud-build/builds;region=asia-east1/ce976e81-8214-4509-bfae-fabc400bb681?project=175735257281"},{"name":"SERVICE","state":"NOT_STARTED"},{"name":"TRIGGER","state":"NOT_STARTED"}],"operationType":"UPDATE_FUNCTION","buildName":"projects/175735257281/locations/asia-east1/builds/ce976e81-8214-4509-bfae-fabc400bb681"},"done":false}
[debug] [2025-09-06T03:56:04.000Z] [update-default-asia-east1-bumpCommentCountOnCreate] Retrying task index 0
[debug] [2025-09-06T03:56:04.000Z] Checked if tokens are valid: true, expires at: 1757133151971
[debug] [2025-09-06T03:56:04.001Z] Checked if tokens are valid: true, expires at: 1757133151971
[debug] [2025-09-06T03:56:04.001Z] >>> [apiv2][query] GET https://cloudfunctions.googleapis.com/v2/projects/yapyap-a750c/locations/asia-east1/operations/operation-1757130920865-63e19ec5cae44-517c2115-bc15f33d [none]
[debug] [2025-09-06T03:56:04.077Z] <<< [apiv2][status] GET https://cloudfunctions.googleapis.com/v2/projects/yapyap-a750c/locations/asia-east1/operations/operation-1757130920865-63e19ec5cae44-517c2115-bc15f33d 200
[debug] [2025-09-06T03:56:04.077Z] <<< [apiv2][body] GET https://cloudfunctions.googleapis.com/v2/projects/yapyap-a750c/locations/asia-east1/operations/operation-1757130920865-63e19ec5cae44-517c2115-bc15f33d {"name":"projects/yapyap-a750c/locations/asia-east1/operations/operation-1757130920865-63e19ec5cae44-517c2115-bc15f33d","metadata":{"@type":"type.googleapis.com/google.cloud.functions.v2.OperationMetadata","createTime":"2025-09-06T03:55:22.243690689Z","target":"projects/yapyap-a750c/locations/asia-east1/functions/bumpCommentCountOnCreate","verb":"update","cancelRequested":false,"apiVersion":"v2","requestResource":{"@type":"type.googleapis.com/google.cloud.functions.v2.Function","name":"projects/yapyap-a750c/locations/asia-east1/functions/bumpCommentCountOnCreate","buildConfig":{"runtime":"nodejs20","entryPoint":"bumpCommentCountOnCreate","source":{"storageSource":{"bucket":"gcf-v2-sources-175735257281-asia-east1","object":"bumpCommentCountOnCreate/function-source.zip","generation":"1757130922194965"}},"environmentVariables":{"GOOGLE_NODE_RUN_SCRIPTS":""},"dockerRepository":"projects/yapyap-a750c/locations/asia-east1/repositories/gcf-artifacts","sourceProvenance":{"resolvedStorageSource":{"bucket":"gcf-v2-sources-175735257281-asia-east1","object":"bumpCommentCountOnCreate/function-source.zip","generation":"1754928535240601"}},"dockerRegistry":"ARTIFACT_REGISTRY","serviceAccount":"projects/yapyap-a750c/serviceAccounts/175735257281-compute@developer.gserviceaccount.com","automaticUpdatePolicy":{}},"serviceConfig":{"service":"projects/yapyap-a750c/locations/asia-east1/services/bumpcommentcountoncreate","timeoutSeconds":60,"environmentVariables":{"FIREBASE_CONFIG":"{\"projectId\":\"yapyap-a750c\",\"storageBucket\":\"yapyap-a750c.firebasestorage.app\"}","GCLOUD_PROJECT":"yapyap-a750c","EVENTARC_CLOUD_EVENT_SOURCE":"projects/yapyap-a750c/locations/asia-east1/services/bumpCommentCountOnCreate","FUNCTION_SIGNATURE_TYPE":"cloudevent","FUNCTION_TARGET":"bumpCommentCountOnCreate","LOG_EXECUTION_ID":"true"},"ingressSettings":"ALLOW_ALL","uri":"https://bumpcommentcountoncreate-tk66pv64oq-de.a.run.app","serviceAccountEmail":"175735257281-compute@developer.gserviceaccount.com","availableMemory":"256Mi","allTrafficOnLatestRevision":true,"revision":"bumpcommentcountoncreate-00002-rem","maxInstanceRequestConcurrency":80,"availableCpu":"1"},"eventTrigger":{"trigger":"projects/yapyap-a750c/locations/asia-east1/triggers/bumpcommentcountoncreate-848324","triggerRegion":"asia-east1","eventType":"google.cloud.firestore.document.v1.created","eventFilters":[{"attribute":"database","value":"(default)"},{"attribute":"namespace","value":"(default)"},{"attribute":"document","value":"posts/{postId}/comments/{commentId}","operator":"match-path-pattern"}],"pubsubTopic":"projects/yapyap-a750c/topics/eventarc-asia-east1-bumpcommentcountoncreate-848324-470","serviceAccountEmail":"175735257281-compute@developer.gserviceaccount.com","retryPolicy":"RETRY_POLICY_DO_NOT_RETRY"},"state":"ACTIVE","labels":{"deployment-tool":"cli-firebase","firebase-functions-hash":"0792cccb6a21bad3439ca30b7e741974848552c7"},"environment":"GEN_2","url":"https://asia-east1-yapyap-a750c.cloudfunctions.net/bumpCommentCountOnCreate","satisfiesPzi":true},"stages":[{"name":"BUILD","message":"Build in progress","state":"IN_PROGRESS","resource":"projects/175735257281/locations/asia-east1/builds/ce976e81-8214-4509-bfae-fabc400bb681","resourceUri":"https://console.cloud.google.com/cloud-build/builds;region=asia-east1/ce976e81-8214-4509-bfae-fabc400bb681?project=175735257281"},{"name":"SERVICE","state":"NOT_STARTED"},{"name":"TRIGGER","state":"NOT_STARTED"}],"operationType":"UPDATE_FUNCTION","buildName":"projects/175735257281/locations/asia-east1/builds/ce976e81-8214-4509-bfae-fabc400bb681"},"done":false}
[debug] [2025-09-06T03:56:14.078Z] [update-default-asia-east1-bumpCommentCountOnCreate] Retrying task index 0
[debug] [2025-09-06T03:56:14.079Z] Checked if tokens are valid: true, expires at: 1757133151971
[debug] [2025-09-06T03:56:14.079Z] Checked if tokens are valid: true, expires at: 1757133151971
[debug] [2025-09-06T03:56:14.079Z] >>> [apiv2][query] GET https://cloudfunctions.googleapis.com/v2/projects/yapyap-a750c/locations/asia-east1/operations/operation-1757130920865-63e19ec5cae44-517c2115-bc15f33d [none]
[debug] [2025-09-06T03:56:14.154Z] <<< [apiv2][status] GET https://cloudfunctions.googleapis.com/v2/projects/yapyap-a750c/locations/asia-east1/operations/operation-1757130920865-63e19ec5cae44-517c2115-bc15f33d 200
[debug] [2025-09-06T03:56:14.154Z] <<< [apiv2][body] GET https://cloudfunctions.googleapis.com/v2/projects/yapyap-a750c/locations/asia-east1/operations/operation-1757130920865-63e19ec5cae44-517c2115-bc15f33d {"name":"projects/yapyap-a750c/locations/asia-east1/operations/operation-1757130920865-63e19ec5cae44-517c2115-bc15f33d","metadata":{"@type":"type.googleapis.com/google.cloud.functions.v2.OperationMetadata","createTime":"2025-09-06T03:55:22.243690689Z","target":"projects/yapyap-a750c/locations/asia-east1/functions/bumpCommentCountOnCreate","verb":"update","cancelRequested":false,"apiVersion":"v2","requestResource":{"@type":"type.googleapis.com/google.cloud.functions.v2.Function","name":"projects/yapyap-a750c/locations/asia-east1/functions/bumpCommentCountOnCreate","buildConfig":{"runtime":"nodejs20","entryPoint":"bumpCommentCountOnCreate","source":{"storageSource":{"bucket":"gcf-v2-sources-175735257281-asia-east1","object":"bumpCommentCountOnCreate/function-source.zip","generation":"1757130922194965"}},"environmentVariables":{"GOOGLE_NODE_RUN_SCRIPTS":""},"dockerRepository":"projects/yapyap-a750c/locations/asia-east1/repositories/gcf-artifacts","sourceProvenance":{"resolvedStorageSource":{"bucket":"gcf-v2-sources-175735257281-asia-east1","object":"bumpCommentCountOnCreate/function-source.zip","generation":"1754928535240601"}},"dockerRegistry":"ARTIFACT_REGISTRY","serviceAccount":"projects/yapyap-a750c/serviceAccounts/175735257281-compute@developer.gserviceaccount.com","automaticUpdatePolicy":{}},"serviceConfig":{"service":"projects/yapyap-a750c/locations/asia-east1/services/bumpcommentcountoncreate","timeoutSeconds":60,"environmentVariables":{"FIREBASE_CONFIG":"{\"projectId\":\"yapyap-a750c\",\"storageBucket\":\"yapyap-a750c.firebasestorage.app\"}","GCLOUD_PROJECT":"yapyap-a750c","EVENTARC_CLOUD_EVENT_SOURCE":"projects/yapyap-a750c/locations/asia-east1/services/bumpCommentCountOnCreate","FUNCTION_SIGNATURE_TYPE":"cloudevent","FUNCTION_TARGET":"bumpCommentCountOnCreate","LOG_EXECUTION_ID":"true"},"ingressSettings":"ALLOW_ALL","uri":"https://bumpcommentcountoncreate-tk66pv64oq-de.a.run.app","serviceAccountEmail":"175735257281-compute@developer.gserviceaccount.com","availableMemory":"256Mi","allTrafficOnLatestRevision":true,"revision":"bumpcommentcountoncreate-00002-rem","maxInstanceRequestConcurrency":80,"availableCpu":"1"},"eventTrigger":{"trigger":"projects/yapyap-a750c/locations/asia-east1/triggers/bumpcommentcountoncreate-848324","triggerRegion":"asia-east1","eventType":"google.cloud.firestore.document.v1.created","eventFilters":[{"attribute":"database","value":"(default)"},{"attribute":"namespace","value":"(default)"},{"attribute":"document","value":"posts/{postId}/comments/{commentId}","operator":"match-path-pattern"}],"pubsubTopic":"projects/yapyap-a750c/topics/eventarc-asia-east1-bumpcommentcountoncreate-848324-470","serviceAccountEmail":"175735257281-compute@developer.gserviceaccount.com","retryPolicy":"RETRY_POLICY_DO_NOT_RETRY"},"state":"ACTIVE","labels":{"deployment-tool":"cli-firebase","firebase-functions-hash":"0792cccb6a21bad3439ca30b7e741974848552c7"},"environment":"GEN_2","url":"https://asia-east1-yapyap-a750c.cloudfunctions.net/bumpCommentCountOnCreate","satisfiesPzi":true},"stages":[{"name":"BUILD","message":"Build in progress","state":"IN_PROGRESS","resource":"projects/175735257281/locations/asia-east1/builds/ce976e81-8214-4509-bfae-fabc400bb681","resourceUri":"https://console.cloud.google.com/cloud-build/builds;region=asia-east1/ce976e81-8214-4509-bfae-fabc400bb681?project=175735257281"},{"name":"SERVICE","state":"NOT_STARTED"},{"name":"TRIGGER","state":"NOT_STARTED"}],"operationType":"UPDATE_FUNCTION","buildName":"projects/175735257281/locations/asia-east1/builds/ce976e81-8214-4509-bfae-fabc400bb681"},"done":false}
[debug] [2025-09-06T03:56:24.155Z] [update-default-asia-east1-bumpCommentCountOnCreate] Retrying task index 0
[debug] [2025-09-06T03:56:24.156Z] Checked if tokens are valid: true, expires at: 1757133151971
[debug] [2025-09-06T03:56:24.156Z] Checked if tokens are valid: true, expires at: 1757133151971
[debug] [2025-09-06T03:56:24.156Z] >>> [apiv2][query] GET https://cloudfunctions.googleapis.com/v2/projects/yapyap-a750c/locations/asia-east1/operations/operation-1757130920865-63e19ec5cae44-517c2115-bc15f33d [none]
[debug] [2025-09-06T03:56:24.272Z] <<< [apiv2][status] GET https://cloudfunctions.googleapis.com/v2/projects/yapyap-a750c/locations/asia-east1/operations/operation-1757130920865-63e19ec5cae44-517c2115-bc15f33d 200
[debug] [2025-09-06T03:56:24.272Z] <<< [apiv2][body] GET https://cloudfunctions.googleapis.com/v2/projects/yapyap-a750c/locations/asia-east1/operations/operation-1757130920865-63e19ec5cae44-517c2115-bc15f33d {"name":"projects/yapyap-a750c/locations/asia-east1/operations/operation-1757130920865-63e19ec5cae44-517c2115-bc15f33d","metadata":{"@type":"type.googleapis.com/google.cloud.functions.v2.OperationMetadata","createTime":"2025-09-06T03:55:22.243690689Z","target":"projects/yapyap-a750c/locations/asia-east1/functions/bumpCommentCountOnCreate","verb":"update","cancelRequested":false,"apiVersion":"v2","requestResource":{"@type":"type.googleapis.com/google.cloud.functions.v2.Function","name":"projects/yapyap-a750c/locations/asia-east1/functions/bumpCommentCountOnCreate","buildConfig":{"runtime":"nodejs20","entryPoint":"bumpCommentCountOnCreate","source":{"storageSource":{"bucket":"gcf-v2-sources-175735257281-asia-east1","object":"bumpCommentCountOnCreate/function-source.zip","generation":"1757130922194965"}},"environmentVariables":{"GOOGLE_NODE_RUN_SCRIPTS":""},"dockerRepository":"projects/yapyap-a750c/locations/asia-east1/repositories/gcf-artifacts","sourceProvenance":{"resolvedStorageSource":{"bucket":"gcf-v2-sources-175735257281-asia-east1","object":"bumpCommentCountOnCreate/function-source.zip","generation":"1754928535240601"}},"dockerRegistry":"ARTIFACT_REGISTRY","serviceAccount":"projects/yapyap-a750c/serviceAccounts/175735257281-compute@developer.gserviceaccount.com","automaticUpdatePolicy":{}},"serviceConfig":{"service":"projects/yapyap-a750c/locations/asia-east1/services/bumpcommentcountoncreate","timeoutSeconds":60,"environmentVariables":{"FIREBASE_CONFIG":"{\"projectId\":\"yapyap-a750c\",\"storageBucket\":\"yapyap-a750c.firebasestorage.app\"}","GCLOUD_PROJECT":"yapyap-a750c","EVENTARC_CLOUD_EVENT_SOURCE":"projects/yapyap-a750c/locations/asia-east1/services/bumpCommentCountOnCreate","FUNCTION_SIGNATURE_TYPE":"cloudevent","FUNCTION_TARGET":"bumpCommentCountOnCreate","LOG_EXECUTION_ID":"true"},"ingressSettings":"ALLOW_ALL","uri":"https://bumpcommentcountoncreate-tk66pv64oq-de.a.run.app","serviceAccountEmail":"175735257281-compute@developer.gserviceaccount.com","availableMemory":"256Mi","allTrafficOnLatestRevision":true,"revision":"bumpcommentcountoncreate-00002-rem","maxInstanceRequestConcurrency":80,"availableCpu":"1"},"eventTrigger":{"trigger":"projects/yapyap-a750c/locations/asia-east1/triggers/bumpcommentcountoncreate-848324","triggerRegion":"asia-east1","eventType":"google.cloud.firestore.document.v1.created","eventFilters":[{"attribute":"database","value":"(default)"},{"attribute":"namespace","value":"(default)"},{"attribute":"document","value":"posts/{postId}/comments/{commentId}","operator":"match-path-pattern"}],"pubsubTopic":"projects/yapyap-a750c/topics/eventarc-asia-east1-bumpcommentcountoncreate-848324-470","serviceAccountEmail":"175735257281-compute@developer.gserviceaccount.com","retryPolicy":"RETRY_POLICY_DO_NOT_RETRY"},"state":"ACTIVE","labels":{"deployment-tool":"cli-firebase","firebase-functions-hash":"0792cccb6a21bad3439ca30b7e741974848552c7"},"environment":"GEN_2","url":"https://asia-east1-yapyap-a750c.cloudfunctions.net/bumpCommentCountOnCreate","satisfiesPzi":true},"stages":[{"name":"BUILD","message":"Build in progress","state":"IN_PROGRESS","resource":"projects/175735257281/locations/asia-east1/builds/ce976e81-8214-4509-bfae-fabc400bb681","resourceUri":"https://console.cloud.google.com/cloud-build/builds;region=asia-east1/ce976e81-8214-4509-bfae-fabc400bb681?project=175735257281"},{"name":"SERVICE","state":"NOT_STARTED"},{"name":"TRIGGER","state":"NOT_STARTED"}],"operationType":"UPDATE_FUNCTION","buildName":"projects/175735257281/locations/asia-east1/builds/ce976e81-8214-4509-bfae-fabc400bb681"},"done":false}
[debug] [2025-09-06T03:56:34.273Z] [update-default-asia-east1-bumpCommentCountOnCreate] Retrying task index 0
[debug] [2025-09-06T03:56:34.273Z] Checked if tokens are valid: true, expires at: 1757133151971
[debug] [2025-09-06T03:56:34.274Z] Checked if tokens are valid: true, expires at: 1757133151971
[debug] [2025-09-06T03:56:34.274Z] >>> [apiv2][query] GET https://cloudfunctions.googleapis.com/v2/projects/yapyap-a750c/locations/asia-east1/operations/operation-1757130920865-63e19ec5cae44-517c2115-bc15f33d [none]
[debug] [2025-09-06T03:56:34.339Z] <<< [apiv2][status] GET https://cloudfunctions.googleapis.com/v2/projects/yapyap-a750c/locations/asia-east1/operations/operation-1757130920865-63e19ec5cae44-517c2115-bc15f33d 200
[debug] [2025-09-06T03:56:34.340Z] <<< [apiv2][body] GET https://cloudfunctions.googleapis.com/v2/projects/yapyap-a750c/locations/asia-east1/operations/operation-1757130920865-63e19ec5cae44-517c2115-bc15f33d {"name":"projects/yapyap-a750c/locations/asia-east1/operations/operation-1757130920865-63e19ec5cae44-517c2115-bc15f33d","metadata":{"@type":"type.googleapis.com/google.cloud.functions.v2.OperationMetadata","createTime":"2025-09-06T03:55:22.243690689Z","target":"projects/yapyap-a750c/locations/asia-east1/functions/bumpCommentCountOnCreate","verb":"update","cancelRequested":false,"apiVersion":"v2","requestResource":{"@type":"type.googleapis.com/google.cloud.functions.v2.Function","name":"projects/yapyap-a750c/locations/asia-east1/functions/bumpCommentCountOnCreate","buildConfig":{"runtime":"nodejs20","entryPoint":"bumpCommentCountOnCreate","source":{"storageSource":{"bucket":"gcf-v2-sources-175735257281-asia-east1","object":"bumpCommentCountOnCreate/function-source.zip","generation":"1757130922194965"}},"environmentVariables":{"GOOGLE_NODE_RUN_SCRIPTS":""},"dockerRepository":"projects/yapyap-a750c/locations/asia-east1/repositories/gcf-artifacts","sourceProvenance":{"resolvedStorageSource":{"bucket":"gcf-v2-sources-175735257281-asia-east1","object":"bumpCommentCountOnCreate/function-source.zip","generation":"1754928535240601"}},"dockerRegistry":"ARTIFACT_REGISTRY","serviceAccount":"projects/yapyap-a750c/serviceAccounts/175735257281-compute@developer.gserviceaccount.com","automaticUpdatePolicy":{}},"serviceConfig":{"service":"projects/yapyap-a750c/locations/asia-east1/services/bumpcommentcountoncreate","timeoutSeconds":60,"environmentVariables":{"FIREBASE_CONFIG":"{\"projectId\":\"yapyap-a750c\",\"storageBucket\":\"yapyap-a750c.firebasestorage.app\"}","GCLOUD_PROJECT":"yapyap-a750c","EVENTARC_CLOUD_EVENT_SOURCE":"projects/yapyap-a750c/locations/asia-east1/services/bumpCommentCountOnCreate","FUNCTION_SIGNATURE_TYPE":"cloudevent","FUNCTION_TARGET":"bumpCommentCountOnCreate","LOG_EXECUTION_ID":"true"},"ingressSettings":"ALLOW_ALL","uri":"https://bumpcommentcountoncreate-tk66pv64oq-de.a.run.app","serviceAccountEmail":"175735257281-compute@developer.gserviceaccount.com","availableMemory":"256Mi","allTrafficOnLatestRevision":true,"revision":"bumpcommentcountoncreate-00002-rem","maxInstanceRequestConcurrency":80,"availableCpu":"1"},"eventTrigger":{"trigger":"projects/yapyap-a750c/locations/asia-east1/triggers/bumpcommentcountoncreate-848324","triggerRegion":"asia-east1","eventType":"google.cloud.firestore.document.v1.created","eventFilters":[{"attribute":"database","value":"(default)"},{"attribute":"namespace","value":"(default)"},{"attribute":"document","value":"posts/{postId}/comments/{commentId}","operator":"match-path-pattern"}],"pubsubTopic":"projects/yapyap-a750c/topics/eventarc-asia-east1-bumpcommentcountoncreate-848324-470","serviceAccountEmail":"175735257281-compute@developer.gserviceaccount.com","retryPolicy":"RETRY_POLICY_DO_NOT_RETRY"},"state":"ACTIVE","labels":{"deployment-tool":"cli-firebase","firebase-functions-hash":"0792cccb6a21bad3439ca30b7e741974848552c7"},"environment":"GEN_2","url":"https://asia-east1-yapyap-a750c.cloudfunctions.net/bumpCommentCountOnCreate","satisfiesPzi":true},"stages":[{"name":"BUILD","message":"Build in progress","state":"IN_PROGRESS","resource":"projects/175735257281/locations/asia-east1/builds/ce976e81-8214-4509-bfae-fabc400bb681","resourceUri":"https://console.cloud.google.com/cloud-build/builds;region=asia-east1/ce976e81-8214-4509-bfae-fabc400bb681?project=175735257281"},{"name":"SERVICE","state":"NOT_STARTED"},{"name":"TRIGGER","state":"NOT_STARTED"}],"operationType":"UPDATE_FUNCTION","buildName":"projects/175735257281/locations/asia-east1/builds/ce976e81-8214-4509-bfae-fabc400bb681"},"done":false}
[debug] [2025-09-06T03:56:44.341Z] [update-default-asia-east1-bumpCommentCountOnCreate] Retrying task index 0
[debug] [2025-09-06T03:56:44.342Z] Checked if tokens are valid: true, expires at: 1757133151971
[debug] [2025-09-06T03:56:44.342Z] Checked if tokens are valid: true, expires at: 1757133151971
[debug] [2025-09-06T03:56:44.343Z] >>> [apiv2][query] GET https://cloudfunctions.googleapis.com/v2/projects/yapyap-a750c/locations/asia-east1/operations/operation-1757130920865-63e19ec5cae44-517c2115-bc15f33d [none]
[debug] [2025-09-06T03:56:44.445Z] <<< [apiv2][status] GET https://cloudfunctions.googleapis.com/v2/projects/yapyap-a750c/locations/asia-east1/operations/operation-1757130920865-63e19ec5cae44-517c2115-bc15f33d 200
[debug] [2025-09-06T03:56:44.445Z] <<< [apiv2][body] GET https://cloudfunctions.googleapis.com/v2/projects/yapyap-a750c/locations/asia-east1/operations/operation-1757130920865-63e19ec5cae44-517c2115-bc15f33d {"name":"projects/yapyap-a750c/locations/asia-east1/operations/operation-1757130920865-63e19ec5cae44-517c2115-bc15f33d","metadata":{"@type":"type.googleapis.com/google.cloud.functions.v2.OperationMetadata","createTime":"2025-09-06T03:55:22.243690689Z","target":"projects/yapyap-a750c/locations/asia-east1/functions/bumpCommentCountOnCreate","verb":"update","cancelRequested":false,"apiVersion":"v2","requestResource":{"@type":"type.googleapis.com/google.cloud.functions.v2.Function","name":"projects/yapyap-a750c/locations/asia-east1/functions/bumpCommentCountOnCreate","buildConfig":{"runtime":"nodejs20","entryPoint":"bumpCommentCountOnCreate","source":{"storageSource":{"bucket":"gcf-v2-sources-175735257281-asia-east1","object":"bumpCommentCountOnCreate/function-source.zip","generation":"1757130922194965"}},"environmentVariables":{"GOOGLE_NODE_RUN_SCRIPTS":""},"dockerRepository":"projects/yapyap-a750c/locations/asia-east1/repositories/gcf-artifacts","sourceProvenance":{"resolvedStorageSource":{"bucket":"gcf-v2-sources-175735257281-asia-east1","object":"bumpCommentCountOnCreate/function-source.zip","generation":"1754928535240601"}},"dockerRegistry":"ARTIFACT_REGISTRY","serviceAccount":"projects/yapyap-a750c/serviceAccounts/175735257281-compute@developer.gserviceaccount.com","automaticUpdatePolicy":{}},"serviceConfig":{"service":"projects/yapyap-a750c/locations/asia-east1/services/bumpcommentcountoncreate","timeoutSeconds":60,"environmentVariables":{"FIREBASE_CONFIG":"{\"projectId\":\"yapyap-a750c\",\"storageBucket\":\"yapyap-a750c.firebasestorage.app\"}","GCLOUD_PROJECT":"yapyap-a750c","EVENTARC_CLOUD_EVENT_SOURCE":"projects/yapyap-a750c/locations/asia-east1/services/bumpCommentCountOnCreate","FUNCTION_SIGNATURE_TYPE":"cloudevent","FUNCTION_TARGET":"bumpCommentCountOnCreate","LOG_EXECUTION_ID":"true"},"ingressSettings":"ALLOW_ALL","uri":"https://bumpcommentcountoncreate-tk66pv64oq-de.a.run.app","serviceAccountEmail":"175735257281-compute@developer.gserviceaccount.com","availableMemory":"256Mi","allTrafficOnLatestRevision":true,"revision":"bumpcommentcountoncreate-00002-rem","maxInstanceRequestConcurrency":80,"availableCpu":"1"},"eventTrigger":{"trigger":"projects/yapyap-a750c/locations/asia-east1/triggers/bumpcommentcountoncreate-848324","triggerRegion":"asia-east1","eventType":"google.cloud.firestore.document.v1.created","eventFilters":[{"attribute":"database","value":"(default)"},{"attribute":"namespace","value":"(default)"},{"attribute":"document","value":"posts/{postId}/comments/{commentId}","operator":"match-path-pattern"}],"pubsubTopic":"projects/yapyap-a750c/topics/eventarc-asia-east1-bumpcommentcountoncreate-848324-470","serviceAccountEmail":"175735257281-compute@developer.gserviceaccount.com","retryPolicy":"RETRY_POLICY_DO_NOT_RETRY"},"state":"ACTIVE","labels":{"deployment-tool":"cli-firebase","firebase-functions-hash":"0792cccb6a21bad3439ca30b7e741974848552c7"},"environment":"GEN_2","url":"https://asia-east1-yapyap-a750c.cloudfunctions.net/bumpCommentCountOnCreate","satisfiesPzi":true},"stages":[{"name":"BUILD","message":"Build in progress","state":"IN_PROGRESS","resource":"projects/175735257281/locations/asia-east1/builds/ce976e81-8214-4509-bfae-fabc400bb681","resourceUri":"https://console.cloud.google.com/cloud-build/builds;region=asia-east1/ce976e81-8214-4509-bfae-fabc400bb681?project=175735257281"},{"name":"SERVICE","state":"NOT_STARTED"},{"name":"TRIGGER","state":"NOT_STARTED"}],"operationType":"UPDATE_FUNCTION","buildName":"projects/175735257281/locations/asia-east1/builds/ce976e81-8214-4509-bfae-fabc400bb681"},"done":false}
[debug] [2025-09-06T03:56:54.447Z] [update-default-asia-east1-bumpCommentCountOnCreate] Retrying task index 0
[debug] [2025-09-06T03:56:54.448Z] Checked if tokens are valid: true, expires at: 1757133151971
[debug] [2025-09-06T03:56:54.448Z] Checked if tokens are valid: true, expires at: 1757133151971
[debug] [2025-09-06T03:56:54.448Z] >>> [apiv2][query] GET https://cloudfunctions.googleapis.com/v2/projects/yapyap-a750c/locations/asia-east1/operations/operation-1757130920865-63e19ec5cae44-517c2115-bc15f33d [none]
[debug] [2025-09-06T03:56:54.533Z] <<< [apiv2][status] GET https://cloudfunctions.googleapis.com/v2/projects/yapyap-a750c/locations/asia-east1/operations/operation-1757130920865-63e19ec5cae44-517c2115-bc15f33d 200
[debug] [2025-09-06T03:56:54.533Z] <<< [apiv2][body] GET https://cloudfunctions.googleapis.com/v2/projects/yapyap-a750c/locations/asia-east1/operations/operation-1757130920865-63e19ec5cae44-517c2115-bc15f33d {"name":"projects/yapyap-a750c/locations/asia-east1/operations/operation-1757130920865-63e19ec5cae44-517c2115-bc15f33d","metadata":{"@type":"type.googleapis.com/google.cloud.functions.v2.OperationMetadata","createTime":"2025-09-06T03:55:22.243690689Z","target":"projects/yapyap-a750c/locations/asia-east1/functions/bumpCommentCountOnCreate","verb":"update","cancelRequested":false,"apiVersion":"v2","requestResource":{"@type":"type.googleapis.com/google.cloud.functions.v2.Function","name":"projects/yapyap-a750c/locations/asia-east1/functions/bumpCommentCountOnCreate","buildConfig":{"runtime":"nodejs20","entryPoint":"bumpCommentCountOnCreate","source":{"storageSource":{"bucket":"gcf-v2-sources-175735257281-asia-east1","object":"bumpCommentCountOnCreate/function-source.zip","generation":"1757130922194965"}},"environmentVariables":{"GOOGLE_NODE_RUN_SCRIPTS":""},"dockerRepository":"projects/yapyap-a750c/locations/asia-east1/repositories/gcf-artifacts","sourceProvenance":{"resolvedStorageSource":{"bucket":"gcf-v2-sources-175735257281-asia-east1","object":"bumpCommentCountOnCreate/function-source.zip","generation":"1754928535240601"}},"dockerRegistry":"ARTIFACT_REGISTRY","serviceAccount":"projects/yapyap-a750c/serviceAccounts/175735257281-compute@developer.gserviceaccount.com","automaticUpdatePolicy":{}},"serviceConfig":{"service":"projects/yapyap-a750c/locations/asia-east1/services/bumpcommentcountoncreate","timeoutSeconds":60,"environmentVariables":{"FIREBASE_CONFIG":"{\"projectId\":\"yapyap-a750c\",\"storageBucket\":\"yapyap-a750c.firebasestorage.app\"}","GCLOUD_PROJECT":"yapyap-a750c","EVENTARC_CLOUD_EVENT_SOURCE":"projects/yapyap-a750c/locations/asia-east1/services/bumpCommentCountOnCreate","FUNCTION_SIGNATURE_TYPE":"cloudevent","FUNCTION_TARGET":"bumpCommentCountOnCreate","LOG_EXECUTION_ID":"true"},"ingressSettings":"ALLOW_ALL","uri":"https://bumpcommentcountoncreate-tk66pv64oq-de.a.run.app","serviceAccountEmail":"175735257281-compute@developer.gserviceaccount.com","availableMemory":"256Mi","allTrafficOnLatestRevision":true,"revision":"bumpcommentcountoncreate-00002-rem","maxInstanceRequestConcurrency":80,"availableCpu":"1"},"eventTrigger":{"trigger":"projects/yapyap-a750c/locations/asia-east1/triggers/bumpcommentcountoncreate-848324","triggerRegion":"asia-east1","eventType":"google.cloud.firestore.document.v1.created","eventFilters":[{"attribute":"database","value":"(default)"},{"attribute":"namespace","value":"(default)"},{"attribute":"document","value":"posts/{postId}/comments/{commentId}","operator":"match-path-pattern"}],"pubsubTopic":"projects/yapyap-a750c/topics/eventarc-asia-east1-bumpcommentcountoncreate-848324-470","serviceAccountEmail":"175735257281-compute@developer.gserviceaccount.com","retryPolicy":"RETRY_POLICY_DO_NOT_RETRY"},"state":"ACTIVE","labels":{"deployment-tool":"cli-firebase","firebase-functions-hash":"0792cccb6a21bad3439ca30b7e741974848552c7"},"environment":"GEN_2","url":"https://asia-east1-yapyap-a750c.cloudfunctions.net/bumpCommentCountOnCreate","satisfiesPzi":true},"stages":[{"name":"BUILD","message":"Build in progress","state":"IN_PROGRESS","resource":"projects/175735257281/locations/asia-east1/builds/ce976e81-8214-4509-bfae-fabc400bb681","resourceUri":"https://console.cloud.google.com/cloud-build/builds;region=asia-east1/ce976e81-8214-4509-bfae-fabc400bb681?project=175735257281"},{"name":"SERVICE","state":"NOT_STARTED"},{"name":"TRIGGER","state":"NOT_STARTED"}],"operationType":"UPDATE_FUNCTION","buildName":"projects/175735257281/locations/asia-east1/builds/ce976e81-8214-4509-bfae-fabc400bb681"},"done":false}
[debug] [2025-09-06T03:57:04.534Z] [update-default-asia-east1-bumpCommentCountOnCreate] Retrying task index 0
[debug] [2025-09-06T03:57:04.535Z] Checked if tokens are valid: true, expires at: 1757133151971
[debug] [2025-09-06T03:57:04.535Z] Checked if tokens are valid: true, expires at: 1757133151971
[debug] [2025-09-06T03:57:04.535Z] >>> [apiv2][query] GET https://cloudfunctions.googleapis.com/v2/projects/yapyap-a750c/locations/asia-east1/operations/operation-1757130920865-63e19ec5cae44-517c2115-bc15f33d [none]
[debug] [2025-09-06T03:57:04.589Z] <<< [apiv2][status] GET https://cloudfunctions.googleapis.com/v2/projects/yapyap-a750c/locations/asia-east1/operations/operation-1757130920865-63e19ec5cae44-517c2115-bc15f33d 200
[debug] [2025-09-06T03:57:04.589Z] <<< [apiv2][body] GET https://cloudfunctions.googleapis.com/v2/projects/yapyap-a750c/locations/asia-east1/operations/operation-1757130920865-63e19ec5cae44-517c2115-bc15f33d {"name":"projects/yapyap-a750c/locations/asia-east1/operations/operation-1757130920865-63e19ec5cae44-517c2115-bc15f33d","metadata":{"@type":"type.googleapis.com/google.cloud.functions.v2.OperationMetadata","createTime":"2025-09-06T03:55:22.243690689Z","target":"projects/yapyap-a750c/locations/asia-east1/functions/bumpCommentCountOnCreate","verb":"update","cancelRequested":false,"apiVersion":"v2","requestResource":{"@type":"type.googleapis.com/google.cloud.functions.v2.Function","name":"projects/yapyap-a750c/locations/asia-east1/functions/bumpCommentCountOnCreate","buildConfig":{"runtime":"nodejs20","entryPoint":"bumpCommentCountOnCreate","source":{"storageSource":{"bucket":"gcf-v2-sources-175735257281-asia-east1","object":"bumpCommentCountOnCreate/function-source.zip","generation":"1757130922194965"}},"environmentVariables":{"GOOGLE_NODE_RUN_SCRIPTS":""},"dockerRepository":"projects/yapyap-a750c/locations/asia-east1/repositories/gcf-artifacts","sourceProvenance":{"resolvedStorageSource":{"bucket":"gcf-v2-sources-175735257281-asia-east1","object":"bumpCommentCountOnCreate/function-source.zip","generation":"1754928535240601"}},"dockerRegistry":"ARTIFACT_REGISTRY","serviceAccount":"projects/yapyap-a750c/serviceAccounts/175735257281-compute@developer.gserviceaccount.com","automaticUpdatePolicy":{}},"serviceConfig":{"service":"projects/yapyap-a750c/locations/asia-east1/services/bumpcommentcountoncreate","timeoutSeconds":60,"environmentVariables":{"FIREBASE_CONFIG":"{\"projectId\":\"yapyap-a750c\",\"storageBucket\":\"yapyap-a750c.firebasestorage.app\"}","GCLOUD_PROJECT":"yapyap-a750c","EVENTARC_CLOUD_EVENT_SOURCE":"projects/yapyap-a750c/locations/asia-east1/services/bumpCommentCountOnCreate","FUNCTION_SIGNATURE_TYPE":"cloudevent","FUNCTION_TARGET":"bumpCommentCountOnCreate","LOG_EXECUTION_ID":"true"},"ingressSettings":"ALLOW_ALL","uri":"https://bumpcommentcountoncreate-tk66pv64oq-de.a.run.app","serviceAccountEmail":"175735257281-compute@developer.gserviceaccount.com","availableMemory":"256Mi","allTrafficOnLatestRevision":true,"revision":"bumpcommentcountoncreate-00002-rem","maxInstanceRequestConcurrency":80,"availableCpu":"1"},"eventTrigger":{"trigger":"projects/yapyap-a750c/locations/asia-east1/triggers/bumpcommentcountoncreate-848324","triggerRegion":"asia-east1","eventType":"google.cloud.firestore.document.v1.created","eventFilters":[{"attribute":"database","value":"(default)"},{"attribute":"namespace","value":"(default)"},{"attribute":"document","value":"posts/{postId}/comments/{commentId}","operator":"match-path-pattern"}],"pubsubTopic":"projects/yapyap-a750c/topics/eventarc-asia-east1-bumpcommentcountoncreate-848324-470","serviceAccountEmail":"175735257281-compute@developer.gserviceaccount.com","retryPolicy":"RETRY_POLICY_DO_NOT_RETRY"},"state":"ACTIVE","labels":{"deployment-tool":"cli-firebase","firebase-functions-hash":"0792cccb6a21bad3439ca30b7e741974848552c7"},"environment":"GEN_2","url":"https://asia-east1-yapyap-a750c.cloudfunctions.net/bumpCommentCountOnCreate","satisfiesPzi":true},"stages":[{"name":"BUILD","message":"Build in progress","state":"IN_PROGRESS","resource":"projects/175735257281/locations/asia-east1/builds/ce976e81-8214-4509-bfae-fabc400bb681","resourceUri":"https://console.cloud.google.com/cloud-build/builds;region=asia-east1/ce976e81-8214-4509-bfae-fabc400bb681?project=175735257281"},{"name":"SERVICE","state":"NOT_STARTED"},{"name":"TRIGGER","state":"NOT_STARTED"}],"operationType":"UPDATE_FUNCTION","buildName":"projects/175735257281/locations/asia-east1/builds/ce976e81-8214-4509-bfae-fabc400bb681"},"done":false}
[debug] [2025-09-06T03:57:14.590Z] [update-default-asia-east1-bumpCommentCountOnCreate] Retrying task index 0
[debug] [2025-09-06T03:57:14.591Z] Checked if tokens are valid: true, expires at: 1757133151971
[debug] [2025-09-06T03:57:14.591Z] Checked if tokens are valid: true, expires at: 1757133151971
[debug] [2025-09-06T03:57:14.591Z] >>> [apiv2][query] GET https://cloudfunctions.googleapis.com/v2/projects/yapyap-a750c/locations/asia-east1/operations/operation-1757130920865-63e19ec5cae44-517c2115-bc15f33d [none]
[debug] [2025-09-06T03:57:14.669Z] <<< [apiv2][status] GET https://cloudfunctions.googleapis.com/v2/projects/yapyap-a750c/locations/asia-east1/operations/operation-1757130920865-63e19ec5cae44-517c2115-bc15f33d 200
[debug] [2025-09-06T03:57:14.669Z] <<< [apiv2][body] GET https://cloudfunctions.googleapis.com/v2/projects/yapyap-a750c/locations/asia-east1/operations/operation-1757130920865-63e19ec5cae44-517c2115-bc15f33d {"name":"projects/yapyap-a750c/locations/asia-east1/operations/operation-1757130920865-63e19ec5cae44-517c2115-bc15f33d","metadata":{"@type":"type.googleapis.com/google.cloud.functions.v2.OperationMetadata","createTime":"2025-09-06T03:55:22.243690689Z","target":"projects/yapyap-a750c/locations/asia-east1/functions/bumpCommentCountOnCreate","verb":"update","cancelRequested":false,"apiVersion":"v2","requestResource":{"@type":"type.googleapis.com/google.cloud.functions.v2.Function","name":"projects/yapyap-a750c/locations/asia-east1/functions/bumpCommentCountOnCreate","buildConfig":{"runtime":"nodejs20","entryPoint":"bumpCommentCountOnCreate","source":{"storageSource":{"bucket":"gcf-v2-sources-175735257281-asia-east1","object":"bumpCommentCountOnCreate/function-source.zip","generation":"1757130922194965"}},"environmentVariables":{"GOOGLE_NODE_RUN_SCRIPTS":""},"dockerRepository":"projects/yapyap-a750c/locations/asia-east1/repositories/gcf-artifacts","sourceProvenance":{"resolvedStorageSource":{"bucket":"gcf-v2-sources-175735257281-asia-east1","object":"bumpCommentCountOnCreate/function-source.zip","generation":"1754928535240601"}},"dockerRegistry":"ARTIFACT_REGISTRY","serviceAccount":"projects/yapyap-a750c/serviceAccounts/175735257281-compute@developer.gserviceaccount.com","automaticUpdatePolicy":{}},"serviceConfig":{"service":"projects/yapyap-a750c/locations/asia-east1/services/bumpcommentcountoncreate","timeoutSeconds":60,"environmentVariables":{"FIREBASE_CONFIG":"{\"projectId\":\"yapyap-a750c\",\"storageBucket\":\"yapyap-a750c.firebasestorage.app\"}","GCLOUD_PROJECT":"yapyap-a750c","EVENTARC_CLOUD_EVENT_SOURCE":"projects/yapyap-a750c/locations/asia-east1/services/bumpCommentCountOnCreate","FUNCTION_SIGNATURE_TYPE":"cloudevent","FUNCTION_TARGET":"bumpCommentCountOnCreate","LOG_EXECUTION_ID":"true"},"ingressSettings":"ALLOW_ALL","uri":"https://bumpcommentcountoncreate-tk66pv64oq-de.a.run.app","serviceAccountEmail":"175735257281-compute@developer.gserviceaccount.com","availableMemory":"256Mi","allTrafficOnLatestRevision":true,"revision":"bumpcommentcountoncreate-00002-rem","maxInstanceRequestConcurrency":80,"availableCpu":"1"},"eventTrigger":{"trigger":"projects/yapyap-a750c/locations/asia-east1/triggers/bumpcommentcountoncreate-848324","triggerRegion":"asia-east1","eventType":"google.cloud.firestore.document.v1.created","eventFilters":[{"attribute":"database","value":"(default)"},{"attribute":"namespace","value":"(default)"},{"attribute":"document","value":"posts/{postId}/comments/{commentId}","operator":"match-path-pattern"}],"pubsubTopic":"projects/yapyap-a750c/topics/eventarc-asia-east1-bumpcommentcountoncreate-848324-470","serviceAccountEmail":"175735257281-compute@developer.gserviceaccount.com","retryPolicy":"RETRY_POLICY_DO_NOT_RETRY"},"state":"ACTIVE","labels":{"deployment-tool":"cli-firebase","firebase-functions-hash":"0792cccb6a21bad3439ca30b7e741974848552c7"},"environment":"GEN_2","url":"https://asia-east1-yapyap-a750c.cloudfunctions.net/bumpCommentCountOnCreate","satisfiesPzi":true},"stages":[{"name":"BUILD","message":"Build in progress","state":"IN_PROGRESS","resource":"projects/175735257281/locations/asia-east1/builds/ce976e81-8214-4509-bfae-fabc400bb681","resourceUri":"https://console.cloud.google.com/cloud-build/builds;region=asia-east1/ce976e81-8214-4509-bfae-fabc400bb681?project=175735257281"},{"name":"SERVICE","state":"NOT_STARTED"},{"name":"TRIGGER","state":"NOT_STARTED"}],"operationType":"UPDATE_FUNCTION","buildName":"projects/175735257281/locations/asia-east1/builds/ce976e81-8214-4509-bfae-fabc400bb681"},"done":false}
[debug] [2025-09-06T03:57:24.670Z] [update-default-asia-east1-bumpCommentCountOnCreate] Retrying task index 0
[debug] [2025-09-06T03:57:24.671Z] Checked if tokens are valid: true, expires at: 1757133151971
[debug] [2025-09-06T03:57:24.671Z] Checked if tokens are valid: true, expires at: 1757133151971
[debug] [2025-09-06T03:57:24.671Z] >>> [apiv2][query] GET https://cloudfunctions.googleapis.com/v2/projects/yapyap-a750c/locations/asia-east1/operations/operation-1757130920865-63e19ec5cae44-517c2115-bc15f33d [none]
[debug] [2025-09-06T03:57:24.756Z] <<< [apiv2][status] GET https://cloudfunctions.googleapis.com/v2/projects/yapyap-a750c/locations/asia-east1/operations/operation-1757130920865-63e19ec5cae44-517c2115-bc15f33d 200
[debug] [2025-09-06T03:57:24.756Z] <<< [apiv2][body] GET https://cloudfunctions.googleapis.com/v2/projects/yapyap-a750c/locations/asia-east1/operations/operation-1757130920865-63e19ec5cae44-517c2115-bc15f33d {"name":"projects/yapyap-a750c/locations/asia-east1/operations/operation-1757130920865-63e19ec5cae44-517c2115-bc15f33d","metadata":{"@type":"type.googleapis.com/google.cloud.functions.v2.OperationMetadata","createTime":"2025-09-06T03:55:22.243690689Z","endTime":"2025-09-06T03:57:19.944134162Z","target":"projects/yapyap-a750c/locations/asia-east1/functions/bumpCommentCountOnCreate","verb":"update","cancelRequested":false,"apiVersion":"v2","requestResource":{"@type":"type.googleapis.com/google.cloud.functions.v2.Function","name":"projects/yapyap-a750c/locations/asia-east1/functions/bumpCommentCountOnCreate","buildConfig":{"runtime":"nodejs20","entryPoint":"bumpCommentCountOnCreate","source":{"storageSource":{"bucket":"gcf-v2-sources-175735257281-asia-east1","object":"bumpCommentCountOnCreate/function-source.zip","generation":"1757130922194965"}},"environmentVariables":{"GOOGLE_NODE_RUN_SCRIPTS":""},"dockerRepository":"projects/yapyap-a750c/locations/asia-east1/repositories/gcf-artifacts","sourceProvenance":{"resolvedStorageSource":{"bucket":"gcf-v2-sources-175735257281-asia-east1","object":"bumpCommentCountOnCreate/function-source.zip","generation":"1754928535240601"}},"dockerRegistry":"ARTIFACT_REGISTRY","serviceAccount":"projects/yapyap-a750c/serviceAccounts/175735257281-compute@developer.gserviceaccount.com","automaticUpdatePolicy":{}},"serviceConfig":{"service":"projects/yapyap-a750c/locations/asia-east1/services/bumpcommentcountoncreate","timeoutSeconds":60,"environmentVariables":{"FIREBASE_CONFIG":"{\"projectId\":\"yapyap-a750c\",\"storageBucket\":\"yapyap-a750c.firebasestorage.app\"}","GCLOUD_PROJECT":"yapyap-a750c","EVENTARC_CLOUD_EVENT_SOURCE":"projects/yapyap-a750c/locations/asia-east1/services/bumpCommentCountOnCreate","FUNCTION_SIGNATURE_TYPE":"cloudevent","FUNCTION_TARGET":"bumpCommentCountOnCreate","LOG_EXECUTION_ID":"true"},"ingressSettings":"ALLOW_ALL","uri":"https://bumpcommentcountoncreate-tk66pv64oq-de.a.run.app","serviceAccountEmail":"175735257281-compute@developer.gserviceaccount.com","availableMemory":"256Mi","allTrafficOnLatestRevision":true,"revision":"bumpcommentcountoncreate-00002-rem","maxInstanceRequestConcurrency":80,"availableCpu":"1"},"eventTrigger":{"trigger":"projects/yapyap-a750c/locations/asia-east1/triggers/bumpcommentcountoncreate-848324","triggerRegion":"asia-east1","eventType":"google.cloud.firestore.document.v1.created","eventFilters":[{"attribute":"database","value":"(default)"},{"attribute":"namespace","value":"(default)"},{"attribute":"document","value":"posts/{postId}/comments/{commentId}","operator":"match-path-pattern"}],"pubsubTopic":"projects/yapyap-a750c/topics/eventarc-asia-east1-bumpcommentcountoncreate-848324-470","serviceAccountEmail":"175735257281-compute@developer.gserviceaccount.com","retryPolicy":"RETRY_POLICY_DO_NOT_RETRY"},"state":"ACTIVE","labels":{"deployment-tool":"cli-firebase","firebase-functions-hash":"0792cccb6a21bad3439ca30b7e741974848552c7"},"environment":"GEN_2","url":"https://asia-east1-yapyap-a750c.cloudfunctions.net/bumpCommentCountOnCreate","satisfiesPzi":true},"stages":[{"name":"SERVICE","state":"NOT_STARTED"},{"name":"TRIGGER","state":"NOT_STARTED"}],"operationType":"UPDATE_FUNCTION"},"done":true,"error":{"code":3,"message":"Build failed with status: FAILURE and message: npm error code EUSAGE\nnpm error\nnpm error `npm ci` can only install packages when your package.json and package-lock.json or npm-shrinkwrap.json are in sync. Please update your lock file with `npm install` before continuing.\nnpm error\nnpm error Missing: expo@53.0.22 from lock file\nnpm error Missing: react@19.1.1 from lock file\nnpm error Missing: react-native@0.81.1 from lock file\nnpm error Missing: @babel/runtime@7.28.4 from lock file\nnpm error Missing: @expo/cli@0.24.21 from lock file\nnpm error Missing: @expo/fingerprint@0.13.4 from lock file\nnpm error Missing: @expo/metro-config@0.20.17 from lock file\nnpm error Missing: @expo/vector-icons@14.1.0 from lock file\nnpm error Missing: expo-font@13.3.2 from lock file\nnpm error Missing: babel-preset-expo@13.2.4 from lock file\nnpm error Missing: expo-asset@11.1.7 from lock file\nnpm error Missing: expo-file-system@18.1.11 from lock file\nnpm error Missing: expo-keep-awake@14.1.4 from lock file\nnpm error Missing: expo-modules-autolinking@2.1.14 from lock file\nnpm error Missing: expo-modules-core@2.5.0 from lock file\nnpm error Missing: react-native-edge-to-edge@1.6.0 from lock file\nnpm error Missing: whatwg-url-without-unicode@8.0.0-3 from lock file\nnpm error Missing: @0no-co/graphql.web@1.2.0 from lock file\nnpm error Missing: @expo/code-signing-certificates@0.0.5 from lock file\nnpm error Missing: @expo/devcert@1.2.0 from lock file\nnpm error Missing: @expo/osascript@2.2.5 from lock file\nnpm error Missing: @expo/package-manager@1.8.6 from lock file\nnpm error Missing: @expo/prebuild-config@9.0.11 from lock file\nnpm error Missing: @expo/schema-utils@0.1.0 from lock file\nnpm error Missing: @expo/ws-tunnel@1.0.6 from lock file\nnpm error Missing: @expo/xcpretty@4.3.2 from lock file\nnpm error Missing: @react-native/dev-middleware@0.79.6 from lock file\nnpm error Missing: @urql/core@5.2.0 from lock file\nnpm error Missing: @urql/exchange-retry@1.3.2 from lock file\nnpm error Missing: arg@5.0.2 from lock file\nnpm error Missing: better-opn@3.0.2 from lock file\nnpm error Missing: ci-info@3.9.0 from lock file\nnpm error Missing: compression@1.8.1 from lock file\nnpm error Missing: connect@3.7.0 from lock file\nnpm error Missing: debug@4.4.1 from lock file\nnpm error Missing: env-editor@0.4.2 from lock file\nnpm error Missing: freeport-async@2.0.0 from lock file\nnpm error Missing: lan-network@0.1.7 from lock file\nnpm error Missing: npm-package-arg@11.0.3 from lock file\nnpm error Missing: ora@3.4.0 from lock file\nnpm error Missing: picomatch@3.0.1 from lock file\nnpm error Missing: pretty-bytes@5.6.0 from lock file\nnpm error Missing: pretty-format@29.7.0 from lock file\nnpm error Missing: progress@2.0.3 from lock file\nnpm error Missing: prompts@2.4.2 from lock file\nnpm error Missing: qrcode-terminal@0.11.0 from lock file\nnpm error Missing: requireg@0.2.2 from lock file\nnpm error Missing: resolve@1.22.10 from lock file\nnpm error Missing: resolve.exports@2.0.3 from lock file\nnpm error Missing: source-map-support@0.5.21 from lock file\nnpm error Missing: stacktrace-parser@0.1.11 from lock file\nnpm error Missing: structured-headers@0.4.1 from lock file\nnpm error Missing: tar@7.4.3 from lock file\nnpm error Missing: terminal-link@2.1.1 from lock file\nnpm error Missing: undici@6.21.3 from lock file\nnpm error Missing: ws@8.18.3 from lock file\nnpm error Missing: nullthrows@1.1.1 from lock file\nnpm error Missing: @expo/sudo-prompt@9.3.2 from lock file\nnpm error Missing: debug@3.2.7 from lock file\nnpm error Missing: arg@5.0.2 from lock file\nnpm error Missing: debug@4.4.1 from lock file\nnpm error Missing: find-up@5.0.0 from lock file\nnpm error Missing: ignore@5.3.2 from lock file\nnpm error Missing: @babel/core@7.28.4 from lock file\nnpm error Missing: @babel/generator@7.28.3 from lock file\nnpm error Missing: @babel/parser@7.28.4 from lock file\nnpm error Missing: @babel/types@7.28.4 from lock file\nnpm error Missing: debug@4.4.1 from lock file\nnpm error Missing: jsc-safe-url@0.2.4 from lock file\nnpm error Missing: lightningcss@1.27.0 from lock file\nnpm error Missing: postcss@8.4.49 from lock file\nnpm error Missing: @babel/code-frame@7.27.1 from lock file\nnpm error Missing: @babel/helper-compilation-targets@7.27.2 from lock file\nnpm error Missing: @babel/helper-module-transforms@7.28.3 from lock file\nnpm error Missing: @babel/helpers@7.28.4 from lock file\nnpm error Missing: @babel/template@7.27.2 from lock file\nnpm error Missing: @babel/traverse@7.28.4 from lock file\nnpm error Missing: @jridgewell/remapping@2.3.5 from lock file\nnpm error Missing: convert-source-map@2.0.0 from lock file\nnpm error Missing: debug@4.4.1 from lock file\nnpm error Missing: gensync@1.0.0-beta.2 from lock file\nnpm error Missing: semver@6.3.1 from lock file\nnpm error Missing: jsesc@3.1.0 from lock file\nnpm error Missing: @babel/compat-data@7.28.4 from lock file\nnpm error Missing: @babel/helper-validator-option@7.27.1 from lock file\nnpm error Missing: browserslist@4.25.4 from lock file\nnpm error Missing: lru-cache@5.1.1 from lock file\nnpm error Missing: semver@6.3.1 from lock file\nnpm error Missing: @babel/helper-module-imports@7.27.1 from lock file\nnpm error Missing: @babel/code-frame@7.27.1 from lock file\nnpm error Missing: @babel/code-frame@7.27.1 from lock file\nnpm error Missing: @babel/helper-globals@7.28.0 from lock file\nnpm error Missing: debug@4.4.1 from lock file\nnpm error Missing: @babel/helper-string-parser@7.27.1 from lock file\nnpm error Missing: exec-async@2.2.0 from lock file\nnpm error Missing: @react-native/normalize-colors@0.79.5 from lock file\nnpm error Missing: debug@4.4.1 from lock file\nnpm error Missing: js-yaml@4.1.0 from lock file\nnpm error Missing: @isaacs/ttlcache@1.4.1 from lock file\nnpm error Missing: @react-native/debugger-frontend@0.79.6 from lock file\nnpm error Missing: chrome-launcher@0.15.2 from lock file\nnpm error Missing: chromium-edge-launcher@0.2.0 from lock file\nnpm error Missing: invariant@2.2.4 from lock file\nnpm error Missing: open@7.4.2 from lock file\nnpm error Missing: ws@6.2.3 from lock file\nnpm error Missing: wonka@6.3.5 from lock file\nnpm error Missing: @babel/plugin-proposal-decorators@7.28.0 from lock file\nnpm error Missing: @babel/plugin-proposal-export-default-from@7.27.1 from lock file\nnpm error Missing: @babel/plugin-syntax-export-default-from@7.27.1 from lock file\nnpm error Missing: @babel/plugin-transform-export-namespace-from@7.27.1 from lock file\nnpm error Missing: @babel/plugin-transform-flow-strip-types@7.27.1 from lock file\nnpm error Missing: @babel/plugin-transform-modules-commonjs@7.27.1 from lock file\nnpm error Missing: @babel/plugin-transform-object-rest-spread@7.28.4 from lock file\nnpm error Missing: @babel/plugin-transform-parameters@7.27.7 from lock file\nnpm error Missing: @babel/plugin-transform-private-methods@7.27.1 from lock file\nnpm error Missing: @babel/plugin-transform-private-property-in-object@7.27.1 from lock file\nnpm error Missing: @babel/plugin-transform-runtime@7.28.3 from lock file\nnpm error Missing: @babel/preset-react@7.27.1 from lock file\nnpm error Missing: @babel/preset-typescript@7.27.1 from lock file\nnpm error Missing: @react-native/babel-preset@0.79.6 from lock file\nnpm error Missing: babel-plugin-react-native-web@0.19.13 from lock file\nnpm error Missing: babel-plugin-syntax-hermes-parser@0.25.1 from lock file\nnpm error Missing: babel-plugin-transform-flow-enums@0.0.2 from lock file\nnpm error Missing: debug@4.4.1 from lock file\nnpm error Missing: react-refresh@0.14.2 from lock file\nnpm error Missing: @babel/helper-create-class-features-plugin@7.28.3 from lock file\nnpm error Missing: @babel/helper-plugin-utils@7.27.1 from lock file\nnpm error Missing: @babel/plugin-syntax-decorators@7.27.1 from lock file\nnpm error Missing: @babel/helper-annotate-as-pure@7.27.3 from lock file\nnpm error Missing: @babel/helper-member-expression-to-functions@7.27.1 from lock file\nnpm error Missing: @babel/helper-optimise-call-expression@7.27.1 from lock file\nnpm error Missing: @babel/helper-replace-supers@7.27.1 from lock file\nnpm error Missing: @babel/helper-skip-transparent-expression-wrappers@7.27.1 from lock file\nnpm error Missing: semver@6.3.1 from lock file\nnpm error Missing: @babel/plugin-syntax-flow@7.27.1 from lock file\nnpm error Missing: @babel/plugin-transform-destructuring@7.28.0 from lock file\nnpm error Missing: babel-plugin-polyfill-corejs2@0.4.14 from lock file\nnpm error Missing: babel-plugin-polyfill-corejs3@0.13.0 from lock file\nnpm error Missing: babel-plugin-polyfill-regenerator@0.6.5 from lock file\nnpm error Missing: semver@6.3.1 from lock file\nnpm error Missing: @babel/plugin-transform-react-display-name@7.28.0 from lock file\nnpm error Missing: @babel/plugin-transform-react-jsx@7.27.1 from lock file\nnpm error Missing: @babel/plugin-transform-react-jsx-development@7.27.1 from lock file\nnpm error Missing: @babel/plugin-transform-react-pure-annotations@7.27.1 from lock file\nnpm error Missing: @babel/plugin-syntax-jsx@7.27.1 from lock file\nnpm error Missing: @babel/plugin-transform-typescript@7.28.0 from lock file\nnpm error Missing: @babel/plugin-syntax-typescript@7.27.1 from lock file\nnpm error Missing: @babel/plugin-syntax-dynamic-import@7.8.3 from lock file\nnpm error Missing: @babel/plugin-syntax-nullish-coalescing-operator@7.8.3 from lock file\nnpm error Missing: @babel/plugin-syntax-optional-chaining@7.8.3 from lock file\nnpm error Missing: @babel/plugin-transform-arrow-functions@7.27.1 from lock file\nnpm error Missing: @babel/plugin-transform-async-generator-functions@7.28.0 from lock file\nnpm error Missing: @babel/plugin-transform-async-to-generator@7.27.1 from lock file\nnpm error Missing: @babel/plugin-transform-block-scoping@7.28.4 from lock file\nnpm error Missing: @babel/plugin-transform-class-properties@7.27.1 from lock file\nnpm error Missing: @babel/plugin-transform-classes@7.28.4 from lock file\nnpm error Missing: @babel/plugin-transform-computed-properties@7.27.1 from lock file\nnpm error Missing: @babel/plugin-transform-for-of@7.27.1 from lock file\nnpm error Missing: @babel/plugin-transform-function-name@7.27.1 from lock file\nnpm error Missing: @babel/plugin-transform-literals@7.27.1 from lock file\nnpm error Missing: @babel/plugin-transform-logical-assignment-operators@7.27.1 from lock file\nnpm error Missing: @babel/plugin-transform-named-capturing-groups-regex@7.27.1 from lock file\nnpm error Missing: @babel/plugin-transform-nullish-coalescing-operator@7.27.1 from lock file\nnpm error Missing: @babel/plugin-transform-numeric-separator@7.27.1 from lock file\nnpm error Missing: @babel/plugin-transform-optional-catch-binding@7.27.1 from lock file\nnpm error Missing: @babel/plugin-transform-optional-chaining@7.27.1 from lock file\nnpm error Missing: @babel/plugin-transform-react-jsx-self@7.27.1 from lock file\nnpm error Missing: @babel/plugin-transform-react-jsx-source@7.27.1 from lock file\nnpm error Missing: @babel/plugin-transform-regenerator@7.28.4 from lock file\nnpm error Missing: @babel/plugin-transform-shorthand-properties@7.27.1 from lock file\nnpm error Missing: @babel/plugin-transform-spread@7.27.1 from lock file\nnpm error Missing: @babel/plugin-transform-sticky-regex@7.27.1 from lock file\nnpm error Missing: @babel/plugin-transform-unicode-regex@7.27.1 from lock file\nnpm error Missing: @react-native/babel-plugin-codegen@0.79.6 from lock file\nnpm error Missing: @babel/helper-remap-async-to-generator@7.27.1 from lock file\nnpm error Missing: @babel/helper-wrap-function@7.28.3 from lock file\nnpm error Missing: @babel/helper-create-regexp-features-plugin@7.27.1 from lock file\nnpm error Missing: regexpu-core@6.2.0 from lock file\nnpm error Missing: semver@6.3.1 from lock file\nnpm error Missing: @react-native/codegen@0.79.6 from lock file\nnpm error Missing: glob@7.2.3 from lock file\nnpm error Missing: hermes-parser@0.25.1 from lock file\nnpm error Missing: @babel/helper-define-polyfill-provider@0.6.5 from lock file\nnpm error Missing: semver@6.3.1 from lock file\nnpm error Missing: debug@4.4.1 from lock file\nnpm error Missing: lodash.debounce@4.0.8 from lock file\nnpm error Missing: core-js-compat@3.45.1 from lock file\nnpm error Missing: open@8.4.2 from lock file\nnpm error Missing: caniuse-lite@1.0.30001741 from lock file\nnpm error Missing: electron-to-chromium@1.5.214 from lock file\nnpm error Missing: node-releases@2.0.20 from lock file\nnpm error Missing: update-browserslist-db@1.1.3 from lock file\nnpm error Missing: escape-string-regexp@4.0.0 from lock file\nnpm error Missing: is-wsl@2.2.0 from lock file\nnpm error Missing: lighthouse-logger@1.4.2 from lock file\nnpm error Missing: escape-string-regexp@4.0.0 from lock file\nnpm error Missing: mkdirp@1.0.4 from lock file\nnpm error Missing: rimraf@3.0.2 from lock file\nnpm error Missing: compressible@2.0.18 from lock file\nnpm error Missing: negotiator@0.6.4 from lock file\nnpm error Missing: on-headers@1.1.0 from lock file\nnpm error Missing: finalhandler@1.1.2 from lock file\nnpm error Missing: fontfaceobserver@2.3.0 from lock file\nnpm error Missing: commander@7.2.0 from lock file\nnpm error Missing: locate-path@6.0.0 from lock file\nnpm error Missing: path-exists@4.0.0 from lock file\nnpm error Missing: hermes-estree@0.25.1 from lock file\nnpm error Missing: loose-envify@1.4.0 from lock file\nnpm error Missing: is-docker@2.2.1 from lock file\nnpm error Missing: argparse@2.0.1 from lock file\nnpm error Missing: marky@1.3.0 from lock file\nnpm error Missing: detect-libc@1.0.3 from lock file\nnpm error Missing: lightningcss-darwin-arm64@1.27.0 from lock file\nnpm error Missing: lightningcss-darwin-x64@1.27.0 from lock file\nnpm error Missing: lightningcss-freebsd-x64@1.27.0 from lock file\nnpm error Missing: lightningcss-linux-arm-gnueabihf@1.27.0 from lock file\nnpm error Missing: lightningcss-linux-arm64-gnu@1.27.0 from lock file\nnpm error Missing: lightningcss-linux-arm64-musl@1.27.0 from lock file\nnpm error Missing: lightningcss-linux-x64-gnu@1.27.0 from lock file\nnpm error Missing: lightningcss-linux-x64-musl@1.27.0 from lock file\nnpm error Missing: lightningcss-win32-arm64-msvc@1.27.0 from lock file\nnpm error Missing: lightningcss-win32-x64-msvc@1.27.0 from lock file\nnpm error Missing: p-locate@5.0.0 from lock file\nnpm error Missing: hosted-git-info@7.0.2 from lock file\nnpm error Missing: proc-log@4.2.0 from lock file\nnpm error Missing: validate-npm-package-name@5.0.1 from lock file\nnpm error Missing: lru-cache@10.4.3 from lock file\nnpm error Missing: chalk@2.4.2 from lock file\nnpm error Missing: cli-cursor@2.1.0 from lock file\nnpm error Missing: cli-spinners@2.9.2 from lock file\nnpm error Missing: log-symbols@2.2.0 from lock file\nnpm error Missing: strip-ansi@5.2.0 from lock file\nnpm error Missing: wcwidth@1.0.1 from lock file\nnpm error Missing: restore-cursor@2.0.0 from lock file\nnpm error Missing: chalk@2.4.2 from lock file\nnpm error Missing: nanoid@3.3.11 from lock file\nnpm error Missing: source-map-js@1.2.1 from lock file\nnpm error Missing: @jest/schemas@29.6.3 from lock file\nnpm error Missing: ansi-styles@5.2.0 from lock file\nnpm error Missing: react-is@18.3.1 from lock file\nnpm error Missing: @sinclair/typebox@0.27.8 from lock file\nnpm error Missing: kleur@3.0.3 from lock file\nnpm error Missing: sisteransi@1.0.5 from lock file\nnpm error Missing: @jest/create-cache-key-function@29.7.0 from lock file\nnpm error Missing: @react-native/assets-registry@0.81.1 from lock file\nnpm error Missing: @react-native/codegen@0.81.1 from lock file\nnpm error Missing: @react-native/community-cli-plugin@0.81.1 from lock file\nnpm error Missing: @react-native/gradle-plugin@0.81.1 from lock file\nnpm error Missing: @react-native/js-polyfills@0.81.1 from lock file\nnpm error Missing: @react-native/normalize-colors@0.81.1 from lock file\nnpm error Missing: @react-native/virtualized-lists@0.81.1 from lock file\nnpm error Missing: anser@1.4.10 from lock file\nnpm error Missing: babel-jest@29.7.0 from lock file\nnpm error Missing: babel-plugin-syntax-hermes-parser@0.29.1 from lock file\nnpm error Missing: commander@12.1.0 from lock file\nnpm error Missing: flow-enums-runtime@0.0.6 from lock file\nnpm error Missing: glob@7.2.3 from lock file\nnpm error Missing: jest-environment-node@29.7.0 from lock file\nnpm error Missing: memoize-one@5.2.1 from lock file\nnpm error Missing: metro-runtime@0.83.1 from lock file\nnpm error Missing: metro-source-map@0.83.1 from lock file\nnpm error Missing: promise@8.3.0 from lock file\nnpm error Missing: react-devtools-core@6.1.5 from lock file\nnpm error Missing: regenerator-runtime@0.13.11 from lock file\nnpm error Missing: scheduler@0.26.0 from lock file\nnpm error Missing: whatwg-fetch@3.6.20 from lock file\nnpm error Missing: ws@6.2.3 from lock file\nnpm error Missing: @jest/types@29.6.3 from lock file\nnpm error Missing: @types/istanbul-lib-coverage@2.0.6 from lock file\nnpm error Missing: @types/istanbul-reports@3.0.4 from lock file\nnpm error Missing: @types/yargs@17.0.33 from lock file\nnpm error Missing: @react-native/dev-middleware@0.81.1 from lock file\nnpm error Missing: debug@4.4.1 from lock file\nnpm error Missing: metro@0.83.1 from lock file\nnpm error Missing: metro-config@0.83.1 from lock file\nnpm error Missing: metro-core@0.83.1 from lock file\nnpm error Missing: @types/istanbul-lib-report@3.0.3 from lock file\nnpm error Missing: @types/yargs-parser@21.0.3 from lock file\nnpm error Missing: @jest/transform@29.7.0 from lock file\nnpm error Missing: @types/babel__core@7.20.5 from lock file\nnpm error Missing: babel-plugin-istanbul@6.1.1 from lock file\nnpm error Missing: babel-preset-jest@29.6.3 from lock file\nnpm error Missing: graceful-fs@4.2.11 from lock file\nnpm error Missing: fast-json-stable-stringify@2.1.0 from lock file\nnpm error Missing: jest-haste-map@29.7.0 from lock file\nnpm error Missing: jest-regex-util@29.6.3 from lock file\nnpm error Missing: jest-util@29.7.0 from lock file\nnpm error Missing: micromatch@4.0.8 from lock file\nnpm error Missing: write-file-atomic@4.0.2 from lock file\nnpm error Missing: @types/babel__generator@7.27.0 from lock file\nnpm error Missing: @types/babel__template@7.4.4 from lock file\nnpm error Missing: @types/babel__traverse@7.28.0 from lock file\nnpm error Missing: @istanbuljs/load-nyc-config@1.1.0 from lock file\nnpm error Missing: @istanbuljs/schema@0.1.3 from lock file\nnpm error Missing: istanbul-lib-instrument@5.2.1 from lock file\nnpm error Missing: test-exclude@6.0.0 from lock file\nnpm error Missing: camelcase@5.3.1 from lock file\nnpm error Missing: find-up@4.1.0 from lock file\nnpm error Missing: get-package-type@0.1.0 from lock file\nnpm error Missing: js-yaml@3.14.1 from lock file\nnpm error Missing: babel-plugin-jest-hoist@29.6.3 from lock file\nnpm error Missing: babel-preset-current-node-syntax@1.2.0 from lock file\nnpm error Missing: @babel/plugin-syntax-async-generators@7.8.4 from lock file\nnpm error Missing: @babel/plugin-syntax-bigint@7.8.3 from lock file\nnpm error Missing: @babel/plugin-syntax-class-properties@7.12.13 from lock file\nnpm error Missing: @babel/plugin-syntax-class-static-block@7.14.5 from lock file\nnpm error Missing: @babel/plugin-syntax-import-attributes@7.27.1 from lock file\nnpm error Missing: @babel/plugin-syntax-import-meta@7.10.4 from lock file\nnpm error Missing: @babel/plugin-syntax-json-strings@7.8.3 from lock file\nnpm error Missing: @babel/plugin-syntax-logical-assignment-operators@7.10.4 from lock file\nnpm error Missing: @babel/plugin-syntax-numeric-separator@7.10.4 from lock file\nnpm error Missing: @babel/plugin-syntax-object-rest-spread@7.8.3 from lock file\nnpm error Missing: @babel/plugin-syntax-optional-catch-binding@7.8.3 from lock file\nnpm error Missing: @babel/plugin-syntax-private-property-in-object@7.14.5 from lock file\nnpm error Missing: @babel/plugin-syntax-top-level-await@7.14.5 from lock file\nnpm error Missing: istanbul-lib-coverage@3.2.2 from lock file\nnpm error Missing: semver@6.3.1 from lock file\nnpm error Missing: @jest/environment@29.7.0 from lock file\nnpm error Missing: @jest/fake-timers@29.7.0 from lock file\nnpm error Missing: jest-mock@29.7.0 from lock file\nnpm error Missing: @sinonjs/fake-timers@10.3.0 from lock file\nnpm error Missing: jest-message-util@29.7.0 from lock file\nnpm error Missing: @sinonjs/commons@3.0.1 from lock file\nnpm error Missing: type-detect@4.0.8 from lock file\nnpm error Missing: @types/graceful-fs@4.1.9 from lock file\nnpm error Missing: anymatch@3.1.3 from lock file\nnpm error Missing: fb-watchman@2.0.2 from lock file\nnpm error Missing: fsevents@2.3.3 from lock file\nnpm error Missing: jest-worker@29.7.0 from lock file\nnpm error Missing: walker@1.0.8 from lock file\nnpm error Missing: normalize-path@3.0.0 from lock file\nnpm error Missing: picomatch@2.3.1 from lock file\nnpm error Missing: bser@2.1.1 from lock file\nnpm error Missing: node-int64@0.4.0 from lock file\nnpm error Missing: @babel/code-frame@7.27.1 from lock file\nnpm error Missing: @types/stack-utils@2.0.3 from lock file\nnpm error Missing: stack-utils@2.0.6 from lock file\nnpm error Missing: picomatch@2.3.1 from lock file\nnpm error Missing: merge-stream@2.0.0 from lock file\nnpm error Missing: supports-color@8.1.1 from lock file\nnpm error Missing: @babel/code-frame@7.27.1 from lock file\nnpm error Missing: ci-info@2.0.0 from lock file\nnpm error Missing: debug@4.4.1 from lock file\nnpm error Missing: error-stack-parser@2.1.4 from lock file\nnpm error Missing: hermes-parser@0.29.1 from lock file\nnpm error Missing: image-size@1.2.1 from lock file\nnpm error Missing: lodash.throttle@4.1.1 from lock file\nnpm error Missing: metro-babel-transformer@0.83.1 from lock file\nnpm error Missing: metro-cache@0.83.1 from lock file\nnpm error Missing: metro-cache-key@0.83.1 from lock file\nnpm error Missing: metro-file-map@0.83.1 from lock file\nnpm error Missing: metro-resolver@0.83.1 from lock file\nnpm error Missing: metro-symbolicate@0.83.1 from lock file\nnpm error Missing: metro-transform-plugins@0.83.1 from lock file\nnpm error Missing: metro-transform-worker@0.83.1 from lock file\nnpm error Missing: serialize-error@2.1.0 from lock file\nnpm error Missing: source-map@0.5.7 from lock file\nnpm error Missing: throat@5.0.0 from lock file\nnpm error Missing: ws@7.5.10 from lock file\nnpm error Missing: stackframe@1.3.4 from lock file\nnpm error Missing: queue@6.0.2 from lock file\nnpm error Missing: hermes-parser@0.29.1 from lock file\nnpm error Missing: exponential-backoff@3.1.2 from lock file\nnpm error Missing: cosmiconfig@5.2.1 from lock file\nnpm error Missing: jest-validate@29.7.0 from lock file\nnpm error Missing: import-fresh@2.0.0 from lock file\nnpm error Missing: is-directory@0.3.1 from lock file\nnpm error Missing: js-yaml@3.14.1 from lock file\nnpm error Missing: parse-json@4.0.0 from lock file\nnpm error Missing: caller-path@2.0.0 from lock file\nnpm error Missing: resolve-from@3.0.0 from lock file\nnpm error Missing: caller-callsite@2.0.0 from lock file\nnpm error Missing: callsites@2.0.0 from lock file\nnpm error Missing: camelcase@6.3.0 from lock file\nnpm error Missing: jest-get-type@29.6.3 from lock file\nnpm error Missing: leven@3.1.0 from lock file\nnpm error Missing: debug@4.4.1 from lock file\nnpm error Missing: @babel/traverse--for-generate-function-map@7.28.4 from lock file\nnpm error Missing: ob1@0.83.1 from lock file\nnpm error Missing: vlq@1.0.1 from lock file\nnpm error Missing: @babel/code-frame@7.27.1 from lock file\nnpm error Missing: debug@4.4.1 from lock file\nnpm error Missing: metro-minify-terser@0.83.1 from lock file\nnpm error Missing: terser@5.44.0 from lock file\nnpm error Missing: braces@3.0.3 from lock file\nnpm error Missing: picomatch@2.3.1 from lock file\nnpm error Missing: fill-range@7.1.1 from lock file\nnpm error Missing: to-regex-range@5.0.1 from lock file\nnpm error Missing: error-ex@1.3.2 from lock file\nnpm error Missing: json-parse-better-errors@1.0.2 from lock file\nnpm error Missing: is-arrayish@0.2.1 from lock file\nnpm error Missing: asap@2.0.6 from lock file\nnpm error Missing: shell-quote@1.8.3 from lock file\nnpm error Missing: ws@7.5.10 from lock file\nnpm error Missing: regenerate@1.4.2 from lock file\nnpm error Missing: regenerate-unicode-properties@10.2.0 from lock file\nnpm error Missing: regjsgen@0.8.0 from lock file\nnpm error Missing: regjsparser@0.12.0 from lock file\nnpm error Missing: unicode-match-property-ecmascript@2.0.0 from lock file\nnpm error Missing: unicode-match-property-value-ecmascript@2.2.0 from lock file\nnpm error Missing: jsesc@3.0.2 from lock file\nnpm error Missing: nested-error-stacks@2.0.1 from lock file\nnpm error Missing: rc@1.2.8 from lock file\nnpm error Missing: resolve@1.7.1 from lock file\nnpm error Missing: deep-extend@0.6.0 from lock file\nnpm error Missing: ini@1.3.8 from lock file\nnpm error Missing: minimist@1.2.8 from lock file\nnpm error Missing: strip-json-comments@2.0.1 from lock file\nnpm error Missing: is-core-module@2.16.1 from lock file\nnpm error Missing: path-parse@1.0.7 from lock file\nnpm error Missing: supports-preserve-symlinks-flag@1.0.0 from lock file\nnpm error Missing: onetime@2.0.1 from lock file\nnpm error Missing: signal-exit@3.0.7 from lock file\nnpm error Missing: mimic-fn@1.2.0 from lock file\nnpm error Missing: glob@7.2.3 from lock file\nnpm error Missing: buffer-from@1.1.2 from lock file\nnpm error Missing: source-map@0.6.1 from lock file\nnpm error Missing: escape-string-regexp@2.0.0 from lock file\nnpm error Missing: type-fest@0.7.1 from lock file\nnpm error Missing: @isaacs/fs-minipass@4.0.1 from lock file\nnpm error Missing: chownr@3.0.0 from lock file\nnpm error Missing: minizlib@3.0.2 from lock file\nnpm error Missing: mkdirp@3.0.1 from lock file\nnpm error Missing: yallist@5.0.0 from lock file\nnpm error Missing: ansi-escapes@4.3.2 from lock file\nnpm error Missing: supports-hyperlinks@2.3.0 from lock file\nnpm error Missing: type-fest@0.21.3 from lock file\nnpm error Missing: @jridgewell/source-map@0.3.11 from lock file\nnpm error Missing: commander@2.20.3 from lock file\nnpm error Missing: glob@7.2.3 from lock file\nnpm error Missing: minimatch@3.1.2 from lock file\nnpm error Missing: is-number@7.0.0 from lock file\nnpm error Missing: unicode-canonical-property-names-ecmascript@2.0.1 from lock file\nnpm error Missing: unicode-property-aliases-ecmascript@2.1.0 from lock file\nnpm error Missing: makeerror@1.0.12 from lock file\nnpm error Missing: tmpl@1.0.5 from lock file\nnpm error Missing: defaults@1.0.4 from lock file\nnpm error Missing: clone@1.0.4 from lock file\nnpm error Missing: buffer@5.7.1 from lock file\nnpm error Missing: punycode@2.3.1 from lock file\nnpm error Missing: webidl-conversions@5.0.0 from lock file\nnpm error Missing: ieee754@1.2.1 from lock file\nnpm error Missing: imurmurhash@0.1.4 from lock file\nnpm error Missing: signal-exit@3.0.7 from lock file\nnpm error Missing: ms@2.1.3 from lock file\nnpm error Missing: yallist@3.1.1 from lock file\nnpm error Missing: ms@2.1.3 from lock file\nnpm error Missing: ms@2.1.3 from lock file\nnpm error Missing: ms@2.1.3 from lock file\nnpm error Missing: ms@2.1.3 from lock file\nnpm error Missing: ms@2.1.3 from lock file\nnpm error Missing: ms@2.1.3 from lock file\nnpm error Missing: ms@2.1.3 from lock file\nnpm error Missing: ms@2.1.3 from lock file\nnpm error Missing: locate-path@5.0.0 from lock file\nnpm error Missing: argparse@1.0.10 from lock file\nnpm error Missing: esprima@4.0.1 from lock file\nnpm error Missing: sprintf-js@1.0.3 from lock file\nnpm error Missing: p-locate@4.1.0 from lock file\nnpm error Missing: p-limit@2.3.0 from lock file\nnpm error Missing: p-try@2.2.0 from lock file\nnpm error Missing: fs.realpath@1.0.0 from lock file\nnpm error Missing: inflight@1.0.6 from lock file\nnpm error Missing: minimatch@3.1.2 from lock file\nnpm error Missing: path-is-absolute@1.0.1 from lock file\nnpm error Missing: brace-expansion@1.1.12 from lock file\nnpm error Missing: concat-map@0.0.1 from lock file\nnpm error Missing: @react-native/debugger-frontend@0.81.1 from lock file\nnpm error Missing: ws@6.2.3 from lock file\nnpm error Missing: ms@2.1.3 from lock file\nnpm error Missing: async-limiter@1.0.1 from lock file\nnpm error Missing: ms@2.1.3 from lock file\nnpm error Missing: define-lazy-prop@2.0.0 from lock file\nnpm error Missing: encodeurl@1.0.2 from lock file\nnpm error Missing: on-finished@2.3.0 from lock file\nnpm error Missing: statuses@1.5.0 from lock file\nnpm error Missing: argparse@1.0.10 from lock file\nnpm error Missing: ansi-styles@3.2.1 from lock file\nnpm error Missing: supports-color@5.5.0 from lock file\nnpm error Missing: color-convert@1.9.3 from lock file\nnpm error Missing: color-name@1.1.3 from lock file\nnpm error Missing: has-flag@3.0.0 from lock file\nnpm error Missing: hermes-estree@0.29.1 from lock file\nnpm error Missing: ms@2.1.3 from lock file\nnpm error Missing: ms@2.1.3 from lock file\nnpm error Missing: hermes-estree@0.29.1 from lock file\nnpm error Missing: ansi-styles@3.2.1 from lock file\nnpm error Missing: supports-color@5.5.0 from lock file\nnpm error Missing: color-convert@1.9.3 from lock file\nnpm error Missing: color-name@1.1.3 from lock file\nnpm error Missing: ansi-regex@4.1.1 from lock file\nnpm error Missing: has-flag@3.0.0 from lock file\nnpm error Missing: hermes-parser@0.29.1 from lock file\nnpm error Missing: minimatch@3.1.2 from lock file\nnpm error Missing: hermes-estree@0.29.1 from lock file\nnpm error Missing: brace-expansion@1.1.12 from lock file\nnpm error Missing: minimatch@3.1.2 from lock file\nnpm error Missing: brace-expansion@1.1.12 from lock file\nnpm error Missing: brace-expansion@1.1.12 from lock file\nnpm error\nnpm error Clean install a project\nnpm error\nnpm error Usage:\nnpm error npm ci\nnpm error\nnpm error Options:\nnpm error [--install-strategy <hoisted|nested|shallow|linked>] [--legacy-bundling]\nnpm error [--global-style] [--omit <dev|optional|peer> [--omit <dev|optional|peer> ...]]\nnpm error [--include <prod|dev|optional|peer> [--include <prod|dev|optional|peer> ...]]\nnpm error [--strict-peer-deps] [--foreground-scripts] [--ignore-scripts] [--no-audit]\nnpm error [--no-bin-links] [--no-fund] [--dry-run]\nnpm error [-w|--workspace <workspace-name> [-w|--workspace <workspace-name> ...]]\nnpm error [-ws|--workspaces] [--include-workspace-root] [--install-links]\nnpm error\nnpm error aliases: clean-install, ic, install-clean, isntall-clean\nnpm error\nnpm error Run \"npm help ci\" for more info\nnpm error A complete log of this run can be found in: /www-data-home/.npm/_logs/2025-09-06T03_55_43_388Z-debug-0.log. For more details see the logs at https://console.cloud.google.com/cloud-build/builds;region=asia-east1/ce976e81-8214-4509-bfae-fabc400bb681?project=175735257281."}}
[debug] [2025-09-06T03:57:24.758Z] Got source token undefined for region asia-east1
[debug] [2025-09-06T03:57:24.759Z] Checked if tokens are valid: true, expires at: 1757133151971
[debug] [2025-09-06T03:57:24.759Z] Checked if tokens are valid: true, expires at: 1757133151971
[debug] [2025-09-06T03:57:24.759Z] Checked if tokens are valid: true, expires at: 1757133151971
[debug] [2025-09-06T03:57:24.759Z] Checked if tokens are valid: true, expires at: 1757133151971
[debug] [2025-09-06T03:57:24.759Z] >>> [apiv2][query] PATCH https://cloudfunctions.googleapis.com/v2/projects/yapyap-a750c/locations/asia-east1/functions/bumpCommentCountOnDelete updateMask=name%2CbuildConfig.runtime%2CbuildConfig.entryPoint%2CbuildConfig.source.storageSource.bucket%2CbuildConfig.source.storageSource.object%2CbuildConfig.environmentVariables%2CbuildConfig.sourceToken%2CserviceConfig.environmentVariables%2CserviceConfig.ingressSettings%2CserviceConfig.timeoutSeconds%2CserviceConfig.serviceAccountEmail%2CserviceConfig.availableMemory%2CserviceConfig.minInstanceCount%2CserviceConfig.maxInstanceCount%2CserviceConfig.maxInstanceRequestConcurrency%2CserviceConfig.availableCpu%2CserviceConfig.vpcConnector%2CserviceConfig.vpcConnectorEgressSettings%2Clabels%2CeventTrigger.eventType%2CeventTrigger.retryPolicy%2CeventTrigger.eventFilters%2CeventTrigger.triggerRegion
[debug] [2025-09-06T03:57:24.759Z] >>> [apiv2][body] PATCH https://cloudfunctions.googleapis.com/v2/projects/yapyap-a750c/locations/asia-east1/functions/bumpCommentCountOnDelete {"name":"projects/yapyap-a750c/locations/asia-east1/functions/bumpCommentCountOnDelete","buildConfig":{"runtime":"nodejs20","entryPoint":"bumpCommentCountOnDelete","source":{"storageSource":{"bucket":"gcf-v2-uploads-175735257281.asia-east1.cloudfunctions.appspot.com","object":"f7a518f1-49d4-4d33-afb7-7dec91ca7067.zip"}},"environmentVariables":{"GOOGLE_NODE_RUN_SCRIPTS":""}},"serviceConfig":{"environmentVariables":{"FIREBASE_CONFIG":"{\"projectId\":\"yapyap-a750c\",\"storageBucket\":\"yapyap-a750c.firebasestorage.app\"}","GCLOUD_PROJECT":"yapyap-a750c","EVENTARC_CLOUD_EVENT_SOURCE":"projects/yapyap-a750c/locations/asia-east1/services/bumpCommentCountOnDelete","FUNCTION_SIGNATURE_TYPE":"cloudevent","FUNCTION_TARGET":"bumpCommentCountOnDelete","LOG_EXECUTION_ID":"true"},"ingressSettings":null,"timeoutSeconds":null,"serviceAccountEmail":null,"availableMemory":"256Mi","minInstanceCount":null,"maxInstanceCount":null,"maxInstanceRequestConcurrency":80,"availableCpu":"1","vpcConnector":null,"vpcConnectorEgressSettings":null},"labels":{"deployment-tool":"cli-firebase","firebase-functions-hash":"0792cccb6a21bad3439ca30b7e741974848552c7"},"eventTrigger":{"eventType":"google.cloud.firestore.document.v1.deleted","retryPolicy":"RETRY_POLICY_DO_NOT_RETRY","eventFilters":[{"attribute":"database","value":"(default)"},{"attribute":"namespace","value":"(default)"},{"attribute":"document","value":"posts/{postId}/comments/{commentId}","operator":"match-path-pattern"}],"triggerRegion":"asia-east1"}}
[debug] [2025-09-06T03:57:24.760Z] >>> [apiv2][query] PATCH https://cloudfunctions.googleapis.com/v2/projects/yapyap-a750c/locations/asia-east1/functions/castVote updateMask=name%2CbuildConfig.runtime%2CbuildConfig.entryPoint%2CbuildConfig.source.storageSource.bucket%2CbuildConfig.source.storageSource.object%2CbuildConfig.environmentVariables%2CbuildConfig.sourceToken%2CserviceConfig.environmentVariables%2CserviceConfig.ingressSettings%2CserviceConfig.timeoutSeconds%2CserviceConfig.serviceAccountEmail%2CserviceConfig.availableMemory%2CserviceConfig.minInstanceCount%2CserviceConfig.maxInstanceCount%2CserviceConfig.maxInstanceRequestConcurrency%2CserviceConfig.availableCpu%2CserviceConfig.vpcConnector%2CserviceConfig.vpcConnectorEgressSettings%2Clabels
[debug] [2025-09-06T03:57:24.760Z] >>> [apiv2][body] PATCH https://cloudfunctions.googleapis.com/v2/projects/yapyap-a750c/locations/asia-east1/functions/castVote {"name":"projects/yapyap-a750c/locations/asia-east1/functions/castVote","buildConfig":{"runtime":"nodejs20","entryPoint":"castVote","source":{"storageSource":{"bucket":"gcf-v2-uploads-175735257281.asia-east1.cloudfunctions.appspot.com","object":"f7a518f1-49d4-4d33-afb7-7dec91ca7067.zip"}},"environmentVariables":{"GOOGLE_NODE_RUN_SCRIPTS":""}},"serviceConfig":{"environmentVariables":{"FIREBASE_CONFIG":"{\"projectId\":\"yapyap-a750c\",\"storageBucket\":\"yapyap-a750c.firebasestorage.app\"}","GCLOUD_PROJECT":"yapyap-a750c","EVENTARC_CLOUD_EVENT_SOURCE":"projects/yapyap-a750c/locations/asia-east1/services/castVote","FUNCTION_TARGET":"castVote","LOG_EXECUTION_ID":"true"},"ingressSettings":null,"timeoutSeconds":null,"serviceAccountEmail":null,"availableMemory":"256Mi","minInstanceCount":null,"maxInstanceCount":null,"maxInstanceRequestConcurrency":80,"availableCpu":"1","vpcConnector":null,"vpcConnectorEgressSettings":null},"labels":{"deployment-tool":"cli-firebase","deployment-callable":"true","firebase-functions-hash":"0792cccb6a21bad3439ca30b7e741974848552c7"}}
[error] Build failed with status: FAILURE and message: npm error code EUSAGE
npm error
npm error `npm ci` can only install packages when your package.json and package-lock.json or npm-shrinkwrap.json are in sync. Please update your lock file with `npm install` before continuing.
npm error
npm error Missing: expo@53.0.22 from lock file
npm error Missing: react@19.1.1 from lock file
npm error Missing: react-native@0.81.1 from lock file
npm error Missing: @babel/runtime@7.28.4 from lock file
npm error Missing: @expo/cli@0.24.21 from lock file
npm error Missing: @expo/fingerprint@0.13.4 from lock file
npm error Missing: @expo/metro-config@0.20.17 from lock file
npm error Missing: @expo/vector-icons@14.1.0 from lock file
npm error Missing: expo-font@13.3.2 from lock file
npm error Missing: babel-preset-expo@13.2.4 from lock file
npm error Missing: expo-asset@11.1.7 from lock file
npm error Missing: expo-file-system@18.1.11 from lock file
npm error Missing: expo-keep-awake@14.1.4 from lock file
npm error Missing: expo-modules-autolinking@2.1.14 from lock file
npm error Missing: expo-modules-core@2.5.0 from lock file
npm error Missing: react-native-edge-to-edge@1.6.0 from lock file
npm error Missing: whatwg-url-without-unicode@8.0.0-3 from lock file
npm error Missing: @0no-co/graphql.web@1.2.0 from lock file
npm error Missing: @expo/code-signing-certificates@0.0.5 from lock file
npm error Missing: @expo/devcert@1.2.0 from lock file
npm error Missing: @expo/osascript@2.2.5 from lock file
npm error Missing: @expo/package-manager@1.8.6 from lock file
npm error Missing: @expo/prebuild-config@9.0.11 from lock file
npm error Missing: @expo/schema-utils@0.1.0 from lock file
npm error Missing: @expo/ws-tunnel@1.0.6 from lock file
npm error Missing: @expo/xcpretty@4.3.2 from lock file
npm error Missing: @react-native/dev-middleware@0.79.6 from lock file
npm error Missing: @urql/core@5.2.0 from lock file
npm error Missing: @urql/exchange-retry@1.3.2 from lock file
npm error Missing: arg@5.0.2 from lock file
npm error Missing: better-opn@3.0.2 from lock file
npm error Missing: ci-info@3.9.0 from lock file
npm error Missing: compression@1.8.1 from lock file
npm error Missing: connect@3.7.0 from lock file
npm error Missing: debug@4.4.1 from lock file
npm error Missing: env-editor@0.4.2 from lock file
npm error Missing: freeport-async@2.0.0 from lock file
npm error Missing: lan-network@0.1.7 from lock file
npm error Missing: npm-package-arg@11.0.3 from lock file
npm error Missing: ora@3.4.0 from lock file
npm error Missing: picomatch@3.0.1 from lock file
npm error Missing: pretty-bytes@5.6.0 from lock file
npm error Missing: pretty-format@29.7.0 from lock file
npm error Missing: progress@2.0.3 from lock file
npm error Missing: prompts@2.4.2 from lock file
npm error Missing: qrcode-terminal@0.11.0 from lock file
npm error Missing: requireg@0.2.2 from lock file
npm error Missing: resolve@1.22.10 from lock file
npm error Missing: resolve.exports@2.0.3 from lock file
npm error Missing: source-map-support@0.5.21 from lock file
npm error Missing: stacktrace-parser@0.1.11 from lock file
npm error Missing: structured-headers@0.4.1 from lock file
npm error Missing: tar@7.4.3 from lock file
npm error Missing: terminal-link@2.1.1 from lock file
npm error Missing: undici@6.21.3 from lock file
npm error Missing: ws@8.18.3 from lock file
npm error Missing: nullthrows@1.1.1 from lock file
npm error Missing: @expo/sudo-prompt@9.3.2 from lock file
npm error Missing: debug@3.2.7 from lock file
npm error Missing: arg@5.0.2 from lock file
npm error Missing: debug@4.4.1 from lock file
npm error Missing: find-up@5.0.0 from lock file
npm error Missing: ignore@5.3.2 from lock file
npm error Missing: @babel/core@7.28.4 from lock file
npm error Missing: @babel/generator@7.28.3 from lock file
npm error Missing: @babel/parser@7.28.4 from lock file
npm error Missing: @babel/types@7.28.4 from lock file
npm error Missing: debug@4.4.1 from lock file
npm error Missing: jsc-safe-url@0.2.4 from lock file
npm error Missing: lightningcss@1.27.0 from lock file
npm error Missing: postcss@8.4.49 from lock file
npm error Missing: @babel/code-frame@7.27.1 from lock file
npm error Missing: @babel/helper-compilation-targets@7.27.2 from lock file
npm error Missing: @babel/helper-module-transforms@7.28.3 from lock file
npm error Missing: @babel/helpers@7.28.4 from lock file
npm error Missing: @babel/template@7.27.2 from lock file
npm error Missing: @babel/traverse@7.28.4 from lock file
npm error Missing: @jridgewell/remapping@2.3.5 from lock file
npm error Missing: convert-source-map@2.0.0 from lock file
npm error Missing: debug@4.4.1 from lock file
npm error Missing: gensync@1.0.0-beta.2 from lock file
npm error Missing: semver@6.3.1 from lock file
npm error Missing: jsesc@3.1.0 from lock file
npm error Missing: @babel/compat-data@7.28.4 from lock file
npm error Missing: @babel/helper-validator-option@7.27.1 from lock file
npm error Missing: browserslist@4.25.4 from lock file
npm error Missing: lru-cache@5.1.1 from lock file
npm error Missing: semver@6.3.1 from lock file
npm error Missing: @babel/helper-module-imports@7.27.1 from lock file
npm error Missing: @babel/code-frame@7.27.1 from lock file
npm error Missing: @babel/code-frame@7.27.1 from lock file
npm error Missing: @babel/helper-globals@7.28.0 from lock file
npm error Missing: debug@4.4.1 from lock file
npm error Missing: @babel/helper-string-parser@7.27.1 from lock file
npm error Missing: exec-async@2.2.0 from lock file
npm error Missing: @react-native/normalize-colors@0.79.5 from lock file
npm error Missing: debug@4.4.1 from lock file
npm error Missing: js-yaml@4.1.0 from lock file
npm error Missing: @isaacs/ttlcache@1.4.1 from lock file
npm error Missing: @react-native/debugger-frontend@0.79.6 from lock file
npm error Missing: chrome-launcher@0.15.2 from lock file
npm error Missing: chromium-edge-launcher@0.2.0 from lock file
npm error Missing: invariant@2.2.4 from lock file
npm error Missing: open@7.4.2 from lock file
npm error Missing: ws@6.2.3 from lock file
npm error Missing: wonka@6.3.5 from lock file
npm error Missing: @babel/plugin-proposal-decorators@7.28.0 from lock file
npm error Missing: @babel/plugin-proposal-export-default-from@7.27.1 from lock file
npm error Missing: @babel/plugin-syntax-export-default-from@7.27.1 from lock file
npm error Missing: @babel/plugin-transform-export-namespace-from@7.27.1 from lock file
npm error Missing: @babel/plugin-transform-flow-strip-types@7.27.1 from lock file
npm error Missing: @babel/plugin-transform-modules-commonjs@7.27.1 from lock file
npm error Missing: @babel/plugin-transform-object-rest-spread@7.28.4 from lock file
npm error Missing: @babel/plugin-transform-parameters@7.27.7 from lock file
npm error Missing: @babel/plugin-transform-private-methods@7.27.1 from lock file
npm error Missing: @babel/plugin-transform-private-property-in-object@7.27.1 from lock file
npm error Missing: @babel/plugin-transform-runtime@7.28.3 from lock file
npm error Missing: @babel/preset-react@7.27.1 from lock file
npm error Missing: @babel/preset-typescript@7.27.1 from lock file
npm error Missing: @react-native/babel-preset@0.79.6 from lock file
npm error Missing: babel-plugin-react-native-web@0.19.13 from lock file
npm error Missing: babel-plugin-syntax-hermes-parser@0.25.1 from lock file
npm error Missing: babel-plugin-transform-flow-enums@0.0.2 from lock file
npm error Missing: debug@4.4.1 from lock file
npm error Missing: react-refresh@0.14.2 from lock file
npm error Missing: @babel/helper-create-class-features-plugin@7.28.3 from lock file
npm error Missing: @babel/helper-plugin-utils@7.27.1 from lock file
npm error Missing: @babel/plugin-syntax-decorators@7.27.1 from lock file
npm error Missing: @babel/helper-annotate-as-pure@7.27.3 from lock file
npm error Missing: @babel/helper-member-expression-to-functions@7.27.1 from lock file
npm error Missing: @babel/helper-optimise-call-expression@7.27.1 from lock file
npm error Missing: @babel/helper-replace-supers@7.27.1 from lock file
npm error Missing: @babel/helper-skip-transparent-expression-wrappers@7.27.1 from lock file
npm error Missing: semver@6.3.1 from lock file
npm error Missing: @babel/plugin-syntax-flow@7.27.1 from lock file
npm error Missing: @babel/plugin-transform-destructuring@7.28.0 from lock file
npm error Missing: babel-plugin-polyfill-corejs2@0.4.14 from lock file
npm error Missing: babel-plugin-polyfill-corejs3@0.13.0 from lock file
npm error Missing: babel-plugin-polyfill-regenerator@0.6.5 from lock file
npm error Missing: semver@6.3.1 from lock file
npm error Missing: @babel/plugin-transform-react-display-name@7.28.0 from lock file
npm error Missing: @babel/plugin-transform-react-jsx@7.27.1 from lock file
npm error Missing: @babel/plugin-transform-react-jsx-development@7.27.1 from lock file
npm error Missing: @babel/plugin-transform-react-pure-annotations@7.27.1 from lock file
npm error Missing: @babel/plugin-syntax-jsx@7.27.1 from lock file
npm error Missing: @babel/plugin-transform-typescript@7.28.0 from lock file
npm error Missing: @babel/plugin-syntax-typescript@7.27.1 from lock file
npm error Missing: @babel/plugin-syntax-dynamic-import@7.8.3 from lock file
npm error Missing: @babel/plugin-syntax-nullish-coalescing-operator@7.8.3 from lock file
npm error Missing: @babel/plugin-syntax-optional-chaining@7.8.3 from lock file
npm error Missing: @babel/plugin-transform-arrow-functions@7.27.1 from lock file
npm error Missing: @babel/plugin-transform-async-generator-functions@7.28.0 from lock file
npm error Missing: @babel/plugin-transform-async-to-generator@7.27.1 from lock file
npm error Missing: @babel/plugin-transform-block-scoping@7.28.4 from lock file
npm error Missing: @babel/plugin-transform-class-properties@7.27.1 from lock file
npm error Missing: @babel/plugin-transform-classes@7.28.4 from lock file
npm error Missing: @babel/plugin-transform-computed-properties@7.27.1 from lock file
npm error Missing: @babel/plugin-transform-for-of@7.27.1 from lock file
npm error Missing: @babel/plugin-transform-function-name@7.27.1 from lock file
npm error Missing: @babel/plugin-transform-literals@7.27.1 from lock file
npm error Missing: @babel/plugin-transform-logical-assignment-operators@7.27.1 from lock file
npm error Missing: @babel/plugin-transform-named-capturing-groups-regex@7.27.1 from lock file
npm error Missing: @babel/plugin-transform-nullish-coalescing-operator@7.27.1 from lock file
npm error Missing: @babel/plugin-transform-numeric-separator@7.27.1 from lock file
npm error Missing: @babel/plugin-transform-optional-catch-binding@7.27.1 from lock file
npm error Missing: @babel/plugin-transform-optional-chaining@7.27.1 from lock file
npm error Missing: @babel/plugin-transform-react-jsx-self@7.27.1 from lock file
npm error Missing: @babel/plugin-transform-react-jsx-source@7.27.1 from lock file
npm error Missing: @babel/plugin-transform-regenerator@7.28.4 from lock file
npm error Missing: @babel/plugin-transform-shorthand-properties@7.27.1 from lock file
npm error Missing: @babel/plugin-transform-spread@7.27.1 from lock file
npm error Missing: @babel/plugin-transform-sticky-regex@7.27.1 from lock file
npm error Missing: @babel/plugin-transform-unicode-regex@7.27.1 from lock file
npm error Missing: @react-native/babel-plugin-codegen@0.79.6 from lock file
npm error Missing: @babel/helper-remap-async-to-generator@7.27.1 from lock file
npm error Missing: @babel/helper-wrap-function@7.28.3 from lock file
npm error Missing: @babel/helper-create-regexp-features-plugin@7.27.1 from lock file
npm error Missing: regexpu-core@6.2.0 from lock file
npm error Missing: semver@6.3.1 from lock file
npm error Missing: @react-native/codegen@0.79.6 from lock file
npm error Missing: glob@7.2.3 from lock file
npm error Missing: hermes-parser@0.25.1 from lock file
npm error Missing: @babel/helper-define-polyfill-provider@0.6.5 from lock file
npm error Missing: semver@6.3.1 from lock file
npm error Missing: debug@4.4.1 from lock file
npm error Missing: lodash.debounce@4.0.8 from lock file
npm error Missing: core-js-compat@3.45.1 from lock file
npm error Missing: open@8.4.2 from lock file
npm error Missing: caniuse-lite@1.0.30001741 from lock file
npm error Missing: electron-to-chromium@1.5.214 from lock file
npm error Missing: node-releases@2.0.20 from lock file
npm error Missing: update-browserslist-db@1.1.3 from lock file
npm error Missing: escape-string-regexp@4.0.0 from lock file
npm error Missing: is-wsl@2.2.0 from lock file
npm error Missing: lighthouse-logger@1.4.2 from lock file
npm error Missing: escape-string-regexp@4.0.0 from lock file
npm error Missing: mkdirp@1.0.4 from lock file
npm error Missing: rimraf@3.0.2 from lock file
npm error Missing: compressible@2.0.18 from lock file
npm error Missing: negotiator@0.6.4 from lock file
npm error Missing: on-headers@1.1.0 from lock file
npm error Missing: finalhandler@1.1.2 from lock file
npm error Missing: fontfaceobserver@2.3.0 from lock file
npm error Missing: commander@7.2.0 from lock file
npm error Missing: locate-path@6.0.0 from lock file
npm error Missing: path-exists@4.0.0 from lock file
npm error Missing: hermes-estree@0.25.1 from lock file
npm error Missing: loose-envify@1.4.0 from lock file
npm error Missing: is-docker@2.2.1 from lock file
npm error Missing: argparse@2.0.1 from lock file
npm error Missing: marky@1.3.0 from lock file
npm error Missing: detect-libc@1.0.3 from lock file
npm error Missing: lightningcss-darwin-arm64@1.27.0 from lock file
npm error Missing: lightningcss-darwin-x64@1.27.0 from lock file
npm error Missing: lightningcss-freebsd-x64@1.27.0 from lock file
npm error Missing: lightningcss-linux-arm-gnueabihf@1.27.0 from lock file
npm error Missing: lightningcss-linux-arm64-gnu@1.27.0 from lock file
npm error Missing: lightningcss-linux-arm64-musl@1.27.0 from lock file
npm error Missing: lightningcss-linux-x64-gnu@1.27.0 from lock file
npm error Missing: lightningcss-linux-x64-musl@1.27.0 from lock file
npm error Missing: lightningcss-win32-arm64-msvc@1.27.0 from lock file
npm error Missing: lightningcss-win32-x64-msvc@1.27.0 from lock file
npm error Missing: p-locate@5.0.0 from lock file
npm error Missing: hosted-git-info@7.0.2 from lock file
npm error Missing: proc-log@4.2.0 from lock file
npm error Missing: validate-npm-package-name@5.0.1 from lock file
npm error Missing: lru-cache@10.4.3 from lock file
npm error Missing: chalk@2.4.2 from lock file
npm error Missing: cli-cursor@2.1.0 from lock file
npm error Missing: cli-spinners@2.9.2 from lock file
npm error Missing: log-symbols@2.2.0 from lock file
npm error Missing: strip-ansi@5.2.0 from lock file
npm error Missing: wcwidth@1.0.1 from lock file
npm error Missing: restore-cursor@2.0.0 from lock file
npm error Missing: chalk@2.4.2 from lock file
npm error Missing: nanoid@3.3.11 from lock file
npm error Missing: source-map-js@1.2.1 from lock file
npm error Missing: @jest/schemas@29.6.3 from lock file
npm error Missing: ansi-styles@5.2.0 from lock file
npm error Missing: react-is@18.3.1 from lock file
npm error Missing: @sinclair/typebox@0.27.8 from lock file
npm error Missing: kleur@3.0.3 from lock file
npm error Missing: sisteransi@1.0.5 from lock file
npm error Missing: @jest/create-cache-key-function@29.7.0 from lock file
npm error Missing: @react-native/assets-registry@0.81.1 from lock file
npm error Missing: @react-native/codegen@0.81.1 from lock file
npm error Missing: @react-native/community-cli-plugin@0.81.1 from lock file
npm error Missing: @react-native/gradle-plugin@0.81.1 from lock file
npm error Missing: @react-native/js-polyfills@0.81.1 from lock file
npm error Missing: @react-native/normalize-colors@0.81.1 from lock file
npm error Missing: @react-native/virtualized-lists@0.81.1 from lock file
npm error Missing: anser@1.4.10 from lock file
npm error Missing: babel-jest@29.7.0 from lock file
npm error Missing: babel-plugin-syntax-hermes-parser@0.29.1 from lock file
npm error Missing: commander@12.1.0 from lock file
npm error Missing: flow-enums-runtime@0.0.6 from lock file
npm error Missing: glob@7.2.3 from lock file
npm error Missing: jest-environment-node@29.7.0 from lock file
npm error Missing: memoize-one@5.2.1 from lock file
npm error Missing: metro-runtime@0.83.1 from lock file
npm error Missing: metro-source-map@0.83.1 from lock file
npm error Missing: promise@8.3.0 from lock file
npm error Missing: react-devtools-core@6.1.5 from lock file
npm error Missing: regenerator-runtime@0.13.11 from lock file
npm error Missing: scheduler@0.26.0 from lock file
npm error Missing: whatwg-fetch@3.6.20 from lock file
npm error Missing: ws@6.2.3 from lock file
npm error Missing: @jest/types@29.6.3 from lock file
npm error Missing: @types/istanbul-lib-coverage@2.0.6 from lock file
npm error Missing: @types/istanbul-reports@3.0.4 from lock file
npm error Missing: @types/yargs@17.0.33 from lock file
npm error Missing: @react-native/dev-middleware@0.81.1 from lock file
npm error Missing: debug@4.4.1 from lock file
npm error Missing: metro@0.83.1 from lock file
npm error Missing: metro-config@0.83.1 from lock file
npm error Missing: metro-core@0.83.1 from lock file
npm error Missing: @types/istanbul-lib-report@3.0.3 from lock file
npm error Missing: @types/yargs-parser@21.0.3 from lock file
npm error Missing: @jest/transform@29.7.0 from lock file
npm error Missing: @types/babel__core@7.20.5 from lock file
npm error Missing: babel-plugin-istanbul@6.1.1 from lock file
npm error Missing: babel-preset-jest@29.6.3 from lock file
npm error Missing: graceful-fs@4.2.11 from lock file
npm error Missing: fast-json-stable-stringify@2.1.0 from lock file
npm error Missing: jest-haste-map@29.7.0 from lock file
npm error Missing: jest-regex-util@29.6.3 from lock file
npm error Missing: jest-util@29.7.0 from lock file
npm error Missing: micromatch@4.0.8 from lock file
npm error Missing: write-file-atomic@4.0.2 from lock file
npm error Missing: @types/babel__generator@7.27.0 from lock file
npm error Missing: @types/babel__template@7.4.4 from lock file
npm error Missing: @types/babel__traverse@7.28.0 from lock file
npm error Missing: @istanbuljs/load-nyc-config@1.1.0 from lock file
npm error Missing: @istanbuljs/schema@0.1.3 from lock file
npm error Missing: istanbul-lib-instrument@5.2.1 from lock file
npm error Missing: test-exclude@6.0.0 from lock file
npm error Missing: camelcase@5.3.1 from lock file
npm error Missing: find-up@4.1.0 from lock file
npm error Missing: get-package-type@0.1.0 from lock file
npm error Missing: js-yaml@3.14.1 from lock file
npm error Missing: babel-plugin-jest-hoist@29.6.3 from lock file
npm error Missing: babel-preset-current-node-syntax@1.2.0 from lock file
npm error Missing: @babel/plugin-syntax-async-generators@7.8.4 from lock file
npm error Missing: @babel/plugin-syntax-bigint@7.8.3 from lock file
npm error Missing: @babel/plugin-syntax-class-properties@7.12.13 from lock file
npm error Missing: @babel/plugin-syntax-class-static-block@7.14.5 from lock file
npm error Missing: @babel/plugin-syntax-import-attributes@7.27.1 from lock file
npm error Missing: @babel/plugin-syntax-import-meta@7.10.4 from lock file
npm error Missing: @babel/plugin-syntax-json-strings@7.8.3 from lock file
npm error Missing: @babel/plugin-syntax-logical-assignment-operators@7.10.4 from lock file
npm error Missing: @babel/plugin-syntax-numeric-separator@7.10.4 from lock file
npm error Missing: @babel/plugin-syntax-object-rest-spread@7.8.3 from lock file
npm error Missing: @babel/plugin-syntax-optional-catch-binding@7.8.3 from lock file
npm error Missing: @babel/plugin-syntax-private-property-in-object@7.14.5 from lock file
npm error Missing: @babel/plugin-syntax-top-level-await@7.14.5 from lock file
npm error Missing: istanbul-lib-coverage@3.2.2 from lock file
npm error Missing: semver@6.3.1 from lock file
npm error Missing: @jest/environment@29.7.0 from lock file
npm error Missing: @jest/fake-timers@29.7.0 from lock file
npm error Missing: jest-mock@29.7.0 from lock file
npm error Missing: @sinonjs/fake-timers@10.3.0 from lock file
npm error Missing: jest-message-util@29.7.0 from lock file
npm error Missing: @sinonjs/commons@3.0.1 from lock file
npm error Missing: type-detect@4.0.8 from lock file
npm error Missing: @types/graceful-fs@4.1.9 from lock file
npm error Missing: anymatch@3.1.3 from lock file
npm error Missing: fb-watchman@2.0.2 from lock file
npm error Missing: fsevents@2.3.3 from lock file
npm error Missing: jest-worker@29.7.0 from lock file
npm error Missing: walker@1.0.8 from lock file
npm error Missing: normalize-path@3.0.0 from lock file
npm error Missing: picomatch@2.3.1 from lock file
npm error Missing: bser@2.1.1 from lock file
npm error Missing: node-int64@0.4.0 from lock file
npm error Missing: @babel/code-frame@7.27.1 from lock file
npm error Missing: @types/stack-utils@2.0.3 from lock file
npm error Missing: stack-utils@2.0.6 from lock file
npm error Missing: picomatch@2.3.1 from lock file
npm error Missing: merge-stream@2.0.0 from lock file
npm error Missing: supports-color@8.1.1 from lock file
npm error Missing: @babel/code-frame@7.27.1 from lock file
npm error Missing: ci-info@2.0.0 from lock file
npm error Missing: debug@4.4.1 from lock file
npm error Missing: error-stack-parser@2.1.4 from lock file
npm error Missing: hermes-parser@0.29.1 from lock file
npm error Missing: image-size@1.2.1 from lock file
npm error Missing: lodash.throttle@4.1.1 from lock file
npm error Missing: metro-babel-transformer@0.83.1 from lock file
npm error Missing: metro-cache@0.83.1 from lock file
npm error Missing: metro-cache-key@0.83.1 from lock file
npm error Missing: metro-file-map@0.83.1 from lock file
npm error Missing: metro-resolver@0.83.1 from lock file
npm error Missing: metro-symbolicate@0.83.1 from lock file
npm error Missing: metro-transform-plugins@0.83.1 from lock file
npm error Missing: metro-transform-worker@0.83.1 from lock file
npm error Missing: serialize-error@2.1.0 from lock file
npm error Missing: source-map@0.5.7 from lock file
npm error Missing: throat@5.0.0 from lock file
npm error Missing: ws@7.5.10 from lock file
npm error Missing: stackframe@1.3.4 from lock file
npm error Missing: queue@6.0.2 from lock file
npm error Missing: hermes-parser@0.29.1 from lock file
npm error Missing: exponential-backoff@3.1.2 from lock file
npm error Missing: cosmiconfig@5.2.1 from lock file
npm error Missing: jest-validate@29.7.0 from lock file
npm error Missing: import-fresh@2.0.0 from lock file
npm error Missing: is-directory@0.3.1 from lock file
npm error Missing: js-yaml@3.14.1 from lock file
npm error Missing: parse-json@4.0.0 from lock file
npm error Missing: caller-path@2.0.0 from lock file
npm error Missing: resolve-from@3.0.0 from lock file
npm error Missing: caller-callsite@2.0.0 from lock file
npm error Missing: callsites@2.0.0 from lock file
npm error Missing: camelcase@6.3.0 from lock file
npm error Missing: jest-get-type@29.6.3 from lock file
npm error Missing: leven@3.1.0 from lock file
npm error Missing: debug@4.4.1 from lock file
npm error Missing: @babel/traverse--for-generate-function-map@7.28.4 from lock file
npm error Missing: ob1@0.83.1 from lock file
npm error Missing: vlq@1.0.1 from lock file
npm error Missing: @babel/code-frame@7.27.1 from lock file
npm error Missing: debug@4.4.1 from lock file
npm error Missing: metro-minify-terser@0.83.1 from lock file
npm error Missing: terser@5.44.0 from lock file
npm error Missing: braces@3.0.3 from lock file
npm error Missing: picomatch@2.3.1 from lock file
npm error Missing: fill-range@7.1.1 from lock file
npm error Missing: to-regex-range@5.0.1 from lock file
npm error Missing: error-ex@1.3.2 from lock file
npm error Missing: json-parse-better-errors@1.0.2 from lock file
npm error Missing: is-arrayish@0.2.1 from lock file
npm error Missing: asap@2.0.6 from lock file
npm error Missing: shell-quote@1.8.3 from lock file
npm error Missing: ws@7.5.10 from lock file
npm error Missing: regenerate@1.4.2 from lock file
npm error Missing: regenerate-unicode-properties@10.2.0 from lock file
npm error Missing: regjsgen@0.8.0 from lock file
npm error Missing: regjsparser@0.12.0 from lock file
npm error Missing: unicode-match-property-ecmascript@2.0.0 from lock file
npm error Missing: unicode-match-property-value-ecmascript@2.2.0 from lock file
npm error Missing: jsesc@3.0.2 from lock file
npm error Missing: nested-error-stacks@2.0.1 from lock file
npm error Missing: rc@1.2.8 from lock file
npm error Missing: resolve@1.7.1 from lock file
npm error Missing: deep-extend@0.6.0 from lock file
npm error Missing: ini@1.3.8 from lock file
npm error Missing: minimist@1.2.8 from lock file
npm error Missing: strip-json-comments@2.0.1 from lock file
npm error Missing: is-core-module@2.16.1 from lock file
npm error Missing: path-parse@1.0.7 from lock file
npm error Missing: supports-preserve-symlinks-flag@1.0.0 from lock file
npm error Missing: onetime@2.0.1 from lock file
npm error Missing: signal-exit@3.0.7 from lock file
npm error Missing: mimic-fn@1.2.0 from lock file
npm error Missing: glob@7.2.3 from lock file
npm error Missing: buffer-from@1.1.2 from lock file
npm error Missing: source-map@0.6.1 from lock file
npm error Missing: escape-string-regexp@2.0.0 from lock file
npm error Missing: type-fest@0.7.1 from lock file
npm error Missing: @isaacs/fs-minipass@4.0.1 from lock file
npm error Missing: chownr@3.0.0 from lock file
npm error Missing: minizlib@3.0.2 from lock file
npm error Missing: mkdirp@3.0.1 from lock file
npm error Missing: yallist@5.0.0 from lock file
npm error Missing: ansi-escapes@4.3.2 from lock file
npm error Missing: supports-hyperlinks@2.3.0 from lock file
npm error Missing: type-fest@0.21.3 from lock file
npm error Missing: @jridgewell/source-map@0.3.11 from lock file
npm error Missing: commander@2.20.3 from lock file
npm error Missing: glob@7.2.3 from lock file
npm error Missing: minimatch@3.1.2 from lock file
npm error Missing: is-number@7.0.0 from lock file
npm error Missing: unicode-canonical-property-names-ecmascript@2.0.1 from lock file
npm error Missing: unicode-property-aliases-ecmascript@2.1.0 from lock file
npm error Missing: makeerror@1.0.12 from lock file
npm error Missing: tmpl@1.0.5 from lock file
npm error Missing: defaults@1.0.4 from lock file
npm error Missing: clone@1.0.4 from lock file
npm error Missing: buffer@5.7.1 from lock file
npm error Missing: punycode@2.3.1 from lock file
npm error Missing: webidl-conversions@5.0.0 from lock file
npm error Missing: ieee754@1.2.1 from lock file
npm error Missing: imurmurhash@0.1.4 from lock file
npm error Missing: signal-exit@3.0.7 from lock file
npm error Missing: ms@2.1.3 from lock file
npm error Missing: yallist@3.1.1 from lock file
npm error Missing: ms@2.1.3 from lock file
npm error Missing: ms@2.1.3 from lock file
npm error Missing: ms@2.1.3 from lock file
npm error Missing: ms@2.1.3 from lock file
npm error Missing: ms@2.1.3 from lock file
npm error Missing: ms@2.1.3 from lock file
npm error Missing: ms@2.1.3 from lock file
npm error Missing: ms@2.1.3 from lock file
npm error Missing: locate-path@5.0.0 from lock file
npm error Missing: argparse@1.0.10 from lock file
npm error Missing: esprima@4.0.1 from lock file
npm error Missing: sprintf-js@1.0.3 from lock file
npm error Missing: p-locate@4.1.0 from lock file
npm error Missing: p-limit@2.3.0 from lock file
npm error Missing: p-try@2.2.0 from lock file
npm error Missing: fs.realpath@1.0.0 from lock file
npm error Missing: inflight@1.0.6 from lock file
npm error Missing: minimatch@3.1.2 from lock file
npm error Missing: path-is-absolute@1.0.1 from lock file
npm error Missing: brace-expansion@1.1.12 from lock file
npm error Missing: concat-map@0.0.1 from lock file
npm error Missing: @react-native/debugger-frontend@0.81.1 from lock file
npm error Missing: ws@6.2.3 from lock file
npm error Missing: ms@2.1.3 from lock file
npm error Missing: async-limiter@1.0.1 from lock file
npm error Missing: ms@2.1.3 from lock file
npm error Missing: define-lazy-prop@2.0.0 from lock file
npm error Missing: encodeurl@1.0.2 from lock file
npm error Missing: on-finished@2.3.0 from lock file
npm error Missing: statuses@1.5.0 from lock file
npm error Missing: argparse@1.0.10 from lock file
npm error Missing: ansi-styles@3.2.1 from lock file
npm error Missing: supports-color@5.5.0 from lock file
npm error Missing: color-convert@1.9.3 from lock file
npm error Missing: color-name@1.1.3 from lock file
npm error Missing: has-flag@3.0.0 from lock file
npm error Missing: hermes-estree@0.29.1 from lock file
npm error Missing: ms@2.1.3 from lock file
npm error Missing: ms@2.1.3 from lock file
npm error Missing: hermes-estree@0.29.1 from lock file
npm error Missing: ansi-styles@3.2.1 from lock file
npm error Missing: supports-color@5.5.0 from lock file
npm error Missing: color-convert@1.9.3 from lock file
npm error Missing: color-name@1.1.3 from lock file
npm error Missing: ansi-regex@4.1.1 from lock file
npm error Missing: has-flag@3.0.0 from lock file
npm error Missing: hermes-parser@0.29.1 from lock file
npm error Missing: minimatch@3.1.2 from lock file
npm error Missing: hermes-estree@0.29.1 from lock file
npm error Missing: brace-expansion@1.1.12 from lock file
npm error Missing: minimatch@3.1.2 from lock file
npm error Missing: brace-expansion@1.1.12 from lock file
npm error Missing: brace-expansion@1.1.12 from lock file
npm error
npm error Clean install a project
npm error
npm error Usage:
npm error npm ci
npm error
npm error Options:
npm error [--install-strategy <hoisted|nested|shallow|linked>] [--legacy-bundling]
npm error [--global-style] [--omit <dev|optional|peer> [--omit <dev|optional|peer> ...]]
npm error [--include <prod|dev|optional|peer> [--include <prod|dev|optional|peer> ...]]
npm error [--strict-peer-deps] [--foreground-scripts] [--ignore-scripts] [--no-audit]
npm error [--no-bin-links] [--no-fund] [--dry-run]
npm error [-w|--workspace <workspace-name> [-w|--workspace <workspace-name> ...]]
npm error [-ws|--workspaces] [--include-workspace-root] [--install-links]
npm error
npm error aliases: clean-install, ic, install-clean, isntall-clean
npm error
npm error Run "npm help ci" for more info
npm error A complete log of this run can be found in: /www-data-home/.npm/_logs/2025-09-06T03_55_43_388Z-debug-0.log. For more details see the logs at https://console.cloud.google.com/cloud-build/builds;region=asia-east1/ce976e81-8214-4509-bfae-fabc400bb681?project=175735257281.
[debug] [2025-09-06T03:57:26.331Z] <<< [apiv2][status] PATCH https://cloudfunctions.googleapis.com/v2/projects/yapyap-a750c/locations/asia-east1/functions/castVote 200
[debug] [2025-09-06T03:57:26.331Z] <<< [apiv2][body] PATCH https://cloudfunctions.googleapis.com/v2/projects/yapyap-a750c/locations/asia-east1/functions/castVote {"name":"projects/yapyap-a750c/locations/asia-east1/operations/operation-1757131049353-63e19f405428c-e8e254d7-69962015","metadata":{"@type":"type.googleapis.com/google.cloud.functions.v2.OperationMetadata","createTime":"2025-09-06T03:57:30.687011721Z","target":"projects/yapyap-a750c/locations/asia-east1/functions/castVote","verb":"update","cancelRequested":false,"apiVersion":"v2"},"done":false}
[debug] [2025-09-06T03:57:26.331Z] Checked if tokens are valid: true, expires at: 1757133151971
[debug] [2025-09-06T03:57:26.331Z] Checked if tokens are valid: true, expires at: 1757133151971
[debug] [2025-09-06T03:57:26.331Z] >>> [apiv2][query] GET https://cloudfunctions.googleapis.com/v2/projects/yapyap-a750c/locations/asia-east1/operations/operation-1757131049353-63e19f405428c-e8e254d7-69962015 [none]
[debug] [2025-09-06T03:57:26.348Z] <<< [apiv2][status] PATCH https://cloudfunctions.googleapis.com/v2/projects/yapyap-a750c/locations/asia-east1/functions/bumpCommentCountOnDelete 200
[debug] [2025-09-06T03:57:26.348Z] <<< [apiv2][body] PATCH https://cloudfunctions.googleapis.com/v2/projects/yapyap-a750c/locations/asia-east1/functions/bumpCommentCountOnDelete {"name":"projects/yapyap-a750c/locations/asia-east1/operations/operation-1757131049189-63e19f402c121-db9fe88d-52ab68ce","metadata":{"@type":"type.googleapis.com/google.cloud.functions.v2.OperationMetadata","createTime":"2025-09-06T03:57:30.708629837Z","target":"projects/yapyap-a750c/locations/asia-east1/functions/bumpCommentCountOnDelete","verb":"update","cancelRequested":false,"apiVersion":"v2"},"done":false}
[debug] [2025-09-06T03:57:26.348Z] Checked if tokens are valid: true, expires at: 1757133151971
[debug] [2025-09-06T03:57:26.348Z] Checked if tokens are valid: true, expires at: 1757133151971
[debug] [2025-09-06T03:57:26.349Z] >>> [apiv2][query] GET https://cloudfunctions.googleapis.com/v2/projects/yapyap-a750c/locations/asia-east1/operations/operation-1757131049189-63e19f402c121-db9fe88d-52ab68ce [none]
[debug] [2025-09-06T03:57:26.507Z] <<< [apiv2][status] GET https://cloudfunctions.googleapis.com/v2/projects/yapyap-a750c/locations/asia-east1/operations/operation-1757131049353-63e19f405428c-e8e254d7-69962015 200
[debug] [2025-09-06T03:57:26.507Z] <<< [apiv2][body] GET https://cloudfunctions.googleapis.com/v2/projects/yapyap-a750c/locations/asia-east1/operations/operation-1757131049353-63e19f405428c-e8e254d7-69962015 {"name":"projects/yapyap-a750c/locations/asia-east1/operations/operation-1757131049353-63e19f405428c-e8e254d7-69962015","metadata":{"@type":"type.googleapis.com/google.cloud.functions.v2.OperationMetadata","createTime":"2025-09-06T03:57:30.687011721Z","target":"projects/yapyap-a750c/locations/asia-east1/functions/castVote","verb":"update","cancelRequested":false,"apiVersion":"v2","requestResource":{"@type":"type.googleapis.com/google.cloud.functions.v2.Function","name":"projects/yapyap-a750c/locations/asia-east1/functions/castVote","buildConfig":{"runtime":"nodejs20","entryPoint":"castVote","source":{"storageSource":{"bucket":"gcf-v2-sources-175735257281-asia-east1","object":"castVote/function-source.zip","generation":"1757131050637431"}},"environmentVariables":{"GOOGLE_NODE_RUN_SCRIPTS":""},"dockerRepository":"projects/yapyap-a750c/locations/asia-east1/repositories/gcf-artifacts","sourceProvenance":{"resolvedStorageSource":{"bucket":"gcf-v2-sources-175735257281-asia-east1","object":"castVote/function-source.zip","generation":"1754928477019272"}},"dockerRegistry":"ARTIFACT_REGISTRY","serviceAccount":"projects/yapyap-a750c/serviceAccounts/175735257281-compute@developer.gserviceaccount.com","automaticUpdatePolicy":{}},"serviceConfig":{"service":"projects/yapyap-a750c/locations/asia-east1/services/castvote","timeoutSeconds":60,"environmentVariables":{"FIREBASE_CONFIG":"{\"projectId\":\"yapyap-a750c\",\"storageBucket\":\"yapyap-a750c.firebasestorage.app\"}","GCLOUD_PROJECT":"yapyap-a750c","EVENTARC_CLOUD_EVENT_SOURCE":"projects/yapyap-a750c/locations/asia-east1/services/castVote","FUNCTION_TARGET":"castVote","LOG_EXECUTION_ID":"true"},"ingressSettings":"ALLOW_ALL","uri":"https://castvote-tk66pv64oq-de.a.run.app","serviceAccountEmail":"175735257281-compute@developer.gserviceaccount.com","availableMemory":"256Mi","allTrafficOnLatestRevision":true,"revision":"castvote-00001-seh","maxInstanceRequestConcurrency":80,"availableCpu":"1"},"state":"ACTIVE","labels":{"deployment-tool":"cli-firebase","deployment-callable":"true","firebase-functions-hash":"0792cccb6a21bad3439ca30b7e741974848552c7"},"environment":"GEN_2","url":"https://asia-east1-yapyap-a750c.cloudfunctions.net/castVote","satisfiesPzi":true},"stages":[{"name":"BUILD","state":"NOT_STARTED"},{"name":"SERVICE","state":"NOT_STARTED"}],"operationType":"UPDATE_FUNCTION"},"done":false}
[debug] [2025-09-06T03:57:26.516Z] <<< [apiv2][status] GET https://cloudfunctions.googleapis.com/v2/projects/yapyap-a750c/locations/asia-east1/operations/operation-1757131049189-63e19f402c121-db9fe88d-52ab68ce 200
[debug] [2025-09-06T03:57:26.516Z] <<< [apiv2][body] GET https://cloudfunctions.googleapis.com/v2/projects/yapyap-a750c/locations/asia-east1/operations/operation-1757131049189-63e19f402c121-db9fe88d-52ab68ce {"name":"projects/yapyap-a750c/locations/asia-east1/operations/operation-1757131049189-63e19f402c121-db9fe88d-52ab68ce","metadata":{"@type":"type.googleapis.com/google.cloud.functions.v2.OperationMetadata","createTime":"2025-09-06T03:57:30.708629837Z","target":"projects/yapyap-a750c/locations/asia-east1/functions/bumpCommentCountOnDelete","verb":"update","cancelRequested":false,"apiVersion":"v2","requestResource":{"@type":"type.googleapis.com/google.cloud.functions.v2.Function","name":"projects/yapyap-a750c/locations/asia-east1/functions/bumpCommentCountOnDelete","buildConfig":{"runtime":"nodejs20","entryPoint":"bumpCommentCountOnDelete","source":{"storageSource":{"bucket":"gcf-v2-sources-175735257281-asia-east1","object":"bumpCommentCountOnDelete/function-source.zip","generation":"1757131050644399"}},"environmentVariables":{"GOOGLE_NODE_RUN_SCRIPTS":""},"dockerRepository":"projects/yapyap-a750c/locations/asia-east1/repositories/gcf-artifacts","sourceProvenance":{"resolvedStorageSource":{"bucket":"gcf-v2-sources-175735257281-asia-east1","object":"bumpCommentCountOnDelete/function-source.zip","generation":"1754928535301095"}},"dockerRegistry":"ARTIFACT_REGISTRY","serviceAccount":"projects/yapyap-a750c/serviceAccounts/175735257281-compute@developer.gserviceaccount.com","automaticUpdatePolicy":{}},"serviceConfig":{"service":"projects/yapyap-a750c/locations/asia-east1/services/bumpcommentcountondelete","timeoutSeconds":60,"environmentVariables":{"FIREBASE_CONFIG":"{\"projectId\":\"yapyap-a750c\",\"storageBucket\":\"yapyap-a750c.firebasestorage.app\"}","GCLOUD_PROJECT":"yapyap-a750c","EVENTARC_CLOUD_EVENT_SOURCE":"projects/yapyap-a750c/locations/asia-east1/services/bumpCommentCountOnDelete","FUNCTION_SIGNATURE_TYPE":"cloudevent","FUNCTION_TARGET":"bumpCommentCountOnDelete","LOG_EXECUTION_ID":"true"},"ingressSettings":"ALLOW_ALL","uri":"https://bumpcommentcountondelete-tk66pv64oq-de.a.run.app","serviceAccountEmail":"175735257281-compute@developer.gserviceaccount.com","availableMemory":"256Mi","allTrafficOnLatestRevision":true,"revision":"bumpcommentcountondelete-00002-bub","maxInstanceRequestConcurrency":80,"availableCpu":"1"},"eventTrigger":{"trigger":"projects/yapyap-a750c/locations/asia-east1/triggers/bumpcommentcountondelete-473047","triggerRegion":"asia-east1","eventType":"google.cloud.firestore.document.v1.deleted","eventFilters":[{"attribute":"database","value":"(default)"},{"attribute":"namespace","value":"(default)"},{"attribute":"document","value":"posts/{postId}/comments/{commentId}","operator":"match-path-pattern"}],"pubsubTopic":"projects/yapyap-a750c/topics/eventarc-asia-east1-bumpcommentcountondelete-473047-014","serviceAccountEmail":"175735257281-compute@developer.gserviceaccount.com","retryPolicy":"RETRY_POLICY_DO_NOT_RETRY"},"state":"ACTIVE","labels":{"deployment-tool":"cli-firebase","firebase-functions-hash":"0792cccb6a21bad3439ca30b7e741974848552c7"},"environment":"GEN_2","url":"https://asia-east1-yapyap-a750c.cloudfunctions.net/bumpCommentCountOnDelete","satisfiesPzi":true},"stages":[{"name":"BUILD","state":"NOT_STARTED"},{"name":"SERVICE","state":"NOT_STARTED"},{"name":"TRIGGER","state":"NOT_STARTED"}],"operationType":"UPDATE_FUNCTION"},"done":false}
[debug] [2025-09-06T03:57:27.009Z] [update-default-asia-east1-castVote] Retrying task index 0
[debug] [2025-09-06T03:57:27.009Z] Checked if tokens are valid: true, expires at: 1757133151971
[debug] [2025-09-06T03:57:27.009Z] Checked if tokens are valid: true, expires at: 1757133151971
[debug] [2025-09-06T03:57:27.009Z] >>> [apiv2][query] GET https://cloudfunctions.googleapis.com/v2/projects/yapyap-a750c/locations/asia-east1/operations/operation-1757131049353-63e19f405428c-e8e254d7-69962015 [none]
[debug] [2025-09-06T03:57:27.017Z] [update-default-asia-east1-bumpCommentCountOnDelete] Retrying task index 0
[debug] [2025-09-06T03:57:27.017Z] Checked if tokens are valid: true, expires at: 1757133151971
[debug] [2025-09-06T03:57:27.017Z] Checked if tokens are valid: true, expires at: 1757133151971
[debug] [2025-09-06T03:57:27.017Z] >>> [apiv2][query] GET https://cloudfunctions.googleapis.com/v2/projects/yapyap-a750c/locations/asia-east1/operations/operation-1757131049189-63e19f402c121-db9fe88d-52ab68ce [none]
[debug] [2025-09-06T03:57:27.059Z] <<< [apiv2][status] GET https://cloudfunctions.googleapis.com/v2/projects/yapyap-a750c/locations/asia-east1/operations/operation-1757131049189-63e19f402c121-db9fe88d-52ab68ce 200
[debug] [2025-09-06T03:57:27.059Z] <<< [apiv2][body] GET https://cloudfunctions.googleapis.com/v2/projects/yapyap-a750c/locations/asia-east1/operations/operation-1757131049189-63e19f402c121-db9fe88d-52ab68ce {"name":"projects/yapyap-a750c/locations/asia-east1/operations/operation-1757131049189-63e19f402c121-db9fe88d-52ab68ce","metadata":{"@type":"type.googleapis.com/google.cloud.functions.v2.OperationMetadata","createTime":"2025-09-06T03:57:30.708629837Z","target":"projects/yapyap-a750c/locations/asia-east1/functions/bumpCommentCountOnDelete","verb":"update","cancelRequested":false,"apiVersion":"v2","requestResource":{"@type":"type.googleapis.com/google.cloud.functions.v2.Function","name":"projects/yapyap-a750c/locations/asia-east1/functions/bumpCommentCountOnDelete","buildConfig":{"runtime":"nodejs20","entryPoint":"bumpCommentCountOnDelete","source":{"storageSource":{"bucket":"gcf-v2-sources-175735257281-asia-east1","object":"bumpCommentCountOnDelete/function-source.zip","generation":"1757131050644399"}},"environmentVariables":{"GOOGLE_NODE_RUN_SCRIPTS":""},"dockerRepository":"projects/yapyap-a750c/locations/asia-east1/repositories/gcf-artifacts","sourceProvenance":{"resolvedStorageSource":{"bucket":"gcf-v2-sources-175735257281-asia-east1","object":"bumpCommentCountOnDelete/function-source.zip","generation":"1754928535301095"}},"dockerRegistry":"ARTIFACT_REGISTRY","serviceAccount":"projects/yapyap-a750c/serviceAccounts/175735257281-compute@developer.gserviceaccount.com","automaticUpdatePolicy":{}},"serviceConfig":{"service":"projects/yapyap-a750c/locations/asia-east1/services/bumpcommentcountondelete","timeoutSeconds":60,"environmentVariables":{"FIREBASE_CONFIG":"{\"projectId\":\"yapyap-a750c\",\"storageBucket\":\"yapyap-a750c.firebasestorage.app\"}","GCLOUD_PROJECT":"yapyap-a750c","EVENTARC_CLOUD_EVENT_SOURCE":"projects/yapyap-a750c/locations/asia-east1/services/bumpCommentCountOnDelete","FUNCTION_SIGNATURE_TYPE":"cloudevent","FUNCTION_TARGET":"bumpCommentCountOnDelete","LOG_EXECUTION_ID":"true"},"ingressSettings":"ALLOW_ALL","uri":"https://bumpcommentcountondelete-tk66pv64oq-de.a.run.app","serviceAccountEmail":"175735257281-compute@developer.gserviceaccount.com","availableMemory":"256Mi","allTrafficOnLatestRevision":true,"revision":"bumpcommentcountondelete-00002-bub","maxInstanceRequestConcurrency":80,"availableCpu":"1"},"eventTrigger":{"trigger":"projects/yapyap-a750c/locations/asia-east1/triggers/bumpcommentcountondelete-473047","triggerRegion":"asia-east1","eventType":"google.cloud.firestore.document.v1.deleted","eventFilters":[{"attribute":"database","value":"(default)"},{"attribute":"namespace","value":"(default)"},{"attribute":"document","value":"posts/{postId}/comments/{commentId}","operator":"match-path-pattern"}],"pubsubTopic":"projects/yapyap-a750c/topics/eventarc-asia-east1-bumpcommentcountondelete-473047-014","serviceAccountEmail":"175735257281-compute@developer.gserviceaccount.com","retryPolicy":"RETRY_POLICY_DO_NOT_RETRY"},"state":"ACTIVE","labels":{"deployment-tool":"cli-firebase","firebase-functions-hash":"0792cccb6a21bad3439ca30b7e741974848552c7"},"environment":"GEN_2","url":"https://asia-east1-yapyap-a750c.cloudfunctions.net/bumpCommentCountOnDelete","satisfiesPzi":true},"stages":[{"name":"BUILD","state":"NOT_STARTED"},{"name":"SERVICE","state":"NOT_STARTED"},{"name":"TRIGGER","state":"NOT_STARTED"}],"operationType":"UPDATE_FUNCTION"},"done":false}
[debug] [2025-09-06T03:57:27.073Z] <<< [apiv2][status] GET https://cloudfunctions.googleapis.com/v2/projects/yapyap-a750c/locations/asia-east1/operations/operation-1757131049353-63e19f405428c-e8e254d7-69962015 200
[debug] [2025-09-06T03:57:27.074Z] <<< [apiv2][body] GET https://cloudfunctions.googleapis.com/v2/projects/yapyap-a750c/locations/asia-east1/operations/operation-1757131049353-63e19f405428c-e8e254d7-69962015 {"name":"projects/yapyap-a750c/locations/asia-east1/operations/operation-1757131049353-63e19f405428c-e8e254d7-69962015","metadata":{"@type":"type.googleapis.com/google.cloud.functions.v2.OperationMetadata","createTime":"2025-09-06T03:57:30.687011721Z","target":"projects/yapyap-a750c/locations/asia-east1/functions/castVote","verb":"update","cancelRequested":false,"apiVersion":"v2","requestResource":{"@type":"type.googleapis.com/google.cloud.functions.v2.Function","name":"projects/yapyap-a750c/locations/asia-east1/functions/castVote","buildConfig":{"runtime":"nodejs20","entryPoint":"castVote","source":{"storageSource":{"bucket":"gcf-v2-sources-175735257281-asia-east1","object":"castVote/function-source.zip","generation":"1757131050637431"}},"environmentVariables":{"GOOGLE_NODE_RUN_SCRIPTS":""},"dockerRepository":"projects/yapyap-a750c/locations/asia-east1/repositories/gcf-artifacts","sourceProvenance":{"resolvedStorageSource":{"bucket":"gcf-v2-sources-175735257281-asia-east1","object":"castVote/function-source.zip","generation":"1754928477019272"}},"dockerRegistry":"ARTIFACT_REGISTRY","serviceAccount":"projects/yapyap-a750c/serviceAccounts/175735257281-compute@developer.gserviceaccount.com","automaticUpdatePolicy":{}},"serviceConfig":{"service":"projects/yapyap-a750c/locations/asia-east1/services/castvote","timeoutSeconds":60,"environmentVariables":{"FIREBASE_CONFIG":"{\"projectId\":\"yapyap-a750c\",\"storageBucket\":\"yapyap-a750c.firebasestorage.app\"}","GCLOUD_PROJECT":"yapyap-a750c","EVENTARC_CLOUD_EVENT_SOURCE":"projects/yapyap-a750c/locations/asia-east1/services/castVote","FUNCTION_TARGET":"castVote","LOG_EXECUTION_ID":"true"},"ingressSettings":"ALLOW_ALL","uri":"https://castvote-tk66pv64oq-de.a.run.app","serviceAccountEmail":"175735257281-compute@developer.gserviceaccount.com","availableMemory":"256Mi","allTrafficOnLatestRevision":true,"revision":"castvote-00001-seh","maxInstanceRequestConcurrency":80,"availableCpu":"1"},"state":"ACTIVE","labels":{"deployment-tool":"cli-firebase","deployment-callable":"true","firebase-functions-hash":"0792cccb6a21bad3439ca30b7e741974848552c7"},"environment":"GEN_2","url":"https://asia-east1-yapyap-a750c.cloudfunctions.net/castVote","satisfiesPzi":true},"stages":[{"name":"BUILD","state":"NOT_STARTED"},{"name":"SERVICE","state":"NOT_STARTED"}],"operationType":"UPDATE_FUNCTION"},"done":false}
[debug] [2025-09-06T03:57:28.059Z] [update-default-asia-east1-bumpCommentCountOnDelete] Retrying task index 0
[debug] [2025-09-06T03:57:28.060Z] Checked if tokens are valid: true, expires at: 1757133151971
[debug] [2025-09-06T03:57:28.060Z] Checked if tokens are valid: true, expires at: 1757133151971
[debug] [2025-09-06T03:57:28.060Z] >>> [apiv2][query] GET https://cloudfunctions.googleapis.com/v2/projects/yapyap-a750c/locations/asia-east1/operations/operation-1757131049189-63e19f402c121-db9fe88d-52ab68ce [none]
[debug] [2025-09-06T03:57:28.076Z] [update-default-asia-east1-castVote] Retrying task index 0
[debug] [2025-09-06T03:57:28.076Z] Checked if tokens are valid: true, expires at: 1757133151971
[debug] [2025-09-06T03:57:28.076Z] Checked if tokens are valid: true, expires at: 1757133151971
[debug] [2025-09-06T03:57:28.077Z] >>> [apiv2][query] GET https://cloudfunctions.googleapis.com/v2/projects/yapyap-a750c/locations/asia-east1/operations/operation-1757131049353-63e19f405428c-e8e254d7-69962015 [none]
[debug] [2025-09-06T03:57:28.114Z] <<< [apiv2][status] GET https://cloudfunctions.googleapis.com/v2/projects/yapyap-a750c/locations/asia-east1/operations/operation-1757131049189-63e19f402c121-db9fe88d-52ab68ce 200
[debug] [2025-09-06T03:57:28.114Z] <<< [apiv2][body] GET https://cloudfunctions.googleapis.com/v2/projects/yapyap-a750c/locations/asia-east1/operations/operation-1757131049189-63e19f402c121-db9fe88d-52ab68ce {"name":"projects/yapyap-a750c/locations/asia-east1/operations/operation-1757131049189-63e19f402c121-db9fe88d-52ab68ce","metadata":{"@type":"type.googleapis.com/google.cloud.functions.v2.OperationMetadata","createTime":"2025-09-06T03:57:30.708629837Z","target":"projects/yapyap-a750c/locations/asia-east1/functions/bumpCommentCountOnDelete","verb":"update","cancelRequested":false,"apiVersion":"v2","requestResource":{"@type":"type.googleapis.com/google.cloud.functions.v2.Function","name":"projects/yapyap-a750c/locations/asia-east1/functions/bumpCommentCountOnDelete","buildConfig":{"runtime":"nodejs20","entryPoint":"bumpCommentCountOnDelete","source":{"storageSource":{"bucket":"gcf-v2-sources-175735257281-asia-east1","object":"bumpCommentCountOnDelete/function-source.zip","generation":"1757131050644399"}},"environmentVariables":{"GOOGLE_NODE_RUN_SCRIPTS":""},"dockerRepository":"projects/yapyap-a750c/locations/asia-east1/repositories/gcf-artifacts","sourceProvenance":{"resolvedStorageSource":{"bucket":"gcf-v2-sources-175735257281-asia-east1","object":"bumpCommentCountOnDelete/function-source.zip","generation":"1754928535301095"}},"dockerRegistry":"ARTIFACT_REGISTRY","serviceAccount":"projects/yapyap-a750c/serviceAccounts/175735257281-compute@developer.gserviceaccount.com","automaticUpdatePolicy":{}},"serviceConfig":{"service":"projects/yapyap-a750c/locations/asia-east1/services/bumpcommentcountondelete","timeoutSeconds":60,"environmentVariables":{"FIREBASE_CONFIG":"{\"projectId\":\"yapyap-a750c\",\"storageBucket\":\"yapyap-a750c.firebasestorage.app\"}","GCLOUD_PROJECT":"yapyap-a750c","EVENTARC_CLOUD_EVENT_SOURCE":"projects/yapyap-a750c/locations/asia-east1/services/bumpCommentCountOnDelete","FUNCTION_SIGNATURE_TYPE":"cloudevent","FUNCTION_TARGET":"bumpCommentCountOnDelete","LOG_EXECUTION_ID":"true"},"ingressSettings":"ALLOW_ALL","uri":"https://bumpcommentcountondelete-tk66pv64oq-de.a.run.app","serviceAccountEmail":"175735257281-compute@developer.gserviceaccount.com","availableMemory":"256Mi","allTrafficOnLatestRevision":true,"revision":"bumpcommentcountondelete-00002-bub","maxInstanceRequestConcurrency":80,"availableCpu":"1"},"eventTrigger":{"trigger":"projects/yapyap-a750c/locations/asia-east1/triggers/bumpcommentcountondelete-473047","triggerRegion":"asia-east1","eventType":"google.cloud.firestore.document.v1.deleted","eventFilters":[{"attribute":"database","value":"(default)"},{"attribute":"namespace","value":"(default)"},{"attribute":"document","value":"posts/{postId}/comments/{commentId}","operator":"match-path-pattern"}],"pubsubTopic":"projects/yapyap-a750c/topics/eventarc-asia-east1-bumpcommentcountondelete-473047-014","serviceAccountEmail":"175735257281-compute@developer.gserviceaccount.com","retryPolicy":"RETRY_POLICY_DO_NOT_RETRY"},"state":"ACTIVE","labels":{"deployment-tool":"cli-firebase","firebase-functions-hash":"0792cccb6a21bad3439ca30b7e741974848552c7"},"environment":"GEN_2","url":"https://asia-east1-yapyap-a750c.cloudfunctions.net/bumpCommentCountOnDelete","satisfiesPzi":true},"stages":[{"name":"BUILD","message":"Creating build","state":"IN_PROGRESS","resource":"projects/175735257281/locations/asia-east1/builds/bbfa543a-0447-4b70-a1fd-d8dab243430a","resourceUri":"https://console.cloud.google.com/cloud-build/builds;region=asia-east1/bbfa543a-0447-4b70-a1fd-d8dab243430a?project=175735257281"},{"name":"SERVICE","state":"NOT_STARTED"},{"name":"TRIGGER","state":"NOT_STARTED"}],"operationType":"UPDATE_FUNCTION","buildName":"projects/175735257281/locations/asia-east1/builds/bbfa543a-0447-4b70-a1fd-d8dab243430a"},"done":false}
[debug] [2025-09-06T03:57:28.130Z] <<< [apiv2][status] GET https://cloudfunctions.googleapis.com/v2/projects/yapyap-a750c/locations/asia-east1/operations/operation-1757131049353-63e19f405428c-e8e254d7-69962015 200
[debug] [2025-09-06T03:57:28.130Z] <<< [apiv2][body] GET https://cloudfunctions.googleapis.com/v2/projects/yapyap-a750c/locations/asia-east1/operations/operation-1757131049353-63e19f405428c-e8e254d7-69962015 {"name":"projects/yapyap-a750c/locations/asia-east1/operations/operation-1757131049353-63e19f405428c-e8e254d7-69962015","metadata":{"@type":"type.googleapis.com/google.cloud.functions.v2.OperationMetadata","createTime":"2025-09-06T03:57:30.687011721Z","target":"projects/yapyap-a750c/locations/asia-east1/functions/castVote","verb":"update","cancelRequested":false,"apiVersion":"v2","requestResource":{"@type":"type.googleapis.com/google.cloud.functions.v2.Function","name":"projects/yapyap-a750c/locations/asia-east1/functions/castVote","buildConfig":{"runtime":"nodejs20","entryPoint":"castVote","source":{"storageSource":{"bucket":"gcf-v2-sources-175735257281-asia-east1","object":"castVote/function-source.zip","generation":"1757131050637431"}},"environmentVariables":{"GOOGLE_NODE_RUN_SCRIPTS":""},"dockerRepository":"projects/yapyap-a750c/locations/asia-east1/repositories/gcf-artifacts","sourceProvenance":{"resolvedStorageSource":{"bucket":"gcf-v2-sources-175735257281-asia-east1","object":"castVote/function-source.zip","generation":"1754928477019272"}},"dockerRegistry":"ARTIFACT_REGISTRY","serviceAccount":"projects/yapyap-a750c/serviceAccounts/175735257281-compute@developer.gserviceaccount.com","automaticUpdatePolicy":{}},"serviceConfig":{"service":"projects/yapyap-a750c/locations/asia-east1/services/castvote","timeoutSeconds":60,"environmentVariables":{"FIREBASE_CONFIG":"{\"projectId\":\"yapyap-a750c\",\"storageBucket\":\"yapyap-a750c.firebasestorage.app\"}","GCLOUD_PROJECT":"yapyap-a750c","EVENTARC_CLOUD_EVENT_SOURCE":"projects/yapyap-a750c/locations/asia-east1/services/castVote","FUNCTION_TARGET":"castVote","LOG_EXECUTION_ID":"true"},"ingressSettings":"ALLOW_ALL","uri":"https://castvote-tk66pv64oq-de.a.run.app","serviceAccountEmail":"175735257281-compute@developer.gserviceaccount.com","availableMemory":"256Mi","allTrafficOnLatestRevision":true,"revision":"castvote-00001-seh","maxInstanceRequestConcurrency":80,"availableCpu":"1"},"state":"ACTIVE","labels":{"deployment-tool":"cli-firebase","deployment-callable":"true","firebase-functions-hash":"0792cccb6a21bad3439ca30b7e741974848552c7"},"environment":"GEN_2","url":"https://asia-east1-yapyap-a750c.cloudfunctions.net/castVote","satisfiesPzi":true},"stages":[{"name":"BUILD","message":"Build in progress","state":"IN_PROGRESS","resource":"projects/175735257281/locations/asia-east1/builds/94500304-2b7f-4f30-a078-28d020cd08a8","resourceUri":"https://console.cloud.google.com/cloud-build/builds;region=asia-east1/94500304-2b7f-4f30-a078-28d020cd08a8?project=175735257281"},{"name":"SERVICE","state":"NOT_STARTED"}],"operationType":"UPDATE_FUNCTION","buildName":"projects/175735257281/locations/asia-east1/builds/94500304-2b7f-4f30-a078-28d020cd08a8"},"done":false}
[debug] [2025-09-06T03:57:30.116Z] [update-default-asia-east1-bumpCommentCountOnDelete] Retrying task index 0
[debug] [2025-09-06T03:57:30.116Z] Checked if tokens are valid: true, expires at: 1757133151971
[debug] [2025-09-06T03:57:30.116Z] Checked if tokens are valid: true, expires at: 1757133151971
[debug] [2025-09-06T03:57:30.116Z] >>> [apiv2][query] GET https://cloudfunctions.googleapis.com/v2/projects/yapyap-a750c/locations/asia-east1/operations/operation-1757131049189-63e19f402c121-db9fe88d-52ab68ce [none]
[debug] [2025-09-06T03:57:30.131Z] [update-default-asia-east1-castVote] Retrying task index 0
[debug] [2025-09-06T03:57:30.131Z] Checked if tokens are valid: true, expires at: 1757133151971
[debug] [2025-09-06T03:57:30.131Z] Checked if tokens are valid: true, expires at: 1757133151971
[debug] [2025-09-06T03:57:30.132Z] >>> [apiv2][query] GET https://cloudfunctions.googleapis.com/v2/projects/yapyap-a750c/locations/asia-east1/operations/operation-1757131049353-63e19f405428c-e8e254d7-69962015 [none]
[debug] [2025-09-06T03:57:30.162Z] <<< [apiv2][status] GET https://cloudfunctions.googleapis.com/v2/projects/yapyap-a750c/locations/asia-east1/operations/operation-1757131049189-63e19f402c121-db9fe88d-52ab68ce 200
[debug] [2025-09-06T03:57:30.163Z] <<< [apiv2][body] GET https://cloudfunctions.googleapis.com/v2/projects/yapyap-a750c/locations/asia-east1/operations/operation-1757131049189-63e19f402c121-db9fe88d-52ab68ce {"name":"projects/yapyap-a750c/locations/asia-east1/operations/operation-1757131049189-63e19f402c121-db9fe88d-52ab68ce","metadata":{"@type":"type.googleapis.com/google.cloud.functions.v2.OperationMetadata","createTime":"2025-09-06T03:57:30.708629837Z","target":"projects/yapyap-a750c/locations/asia-east1/functions/bumpCommentCountOnDelete","verb":"update","cancelRequested":false,"apiVersion":"v2","requestResource":{"@type":"type.googleapis.com/google.cloud.functions.v2.Function","name":"projects/yapyap-a750c/locations/asia-east1/functions/bumpCommentCountOnDelete","buildConfig":{"runtime":"nodejs20","entryPoint":"bumpCommentCountOnDelete","source":{"storageSource":{"bucket":"gcf-v2-sources-175735257281-asia-east1","object":"bumpCommentCountOnDelete/function-source.zip","generation":"1757131050644399"}},"environmentVariables":{"GOOGLE_NODE_RUN_SCRIPTS":""},"dockerRepository":"projects/yapyap-a750c/locations/asia-east1/repositories/gcf-artifacts","sourceProvenance":{"resolvedStorageSource":{"bucket":"gcf-v2-sources-175735257281-asia-east1","object":"bumpCommentCountOnDelete/function-source.zip","generation":"1754928535301095"}},"dockerRegistry":"ARTIFACT_REGISTRY","serviceAccount":"projects/yapyap-a750c/serviceAccounts/175735257281-compute@developer.gserviceaccount.com","automaticUpdatePolicy":{}},"serviceConfig":{"service":"projects/yapyap-a750c/locations/asia-east1/services/bumpcommentcountondelete","timeoutSeconds":60,"environmentVariables":{"FIREBASE_CONFIG":"{\"projectId\":\"yapyap-a750c\",\"storageBucket\":\"yapyap-a750c.firebasestorage.app\"}","GCLOUD_PROJECT":"yapyap-a750c","EVENTARC_CLOUD_EVENT_SOURCE":"projects/yapyap-a750c/locations/asia-east1/services/bumpCommentCountOnDelete","FUNCTION_SIGNATURE_TYPE":"cloudevent","FUNCTION_TARGET":"bumpCommentCountOnDelete","LOG_EXECUTION_ID":"true"},"ingressSettings":"ALLOW_ALL","uri":"https://bumpcommentcountondelete-tk66pv64oq-de.a.run.app","serviceAccountEmail":"175735257281-compute@developer.gserviceaccount.com","availableMemory":"256Mi","allTrafficOnLatestRevision":true,"revision":"bumpcommentcountondelete-00002-bub","maxInstanceRequestConcurrency":80,"availableCpu":"1"},"eventTrigger":{"trigger":"projects/yapyap-a750c/locations/asia-east1/triggers/bumpcommentcountondelete-473047","triggerRegion":"asia-east1","eventType":"google.cloud.firestore.document.v1.deleted","eventFilters":[{"attribute":"database","value":"(default)"},{"attribute":"namespace","value":"(default)"},{"attribute":"document","value":"posts/{postId}/comments/{commentId}","operator":"match-path-pattern"}],"pubsubTopic":"projects/yapyap-a750c/topics/eventarc-asia-east1-bumpcommentcountondelete-473047-014","serviceAccountEmail":"175735257281-compute@developer.gserviceaccount.com","retryPolicy":"RETRY_POLICY_DO_NOT_RETRY"},"state":"ACTIVE","labels":{"deployment-tool":"cli-firebase","firebase-functions-hash":"0792cccb6a21bad3439ca30b7e741974848552c7"},"environment":"GEN_2","url":"https://asia-east1-yapyap-a750c.cloudfunctions.net/bumpCommentCountOnDelete","satisfiesPzi":true},"stages":[{"name":"BUILD","message":"Build in progress","state":"IN_PROGRESS","resource":"projects/175735257281/locations/asia-east1/builds/bbfa543a-0447-4b70-a1fd-d8dab243430a","resourceUri":"https://console.cloud.google.com/cloud-build/builds;region=asia-east1/bbfa543a-0447-4b70-a1fd-d8dab243430a?project=175735257281"},{"name":"SERVICE","state":"NOT_STARTED"},{"name":"TRIGGER","state":"NOT_STARTED"}],"operationType":"UPDATE_FUNCTION","buildName":"projects/175735257281/locations/asia-east1/builds/bbfa543a-0447-4b70-a1fd-d8dab243430a"},"done":false}
[debug] [2025-09-06T03:57:30.169Z] <<< [apiv2][status] GET https://cloudfunctions.googleapis.com/v2/projects/yapyap-a750c/locations/asia-east1/operations/operation-1757131049353-63e19f405428c-e8e254d7-69962015 200
[debug] [2025-09-06T03:57:30.169Z] <<< [apiv2][body] GET https://cloudfunctions.googleapis.com/v2/projects/yapyap-a750c/locations/asia-east1/operations/operation-1757131049353-63e19f405428c-e8e254d7-69962015 {"name":"projects/yapyap-a750c/locations/asia-east1/operations/operation-1757131049353-63e19f405428c-e8e254d7-69962015","metadata":{"@type":"type.googleapis.com/google.cloud.functions.v2.OperationMetadata","createTime":"2025-09-06T03:57:30.687011721Z","target":"projects/yapyap-a750c/locations/asia-east1/functions/castVote","verb":"update","cancelRequested":false,"apiVersion":"v2","requestResource":{"@type":"type.googleapis.com/google.cloud.functions.v2.Function","name":"projects/yapyap-a750c/locations/asia-east1/functions/castVote","buildConfig":{"runtime":"nodejs20","entryPoint":"castVote","source":{"storageSource":{"bucket":"gcf-v2-sources-175735257281-asia-east1","object":"castVote/function-source.zip","generation":"1757131050637431"}},"environmentVariables":{"GOOGLE_NODE_RUN_SCRIPTS":""},"dockerRepository":"projects/yapyap-a750c/locations/asia-east1/repositories/gcf-artifacts","sourceProvenance":{"resolvedStorageSource":{"bucket":"gcf-v2-sources-175735257281-asia-east1","object":"castVote/function-source.zip","generation":"1754928477019272"}},"dockerRegistry":"ARTIFACT_REGISTRY","serviceAccount":"projects/yapyap-a750c/serviceAccounts/175735257281-compute@developer.gserviceaccount.com","automaticUpdatePolicy":{}},"serviceConfig":{"service":"projects/yapyap-a750c/locations/asia-east1/services/castvote","timeoutSeconds":60,"environmentVariables":{"FIREBASE_CONFIG":"{\"projectId\":\"yapyap-a750c\",\"storageBucket\":\"yapyap-a750c.firebasestorage.app\"}","GCLOUD_PROJECT":"yapyap-a750c","EVENTARC_CLOUD_EVENT_SOURCE":"projects/yapyap-a750c/locations/asia-east1/services/castVote","FUNCTION_TARGET":"castVote","LOG_EXECUTION_ID":"true"},"ingressSettings":"ALLOW_ALL","uri":"https://castvote-tk66pv64oq-de.a.run.app","serviceAccountEmail":"175735257281-compute@developer.gserviceaccount.com","availableMemory":"256Mi","allTrafficOnLatestRevision":true,"revision":"castvote-00001-seh","maxInstanceRequestConcurrency":80,"availableCpu":"1"},"state":"ACTIVE","labels":{"deployment-tool":"cli-firebase","deployment-callable":"true","firebase-functions-hash":"0792cccb6a21bad3439ca30b7e741974848552c7"},"environment":"GEN_2","url":"https://asia-east1-yapyap-a750c.cloudfunctions.net/castVote","satisfiesPzi":true},"stages":[{"name":"BUILD","message":"Build in progress","state":"IN_PROGRESS","resource":"projects/175735257281/locations/asia-east1/builds/94500304-2b7f-4f30-a078-28d020cd08a8","resourceUri":"https://console.cloud.google.com/cloud-build/builds;region=asia-east1/94500304-2b7f-4f30-a078-28d020cd08a8?project=175735257281"},{"name":"SERVICE","state":"NOT_STARTED"}],"operationType":"UPDATE_FUNCTION","buildName":"projects/175735257281/locations/asia-east1/builds/94500304-2b7f-4f30-a078-28d020cd08a8"},"done":false}
[debug] [2025-09-06T03:57:34.164Z] [update-default-asia-east1-bumpCommentCountOnDelete] Retrying task index 0
[debug] [2025-09-06T03:57:34.165Z] Checked if tokens are valid: true, expires at: 1757133151971
[debug] [2025-09-06T03:57:34.165Z] Checked if tokens are valid: true, expires at: 1757133151971
[debug] [2025-09-06T03:57:34.165Z] >>> [apiv2][query] GET https://cloudfunctions.googleapis.com/v2/projects/yapyap-a750c/locations/asia-east1/operations/operation-1757131049189-63e19f402c121-db9fe88d-52ab68ce [none]
[debug] [2025-09-06T03:57:34.170Z] [update-default-asia-east1-castVote] Retrying task index 0
[debug] [2025-09-06T03:57:34.170Z] Checked if tokens are valid: true, expires at: 1757133151971
[debug] [2025-09-06T03:57:34.170Z] Checked if tokens are valid: true, expires at: 1757133151971
[debug] [2025-09-06T03:57:34.170Z] >>> [apiv2][query] GET https://cloudfunctions.googleapis.com/v2/projects/yapyap-a750c/locations/asia-east1/operations/operation-1757131049353-63e19f405428c-e8e254d7-69962015 [none]
[debug] [2025-09-06T03:57:34.212Z] <<< [apiv2][status] GET https://cloudfunctions.googleapis.com/v2/projects/yapyap-a750c/locations/asia-east1/operations/operation-1757131049189-63e19f402c121-db9fe88d-52ab68ce 200
[debug] [2025-09-06T03:57:34.212Z] <<< [apiv2][body] GET https://cloudfunctions.googleapis.com/v2/projects/yapyap-a750c/locations/asia-east1/operations/operation-1757131049189-63e19f402c121-db9fe88d-52ab68ce {"name":"projects/yapyap-a750c/locations/asia-east1/operations/operation-1757131049189-63e19f402c121-db9fe88d-52ab68ce","metadata":{"@type":"type.googleapis.com/google.cloud.functions.v2.OperationMetadata","createTime":"2025-09-06T03:57:30.708629837Z","target":"projects/yapyap-a750c/locations/asia-east1/functions/bumpCommentCountOnDelete","verb":"update","cancelRequested":false,"apiVersion":"v2","requestResource":{"@type":"type.googleapis.com/google.cloud.functions.v2.Function","name":"projects/yapyap-a750c/locations/asia-east1/functions/bumpCommentCountOnDelete","buildConfig":{"runtime":"nodejs20","entryPoint":"bumpCommentCountOnDelete","source":{"storageSource":{"bucket":"gcf-v2-sources-175735257281-asia-east1","object":"bumpCommentCountOnDelete/function-source.zip","generation":"1757131050644399"}},"environmentVariables":{"GOOGLE_NODE_RUN_SCRIPTS":""},"dockerRepository":"projects/yapyap-a750c/locations/asia-east1/repositories/gcf-artifacts","sourceProvenance":{"resolvedStorageSource":{"bucket":"gcf-v2-sources-175735257281-asia-east1","object":"bumpCommentCountOnDelete/function-source.zip","generation":"1754928535301095"}},"dockerRegistry":"ARTIFACT_REGISTRY","serviceAccount":"projects/yapyap-a750c/serviceAccounts/175735257281-compute@developer.gserviceaccount.com","automaticUpdatePolicy":{}},"serviceConfig":{"service":"projects/yapyap-a750c/locations/asia-east1/services/bumpcommentcountondelete","timeoutSeconds":60,"environmentVariables":{"FIREBASE_CONFIG":"{\"projectId\":\"yapyap-a750c\",\"storageBucket\":\"yapyap-a750c.firebasestorage.app\"}","GCLOUD_PROJECT":"yapyap-a750c","EVENTARC_CLOUD_EVENT_SOURCE":"projects/yapyap-a750c/locations/asia-east1/services/bumpCommentCountOnDelete","FUNCTION_SIGNATURE_TYPE":"cloudevent","FUNCTION_TARGET":"bumpCommentCountOnDelete","LOG_EXECUTION_ID":"true"},"ingressSettings":"ALLOW_ALL","uri":"https://bumpcommentcountondelete-tk66pv64oq-de.a.run.app","serviceAccountEmail":"175735257281-compute@developer.gserviceaccount.com","availableMemory":"256Mi","allTrafficOnLatestRevision":true,"revision":"bumpcommentcountondelete-00002-bub","maxInstanceRequestConcurrency":80,"availableCpu":"1"},"eventTrigger":{"trigger":"projects/yapyap-a750c/locations/asia-east1/triggers/bumpcommentcountondelete-473047","triggerRegion":"asia-east1","eventType":"google.cloud.firestore.document.v1.deleted","eventFilters":[{"attribute":"database","value":"(default)"},{"attribute":"namespace","value":"(default)"},{"attribute":"document","value":"posts/{postId}/comments/{commentId}","operator":"match-path-pattern"}],"pubsubTopic":"projects/yapyap-a750c/topics/eventarc-asia-east1-bumpcommentcountondelete-473047-014","serviceAccountEmail":"175735257281-compute@developer.gserviceaccount.com","retryPolicy":"RETRY_POLICY_DO_NOT_RETRY"},"state":"ACTIVE","labels":{"deployment-tool":"cli-firebase","firebase-functions-hash":"0792cccb6a21bad3439ca30b7e741974848552c7"},"environment":"GEN_2","url":"https://asia-east1-yapyap-a750c.cloudfunctions.net/bumpCommentCountOnDelete","satisfiesPzi":true},"stages":[{"name":"BUILD","message":"Build in progress","state":"IN_PROGRESS","resource":"projects/175735257281/locations/asia-east1/builds/bbfa543a-0447-4b70-a1fd-d8dab243430a","resourceUri":"https://console.cloud.google.com/cloud-build/builds;region=asia-east1/bbfa543a-0447-4b70-a1fd-d8dab243430a?project=175735257281"},{"name":"SERVICE","state":"NOT_STARTED"},{"name":"TRIGGER","state":"NOT_STARTED"}],"operationType":"UPDATE_FUNCTION","buildName":"projects/175735257281/locations/asia-east1/builds/bbfa543a-0447-4b70-a1fd-d8dab243430a"},"done":false}
[debug] [2025-09-06T03:57:34.231Z] <<< [apiv2][status] GET https://cloudfunctions.googleapis.com/v2/projects/yapyap-a750c/locations/asia-east1/operations/operation-1757131049353-63e19f405428c-e8e254d7-69962015 200
[debug] [2025-09-06T03:57:34.231Z] <<< [apiv2][body] GET https://cloudfunctions.googleapis.com/v2/projects/yapyap-a750c/locations/asia-east1/operations/operation-1757131049353-63e19f405428c-e8e254d7-69962015 {"name":"projects/yapyap-a750c/locations/asia-east1/operations/operation-1757131049353-63e19f405428c-e8e254d7-69962015","metadata":{"@type":"type.googleapis.com/google.cloud.functions.v2.OperationMetadata","createTime":"2025-09-06T03:57:30.687011721Z","target":"projects/yapyap-a750c/locations/asia-east1/functions/castVote","verb":"update","cancelRequested":false,"apiVersion":"v2","requestResource":{"@type":"type.googleapis.com/google.cloud.functions.v2.Function","name":"projects/yapyap-a750c/locations/asia-east1/functions/castVote","buildConfig":{"runtime":"nodejs20","entryPoint":"castVote","source":{"storageSource":{"bucket":"gcf-v2-sources-175735257281-asia-east1","object":"castVote/function-source.zip","generation":"1757131050637431"}},"environmentVariables":{"GOOGLE_NODE_RUN_SCRIPTS":""},"dockerRepository":"projects/yapyap-a750c/locations/asia-east1/repositories/gcf-artifacts","sourceProvenance":{"resolvedStorageSource":{"bucket":"gcf-v2-sources-175735257281-asia-east1","object":"castVote/function-source.zip","generation":"1754928477019272"}},"dockerRegistry":"ARTIFACT_REGISTRY","serviceAccount":"projects/yapyap-a750c/serviceAccounts/175735257281-compute@developer.gserviceaccount.com","automaticUpdatePolicy":{}},"serviceConfig":{"service":"projects/yapyap-a750c/locations/asia-east1/services/castvote","timeoutSeconds":60,"environmentVariables":{"FIREBASE_CONFIG":"{\"projectId\":\"yapyap-a750c\",\"storageBucket\":\"yapyap-a750c.firebasestorage.app\"}","GCLOUD_PROJECT":"yapyap-a750c","EVENTARC_CLOUD_EVENT_SOURCE":"projects/yapyap-a750c/locations/asia-east1/services/castVote","FUNCTION_TARGET":"castVote","LOG_EXECUTION_ID":"true"},"ingressSettings":"ALLOW_ALL","uri":"https://castvote-tk66pv64oq-de.a.run.app","serviceAccountEmail":"175735257281-compute@developer.gserviceaccount.com","availableMemory":"256Mi","allTrafficOnLatestRevision":true,"revision":"castvote-00001-seh","maxInstanceRequestConcurrency":80,"availableCpu":"1"},"state":"ACTIVE","labels":{"deployment-tool":"cli-firebase","deployment-callable":"true","firebase-functions-hash":"0792cccb6a21bad3439ca30b7e741974848552c7"},"environment":"GEN_2","url":"https://asia-east1-yapyap-a750c.cloudfunctions.net/castVote","satisfiesPzi":true},"stages":[{"name":"BUILD","message":"Build in progress","state":"IN_PROGRESS","resource":"projects/175735257281/locations/asia-east1/builds/94500304-2b7f-4f30-a078-28d020cd08a8","resourceUri":"https://console.cloud.google.com/cloud-build/builds;region=asia-east1/94500304-2b7f-4f30-a078-28d020cd08a8?project=175735257281"},{"name":"SERVICE","state":"NOT_STARTED"}],"operationType":"UPDATE_FUNCTION","buildName":"projects/175735257281/locations/asia-east1/builds/94500304-2b7f-4f30-a078-28d020cd08a8"},"done":false}
[debug] [2025-09-06T03:57:42.213Z] [update-default-asia-east1-bumpCommentCountOnDelete] Retrying task index 0
[debug] [2025-09-06T03:57:42.214Z] Checked if tokens are valid: true, expires at: 1757133151971
[debug] [2025-09-06T03:57:42.214Z] Checked if tokens are valid: true, expires at: 1757133151971
[debug] [2025-09-06T03:57:42.214Z] >>> [apiv2][query] GET https://cloudfunctions.googleapis.com/v2/projects/yapyap-a750c/locations/asia-east1/operations/operation-1757131049189-63e19f402c121-db9fe88d-52ab68ce [none]
[debug] [2025-09-06T03:57:42.232Z] [update-default-asia-east1-castVote] Retrying task index 0
[debug] [2025-09-06T03:57:42.232Z] Checked if tokens are valid: true, expires at: 1757133151971
[debug] [2025-09-06T03:57:42.233Z] Checked if tokens are valid: true, expires at: 1757133151971
[debug] [2025-09-06T03:57:42.233Z] >>> [apiv2][query] GET https://cloudfunctions.googleapis.com/v2/projects/yapyap-a750c/locations/asia-east1/operations/operation-1757131049353-63e19f405428c-e8e254d7-69962015 [none]
[debug] [2025-09-06T03:57:42.323Z] <<< [apiv2][status] GET https://cloudfunctions.googleapis.com/v2/projects/yapyap-a750c/locations/asia-east1/operations/operation-1757131049353-63e19f405428c-e8e254d7-69962015 200
[debug] [2025-09-06T03:57:42.323Z] <<< [apiv2][body] GET https://cloudfunctions.googleapis.com/v2/projects/yapyap-a750c/locations/asia-east1/operations/operation-1757131049353-63e19f405428c-e8e254d7-69962015 {"name":"projects/yapyap-a750c/locations/asia-east1/operations/operation-1757131049353-63e19f405428c-e8e254d7-69962015","metadata":{"@type":"type.googleapis.com/google.cloud.functions.v2.OperationMetadata","createTime":"2025-09-06T03:57:30.687011721Z","target":"projects/yapyap-a750c/locations/asia-east1/functions/castVote","verb":"update","cancelRequested":false,"apiVersion":"v2","requestResource":{"@type":"type.googleapis.com/google.cloud.functions.v2.Function","name":"projects/yapyap-a750c/locations/asia-east1/functions/castVote","buildConfig":{"runtime":"nodejs20","entryPoint":"castVote","source":{"storageSource":{"bucket":"gcf-v2-sources-175735257281-asia-east1","object":"castVote/function-source.zip","generation":"1757131050637431"}},"environmentVariables":{"GOOGLE_NODE_RUN_SCRIPTS":""},"dockerRepository":"projects/yapyap-a750c/locations/asia-east1/repositories/gcf-artifacts","sourceProvenance":{"resolvedStorageSource":{"bucket":"gcf-v2-sources-175735257281-asia-east1","object":"castVote/function-source.zip","generation":"1754928477019272"}},"dockerRegistry":"ARTIFACT_REGISTRY","serviceAccount":"projects/yapyap-a750c/serviceAccounts/175735257281-compute@developer.gserviceaccount.com","automaticUpdatePolicy":{}},"serviceConfig":{"service":"projects/yapyap-a750c/locations/asia-east1/services/castvote","timeoutSeconds":60,"environmentVariables":{"FIREBASE_CONFIG":"{\"projectId\":\"yapyap-a750c\",\"storageBucket\":\"yapyap-a750c.firebasestorage.app\"}","GCLOUD_PROJECT":"yapyap-a750c","EVENTARC_CLOUD_EVENT_SOURCE":"projects/yapyap-a750c/locations/asia-east1/services/castVote","FUNCTION_TARGET":"castVote","LOG_EXECUTION_ID":"true"},"ingressSettings":"ALLOW_ALL","uri":"https://castvote-tk66pv64oq-de.a.run.app","serviceAccountEmail":"175735257281-compute@developer.gserviceaccount.com","availableMemory":"256Mi","allTrafficOnLatestRevision":true,"revision":"castvote-00001-seh","maxInstanceRequestConcurrency":80,"availableCpu":"1"},"state":"ACTIVE","labels":{"deployment-tool":"cli-firebase","deployment-callable":"true","firebase-functions-hash":"0792cccb6a21bad3439ca30b7e741974848552c7"},"environment":"GEN_2","url":"https://asia-east1-yapyap-a750c.cloudfunctions.net/castVote","satisfiesPzi":true},"stages":[{"name":"BUILD","message":"Build in progress","state":"IN_PROGRESS","resource":"projects/175735257281/locations/asia-east1/builds/94500304-2b7f-4f30-a078-28d020cd08a8","resourceUri":"https://console.cloud.google.com/cloud-build/builds;region=asia-east1/94500304-2b7f-4f30-a078-28d020cd08a8?project=175735257281"},{"name":"SERVICE","state":"NOT_STARTED"}],"operationType":"UPDATE_FUNCTION","buildName":"projects/175735257281/locations/asia-east1/builds/94500304-2b7f-4f30-a078-28d020cd08a8"},"done":false}
[debug] [2025-09-06T03:57:42.324Z] <<< [apiv2][status] GET https://cloudfunctions.googleapis.com/v2/projects/yapyap-a750c/locations/asia-east1/operations/operation-1757131049189-63e19f402c121-db9fe88d-52ab68ce 200
[debug] [2025-09-06T03:57:42.325Z] <<< [apiv2][body] GET https://cloudfunctions.googleapis.com/v2/projects/yapyap-a750c/locations/asia-east1/operations/operation-1757131049189-63e19f402c121-db9fe88d-52ab68ce {"name":"projects/yapyap-a750c/locations/asia-east1/operations/operation-1757131049189-63e19f402c121-db9fe88d-52ab68ce","metadata":{"@type":"type.googleapis.com/google.cloud.functions.v2.OperationMetadata","createTime":"2025-09-06T03:57:30.708629837Z","target":"projects/yapyap-a750c/locations/asia-east1/functions/bumpCommentCountOnDelete","verb":"update","cancelRequested":false,"apiVersion":"v2","requestResource":{"@type":"type.googleapis.com/google.cloud.functions.v2.Function","name":"projects/yapyap-a750c/locations/asia-east1/functions/bumpCommentCountOnDelete","buildConfig":{"runtime":"nodejs20","entryPoint":"bumpCommentCountOnDelete","source":{"storageSource":{"bucket":"gcf-v2-sources-175735257281-asia-east1","object":"bumpCommentCountOnDelete/function-source.zip","generation":"1757131050644399"}},"environmentVariables":{"GOOGLE_NODE_RUN_SCRIPTS":""},"dockerRepository":"projects/yapyap-a750c/locations/asia-east1/repositories/gcf-artifacts","sourceProvenance":{"resolvedStorageSource":{"bucket":"gcf-v2-sources-175735257281-asia-east1","object":"bumpCommentCountOnDelete/function-source.zip","generation":"1754928535301095"}},"dockerRegistry":"ARTIFACT_REGISTRY","serviceAccount":"projects/yapyap-a750c/serviceAccounts/175735257281-compute@developer.gserviceaccount.com","automaticUpdatePolicy":{}},"serviceConfig":{"service":"projects/yapyap-a750c/locations/asia-east1/services/bumpcommentcountondelete","timeoutSeconds":60,"environmentVariables":{"FIREBASE_CONFIG":"{\"projectId\":\"yapyap-a750c\",\"storageBucket\":\"yapyap-a750c.firebasestorage.app\"}","GCLOUD_PROJECT":"yapyap-a750c","EVENTARC_CLOUD_EVENT_SOURCE":"projects/yapyap-a750c/locations/asia-east1/services/bumpCommentCountOnDelete","FUNCTION_SIGNATURE_TYPE":"cloudevent","FUNCTION_TARGET":"bumpCommentCountOnDelete","LOG_EXECUTION_ID":"true"},"ingressSettings":"ALLOW_ALL","uri":"https://bumpcommentcountondelete-tk66pv64oq-de.a.run.app","serviceAccountEmail":"175735257281-compute@developer.gserviceaccount.com","availableMemory":"256Mi","allTrafficOnLatestRevision":true,"revision":"bumpcommentcountondelete-00002-bub","maxInstanceRequestConcurrency":80,"availableCpu":"1"},"eventTrigger":{"trigger":"projects/yapyap-a750c/locations/asia-east1/triggers/bumpcommentcountondelete-473047","triggerRegion":"asia-east1","eventType":"google.cloud.firestore.document.v1.deleted","eventFilters":[{"attribute":"database","value":"(default)"},{"attribute":"namespace","value":"(default)"},{"attribute":"document","value":"posts/{postId}/comments/{commentId}","operator":"match-path-pattern"}],"pubsubTopic":"projects/yapyap-a750c/topics/eventarc-asia-east1-bumpcommentcountondelete-473047-014","serviceAccountEmail":"175735257281-compute@developer.gserviceaccount.com","retryPolicy":"RETRY_POLICY_DO_NOT_RETRY"},"state":"ACTIVE","labels":{"deployment-tool":"cli-firebase","firebase-functions-hash":"0792cccb6a21bad3439ca30b7e741974848552c7"},"environment":"GEN_2","url":"https://asia-east1-yapyap-a750c.cloudfunctions.net/bumpCommentCountOnDelete","satisfiesPzi":true},"stages":[{"name":"BUILD","message":"Build in progress","state":"IN_PROGRESS","resource":"projects/175735257281/locations/asia-east1/builds/bbfa543a-0447-4b70-a1fd-d8dab243430a","resourceUri":"https://console.cloud.google.com/cloud-build/builds;region=asia-east1/bbfa543a-0447-4b70-a1fd-d8dab243430a?project=175735257281"},{"name":"SERVICE","state":"NOT_STARTED"},{"name":"TRIGGER","state":"NOT_STARTED"}],"operationType":"UPDATE_FUNCTION","buildName":"projects/175735257281/locations/asia-east1/builds/bbfa543a-0447-4b70-a1fd-d8dab243430a"},"done":false}
